SET session_replication_role = replica;

--
-- PostgreSQL database dump
--

-- Dumped from database version 15.8
-- Dumped by pg_dump version 15.8

SET statement_timeout = 0;
SET lock_timeout = 0;
SET idle_in_transaction_session_timeout = 0;
SET client_encoding = 'UTF8';
SET standard_conforming_strings = on;
SELECT pg_catalog.set_config('search_path', '', false);
SET check_function_bodies = false;
SET xmloption = content;
SET client_min_messages = warning;
SET row_security = off;

--
-- Data for Name: audit_log_entries; Type: TABLE DATA; Schema: auth; Owner: supabase_auth_admin
--



--
-- Data for Name: flow_state; Type: TABLE DATA; Schema: auth; Owner: supabase_auth_admin
--



--
-- Data for Name: users; Type: TABLE DATA; Schema: auth; Owner: supabase_auth_admin
--



--
-- Data for Name: identities; Type: TABLE DATA; Schema: auth; Owner: supabase_auth_admin
--



--
-- Data for Name: instances; Type: TABLE DATA; Schema: auth; Owner: supabase_auth_admin
--



--
-- Data for Name: sessions; Type: TABLE DATA; Schema: auth; Owner: supabase_auth_admin
--



--
-- Data for Name: mfa_amr_claims; Type: TABLE DATA; Schema: auth; Owner: supabase_auth_admin
--



--
-- Data for Name: mfa_factors; Type: TABLE DATA; Schema: auth; Owner: supabase_auth_admin
--



--
-- Data for Name: mfa_challenges; Type: TABLE DATA; Schema: auth; Owner: supabase_auth_admin
--



--
-- Data for Name: one_time_tokens; Type: TABLE DATA; Schema: auth; Owner: supabase_auth_admin
--



--
-- Data for Name: refresh_tokens; Type: TABLE DATA; Schema: auth; Owner: supabase_auth_admin
--



--
-- Data for Name: sso_providers; Type: TABLE DATA; Schema: auth; Owner: supabase_auth_admin
--



--
-- Data for Name: saml_providers; Type: TABLE DATA; Schema: auth; Owner: supabase_auth_admin
--



--
-- Data for Name: saml_relay_states; Type: TABLE DATA; Schema: auth; Owner: supabase_auth_admin
--



--
-- Data for Name: sso_domains; Type: TABLE DATA; Schema: auth; Owner: supabase_auth_admin
--



--
-- Data for Name: Addresses; Type: TABLE DATA; Schema: public; Owner: postgres
--

INSERT INTO "public"."Addresses" ("address_id", "created_at", "street", "city", "state_province", "zip_postal") VALUES
	(2, '2025-04-15 03:24:27.716952+00', '12 Winding Way, Belvidere, NJ, USA', 'Belvidere', 'New Jersey', '07823'),
	(20, '2025-05-22 15:46:53.925854+00', '13990 Mississauga Road, Cheltenham, ON, Canada', 'Cheltenham', 'Ontario', 'L7C 1W4'),
	(33, '2025-05-22 17:33:40.217678+00', '557 Walter Street, Lucknow, ON, Canada', 'Lucknow', 'Ontario', 'N0G 2H0'),
	(32, '2025-05-22 17:07:24.659652+00', '3310 Walnut Street, Alvinston, ON, Canada', 'Alvinston', 'Ontario', 'N0N 1A0'),
	(19, '2025-05-22 15:44:41.004155+00', '11 2nd St, Orangeville, ON, Canada', 'Orangeville', 'Ontario', 'L9W 2B6'),
	(34, '2025-05-22 18:15:43.974287+00', '35921 Talbot Line, Shedden, ON, Canada', 'Shedden', 'Ontario', 'N0L 2E0'),
	(47, '2025-05-23 14:20:04.548139+00', 'Timmermans'' Ranch and horse stables, Nixon Road, Simcoe, ON, Canada', 'Simcoe', 'Ontario', 'N3Y 4K6'),
	(38, '2025-05-22 18:56:00.064399+00', 'U.S. 51, Amite City, LA, USA', 'Amite City', 'Louisiana', ''),
	(31, '2025-05-22 16:53:34.965108+00', 'Porsche Experience Centre Toronto, Porsche Drive, Pickering, Ontario, Canada', 'Pickering', 'Ontario', 'L1W 0B9'),
	(30, '2025-05-22 16:47:09.110941+00', '702 South Commerce Street, Lockhart, TX, USA', 'Lockhart', 'Texas', '78644'),
	(44, '2025-05-22 19:26:46.922025+00', '409 Bell Rd, Rome, NY, USA', 'Rome', 'New York', '13440'),
	(5, '2025-05-01 14:34:00.427121+00', '7550 Shady Park Drive, Greenwell Springs, LA, USA', 'Central', 'Louisiana', '70739'),
	(70, '2025-06-13 20:03:51.320513+00', '300 Christopher Drive, Cambridge, ON, Canada', 'Cambridge', 'Ontario', 'N1P 1A1'),
	(7, '2025-05-22 14:22:01.312248+00', '2525 Alta Vista Drive, Ottawa, ON, Canada', 'Ottawa', 'Ontario', 'K1V 7T3'),
	(52, '2025-06-13 18:08:05.515135+00', '18297 Hurontario Street, Caledon Village, ON, Canada', 'Caledon Village', 'Ontario', 'L7K 0Y5'),
	(10, '2025-05-22 14:39:11.71734+00', '815 St. Laurent Blvd, Ottawa, ON, Canada', 'Ottawa', 'Ontario', 'K1K 3A7'),
	(11, '2025-05-22 14:48:26.539746+00', 'Osprey Community Arena, COUNTY RD, Singhampton, ON, Canada', 'Singhampton', 'Ontario', 'N0C 1M0'),
	(12, '2025-05-22 15:13:05.899218+00', '366117 U.S. 62, Boley, OK, USA', 'Boley', 'Oklahoma', '74829'),
	(13, '2025-05-22 15:16:35.93311+00', '3545 Lone Star Circle, Fort Worth, TX, USA', 'Fort Worth', 'Texas', '76177'),
	(14, '2025-05-22 15:18:25.910807+00', '2401 Destiny Way, Odessa, FL, USA', 'Odessa', 'Florida', '33556'),
	(15, '2025-05-22 15:21:17.500079+00', '2100 Richard Arrington Junior Boulevard North, Birmingham, AL, USA', 'Birmingham', 'Alabama', '35203'),
	(16, '2025-05-22 15:25:06.387204+00', '1311 Music Hall Road, Hiawassee, GA, USA', 'Hiawassee', 'Georgia', '30546'),
	(17, '2025-05-22 15:30:52.42863+00', '1225 Clearlake Rd, Cocoa, FL, USA', 'Cocoa', 'Florida', '32922'),
	(18, '2025-05-22 15:41:31.427593+00', '1802 Regional Rd 97, Puslinch, ON, Canada', 'Puslinch', 'Ontario', 'N1R 5S7'),
	(21, '2025-05-22 15:53:13.88233+00', '3001 Atlantic Avenue, Virginia Beach, VA, USA', 'Virginia Beach', 'Virginia', '23451'),
	(22, '2025-05-22 15:56:21.562519+00', '65 R Ranch Road, Dahlonega, GA, USA', 'Dahlonega', 'Georgia', '30533'),
	(23, '2025-05-22 15:58:30.839437+00', '1 Audrey Zapp Drive, Jersey City, NJ, USA', 'Jersey City', 'New Jersey', '07305'),
	(24, '2025-05-22 16:01:50.93833+00', '1100 Niagara Street, Welland, ON, Canada', 'Welland', 'Ontario', 'L3C 1M6'),
	(25, '2025-05-22 16:04:16.078804+00', '1258 Turkey Point Road, Simcoe, ON, Canada', 'Simcoe', 'Ontario', 'N3Y 4K1'),
	(26, '2025-05-22 16:07:29.669445+00', '231 Ian Macdonald Boulevard, North York, ON, Canada', 'Toronto', 'Ontario', 'M7A 2C5'),
	(28, '2025-05-22 16:14:05.434694+00', '292 Conestoga Drive, Brampton, ON, Canada', 'Brampton', 'Ontario', 'L6Z 3M1'),
	(29, '2025-05-22 16:36:49.513959+00', '545 North Albany Avenue, Atlantic City, NJ, USA', 'Atlantic City', 'New Jersey', '08401'),
	(36, '2025-05-22 18:46:55.040396+00', '250 Fort York Boulevard, Toronto, ON, Canada', 'Toronto', 'Ontario', 'M5V 1A9'),
	(37, '2025-05-22 18:52:20.482786+00', '7300 West Credit Avenue, Mississauga, ON, Canada', 'Mississauga', 'Ontario', 'L5N 5N1'),
	(39, '2025-05-22 19:04:15.067799+00', '100 Garrison Road, Toronto, ON, Canada', 'Toronto', 'Ontario', 'M5V 3K9'),
	(40, '2025-05-22 19:10:39.606124+00', '4235 New Street, Burlington, ON, Canada', 'Burlington', 'Ontario', 'L7L 1T2'),
	(42, '2025-05-22 19:21:07.042315+00', '9250 State Avenue, Kansas City, KS, USA', 'Kansas City', 'Kansas', '66112'),
	(43, '2025-05-22 19:24:14.485873+00', 'Waco Convention Center, 100 Washington Ave, Waco, TX, USA', 'Waco', 'Texas', '76701'),
	(46, '2025-05-22 19:36:58.01308+00', '11624 South Distribution Cove, Olive Branch, MS, USA', 'Olive Branch', 'Mississippi', '38654'),
	(48, '2025-06-04 17:03:16.274185+00', 'Will Rogers Memorial Center, West Lancaster Avenue, Fort Worth, TX, USA', 'Fort Worth', 'Texas', '76107'),
	(53, '2025-06-13 18:11:17.747694+00', 'Dallas Trailer Repair Co, Texas 356, Irving, TX, USA', 'Irving', 'Texas', '75060'),
	(41, '2025-05-22 19:14:15.515522+00', '7044 Chatham-Kent County Road 35, Pain Court, ON, Canada', '', 'Ontario', 'N0P 1Z0'),
	(45, '2025-05-22 19:30:23.427939+00', '139 Pine St E, Aylmer, ON, Canada', 'Aylmer', 'Ontario', 'N5H 1N5'),
	(27, '2025-05-22 16:11:34.087077+00', '129 Beech Street, Clinton, ON, Canada', 'Clinton', 'Ontario', 'N0M 1L0'),
	(55, '2025-06-13 18:39:29.162234+00', '84328 Lucknow Line, Dungannon, ON, Canada', 'Dungannon', 'Ontario', 'N0M 1R0'),
	(56, '2025-06-13 18:43:39.0536+00', '35 Nolan Rd, Whitesboro, TX, USA', 'Whitesboro', 'Texas', '76273'),
	(62, '2025-06-13 19:22:56.322751+00', '777 Seneca Allegany Blvd, Salamanca, NY, USA', 'Salamanca', 'New York', '14779'),
	(57, '2025-06-13 18:47:10.417786+00', '2 Galleria Pkwy SE, Atlanta, GA, USA', 'Atlanta', 'Georgia', '30339'),
	(58, '2025-06-13 18:57:44.54004+00', '875 Nellis Street, Woodstock, ON, Canada', 'Woodstock', 'Ontario', 'N4S 4C6'),
	(60, '2025-06-13 19:12:21.864589+00', '180 Tremaine Avenue South, Listowel, ON, Canada', 'Listowel', 'Ontario', 'N4W 2C9'),
	(63, '2025-06-13 19:35:02.611908+00', '215 Sydney Washer Rd, Dover, FL, USA', 'Dover', 'Florida', '33527'),
	(64, '2025-06-13 19:39:22.707841+00', '3601 Villa Rica Highway, Dallas, GA, USA', 'Dallas', 'Georgia', '30157'),
	(65, '2025-06-13 19:43:29.514357+00', '112 SW Ave C, Seminole, TX, USA', 'Seminole', 'Texas', '79360'),
	(66, '2025-06-13 19:49:21.768868+00', '2454 Nixon Rd, Simcoe, ON, Canada', 'Simcoe', 'Ontario', 'N3Y 4K6'),
	(67, '2025-06-13 19:54:02.354872+00', '268 Currie Street, Glencoe, ON, Canada', 'Glencoe', 'Ontario', 'N0L 1M0'),
	(68, '2025-06-13 19:57:00.791461+00', '1186 Prince St, Lansdowne, ON, Canada', '', 'Ontario', 'K0E 1L0'),
	(69, '2025-06-13 20:00:20.795302+00', '850 Princess Street, Mount Forest, ON, Canada', 'Mount Forest', 'Ontario', 'N0G 2L3'),
	(71, '2025-06-13 20:08:25.365845+00', 'Chiefswood Rd, Ohsweken, ON, Canada', 'Ohsweken', 'Ontario', ''),
	(72, '2025-06-13 20:14:12.498931+00', '462 Wilson Farm Rd, Calabogie, ON, Canada', 'Calabogie', 'Ontario', 'K0J 1H0'),
	(73, '2025-06-13 20:22:06.766052+00', '383 Belle River Rd E, South Woodslee, ON, Canada', 'South Woodslee', 'Ontario', 'N0R 1V0'),
	(76, '2025-06-16 19:04:18.054378+00', '22079 South White Sands Road, Ste. Genevieve, MO, USA', 'Ste. Genevieve', 'Missouri', '63670'),
	(75, '2025-06-16 19:02:37.824167+00', '460 West Hightower Trail, Conyers, GA, USA', 'Conyers', 'Georgia', '30012'),
	(77, '2025-06-16 19:08:33.260929+00', '5212 N Oakland Gravel Rd, Columbia, MO, USA', 'Columbia', 'Missouri', '65202'),
	(79, '2025-06-16 19:12:26.911417+00', '250 Jake Mintz Road, Gadsden, AL, USA', 'Gadsden', 'Alabama', '35905'),
	(61, '2025-06-13 19:15:11.132674+00', '180 Tremaine Avenue South, Listowel, ON, Canada', 'Listowel', 'Ontario', 'N4W 2C9'),
	(74, '2025-06-13 20:25:21.984203+00', '900 East Market Street, San Antonio, TX, USA', 'San Antonio', 'Texas', '78205'),
	(78, '2025-06-16 19:10:32.514856+00', '19477 Fairground Rd, Robertsdale, AL, USA', 'Robertsdale', 'Alabama', '36567');


--
-- Data for Name: HomeBases; Type: TABLE DATA; Schema: public; Owner: postgres
--

INSERT INTO "public"."HomeBases" ("home_base_id", "created_at", "home_base_name") VALUES
	(1, '2025-04-15 03:15:10.124023+00', 'Florida'),
	(2, '2025-04-15 03:15:18.721663+00', 'Georgia'),
	(3, '2025-04-15 03:15:27.327178+00', 'Texas'),
	(4, '2025-04-15 03:15:35.664421+00', 'Oklahoma'),
	(5, '2025-04-15 03:15:46.090151+00', 'Ontario'),
	(6, '2025-04-30 14:50:11.974349+00', 'Wisconsin'),
	(7, '2025-04-30 14:50:27.499893+00', 'Louisiana'),
	(8, '2025-04-30 14:58:27.789355+00', 'Arizona'),
	(9, '2025-06-04 02:06:20.625603+00', 'New York'),
	(10, '2025-06-04 02:08:08.307478+00', 'Mississippi'),
	(11, '2025-06-04 02:08:27.501917+00', 'New Jersey'),
	(12, '2025-06-04 02:09:01.684404+00', 'Virginia'),
	(13, '2025-06-16 14:42:48.604887+00', 'Missouri'),
	(14, '2025-06-16 14:51:01.07885+00', 'Alabama');


--
-- Data for Name: Bleachers; Type: TABLE DATA; Schema: public; Owner: postgres
--

INSERT INTO "public"."Bleachers" ("bleacher_id", "created_at", "bleacher_number", "home_base_id", "winter_home_base_id", "bleacher_rows", "bleacher_seats", "created_by", "updated_at", "updated_by") VALUES
	(1, '2025-04-15 03:16:44.907213+00', 1, 1, 5, 10, 300, NULL, NULL, NULL),
	(2, '2025-04-28 15:09:32.118054+00', 2, 5, 5, 15, 450, NULL, NULL, NULL),
	(3, '2025-04-28 18:09:17.727234+00', 3, 5, 5, 15, 450, NULL, NULL, NULL),
	(4, '2025-04-29 13:49:51.724322+00', 4, 3, 3, 10, 260, NULL, NULL, NULL),
	(5, '2025-04-29 13:50:35.310087+00', 5, 5, 5, 10, 300, NULL, NULL, NULL),
	(8, '2025-04-30 14:39:24.710786+00', 7, 5, 5, 10, 240, NULL, NULL, NULL),
	(9, '2025-04-30 14:40:38.163055+00', 8, 5, 5, 10, 240, NULL, NULL, NULL),
	(10, '2025-04-30 14:41:34.547139+00', 9, 5, 5, 15, 450, NULL, NULL, NULL),
	(11, '2025-04-30 14:42:08.371224+00', 10, 5, 5, 15, 450, NULL, NULL, NULL),
	(12, '2025-04-30 14:44:51.826568+00', 11, 4, 4, 15, 450, NULL, NULL, NULL),
	(13, '2025-04-30 14:45:34.866947+00', 12, 2, 2, 10, 300, NULL, NULL, NULL),
	(14, '2025-04-30 14:46:01.21991+00', 13, 2, 2, 10, 300, NULL, NULL, NULL),
	(15, '2025-04-30 15:01:28.762251+00', 14, 8, 8, 10, 260, NULL, NULL, NULL),
	(16, '2025-04-30 15:01:49.991194+00', 15, 8, 8, 10, 260, NULL, NULL, NULL),
	(17, '2025-04-30 15:07:05.562893+00', 16, 3, 3, 10, 300, NULL, NULL, NULL),
	(18, '2025-04-30 15:07:29.493219+00', 17, 3, 3, 10, 300, NULL, NULL, NULL),
	(19, '2025-04-30 15:10:06.251383+00', 18, 7, 1, 10, 300, NULL, NULL, NULL),
	(20, '2025-04-30 15:10:25.490681+00', 19, 1, 1, 10, 300, NULL, NULL, NULL),
	(21, '2025-04-30 15:12:19.534018+00', 20, 3, 3, 10, 300, NULL, NULL, NULL),
	(22, '2025-04-30 15:13:18.488821+00', 21, 1, 1, 7, 120, NULL, NULL, NULL),
	(23, '2025-04-30 18:54:52.387162+00', 22, 1, 1, 7, 120, NULL, NULL, NULL),
	(24, '2025-04-30 18:55:03.950811+00', 23, 1, 1, 7, 120, NULL, NULL, NULL),
	(25, '2025-04-30 19:07:37.193627+00', 24, 1, 1, 9, 180, NULL, NULL, NULL),
	(26, '2025-04-30 19:08:05.463917+00', 25, 5, 5, 15, 450, NULL, NULL, NULL),
	(27, '2025-04-30 19:08:50.117187+00', 26, 4, 8, 15, 450, NULL, NULL, NULL),
	(28, '2025-04-30 19:09:17.449164+00', 27, 2, 1, 15, 450, NULL, NULL, NULL),
	(29, '2025-04-30 20:44:36.100772+00', 28, 7, 1, 10, 300, NULL, NULL, NULL),
	(30, '2025-04-30 20:45:55.193303+00', 29, 3, 3, 9, 180, NULL, NULL, NULL),
	(31, '2025-04-30 20:46:17.060882+00', 30, 1, 1, 10, 260, NULL, NULL, NULL),
	(32, '2025-04-30 20:46:55.577548+00', 31, 1, 1, 7, 120, NULL, NULL, NULL),
	(33, '2025-04-30 20:47:26.149253+00', 32, 3, 3, 10, 300, NULL, NULL, NULL),
	(34, '2025-04-30 20:47:56.557177+00', 33, 3, 3, 10, 300, NULL, NULL, NULL),
	(35, '2025-04-30 20:48:17.116886+00', 34, 3, 3, 15, 450, NULL, NULL, NULL),
	(36, '2025-04-30 20:51:23.440585+00', 35, 2, 1, 15, 450, NULL, NULL, NULL),
	(37, '2025-04-30 20:51:43.692128+00', 36, 2, 1, 10, 260, NULL, NULL, NULL),
	(38, '2025-04-30 20:51:57.455375+00', 37, 2, 1, 10, 300, NULL, NULL, NULL),
	(39, '2025-04-30 20:53:29.140164+00', 38, 1, 1, 10, 260, NULL, NULL, NULL),
	(40, '2025-04-30 20:53:46.876798+00', 39, 3, 3, 10, 300, NULL, NULL, NULL),
	(41, '2025-04-30 20:54:09.061189+00', 40, 2, 1, 10, 260, NULL, NULL, NULL),
	(42, '2025-04-30 20:54:44.606117+00', 41, 4, 1, 10, 300, NULL, NULL, NULL),
	(43, '2025-04-30 20:55:10.705453+00', 42, 5, 5, 7, 96, NULL, NULL, NULL),
	(44, '2025-04-30 20:55:38.268434+00', 43, 5, 5, 15, 450, NULL, NULL, NULL),
	(45, '2025-04-30 20:56:11.814795+00', 44, 5, 1, 15, 450, NULL, NULL, NULL),
	(46, '2025-04-30 20:56:31.729997+00', 45, 5, 5, 8, 123, NULL, NULL, NULL),
	(47, '2025-04-30 20:56:56.539754+00', 46, 5, 5, 10, 300, NULL, NULL, NULL),
	(48, '2025-04-30 20:57:29.047995+00', 47, 5, 5, 10, 300, NULL, NULL, NULL),
	(49, '2025-04-30 20:57:56.557532+00', 48, 5, 5, 10, 300, NULL, NULL, NULL),
	(51, '2025-04-30 20:58:33.807909+00', 50, 1, 1, 15, 450, NULL, NULL, NULL),
	(50, '2025-04-30 20:58:13.84182+00', 49, 5, 5, 10, 300, NULL, NULL, NULL),
	(52, '2025-05-01 13:54:18.833542+00', 51, 3, 3, 15, 450, NULL, NULL, NULL),
	(53, '2025-05-01 13:54:39.97021+00', 52, 5, 5, 10, 300, NULL, NULL, NULL),
	(54, '2025-05-01 13:54:59.423331+00', 53, 1, 1, 7, 120, NULL, NULL, NULL),
	(55, '2025-05-01 13:55:31.979873+00', 54, 5, 5, 15, 450, NULL, NULL, NULL),
	(56, '2025-05-01 13:56:16.209189+00', 55, 5, 1, 15, 450, NULL, NULL, NULL),
	(57, '2025-05-01 13:56:37.530651+00', 56, 5, 5, 15, 450, NULL, NULL, NULL),
	(58, '2025-05-01 13:57:28.411383+00', 57, 3, 1, 15, 450, NULL, NULL, NULL),
	(59, '2025-05-01 13:58:20.360028+00', 58, 5, 5, 15, 450, NULL, NULL, NULL),
	(60, '2025-05-01 14:01:07.857093+00', 59, 3, 1, 15, 450, NULL, NULL, NULL),
	(61, '2025-05-01 14:03:19.163612+00', 60, 3, 3, 15, 450, NULL, NULL, NULL),
	(62, '2025-05-01 14:03:43.927261+00', 61, 1, 1, 15, 450, NULL, NULL, NULL),
	(63, '2025-05-01 14:04:04.672591+00', 62, 1, 1, 7, 100, NULL, NULL, NULL),
	(65, '2025-05-01 14:05:47.591039+00', 63, 5, 5, 7, 200, NULL, NULL, NULL),
	(66, '2025-05-01 14:06:04.622231+00', 64, 5, 5, 7, 200, NULL, NULL, NULL),
	(67, '2025-05-01 14:06:24.875897+00', 65, 5, 1, 15, 450, NULL, NULL, NULL),
	(68, '2025-05-01 14:07:14.829734+00', 66, 5, 1, 15, 450, NULL, NULL, NULL),
	(69, '2025-05-01 14:07:36.907401+00', 67, 5, 1, 15, 450, NULL, NULL, NULL),
	(70, '2025-05-01 14:07:51.229179+00', 68, 5, 1, 15, 450, NULL, NULL, NULL),
	(71, '2025-05-01 14:08:23.550716+00', 69, 1, 1, 15, 450, NULL, NULL, NULL),
	(72, '2025-05-01 14:08:40.210892+00', 70, 3, 3, 15, 450, NULL, NULL, NULL),
	(73, '2025-05-01 14:10:11.130347+00', 71, 5, 5, 7, 100, NULL, NULL, NULL),
	(74, '2025-05-01 14:10:26.242999+00', 72, 5, 5, 7, 100, NULL, NULL, NULL),
	(75, '2025-05-01 14:11:06.958737+00', 73, 5, 5, 7, 100, NULL, NULL, NULL),
	(76, '2025-05-01 14:11:23.337227+00', 74, 5, 5, 7, 100, NULL, NULL, NULL),
	(77, '2025-05-01 14:12:21.310939+00', 75, 5, 5, 7, 150, NULL, NULL, NULL),
	(78, '2025-05-01 14:12:41.374311+00', 76, 5, 5, 10, 140, NULL, NULL, NULL),
	(79, '2025-05-01 14:13:02.079264+00', 77, 5, 5, 10, 285, NULL, NULL, NULL),
	(80, '2025-05-01 14:14:59.848998+00', 78, 5, 5, 10, 285, NULL, NULL, NULL),
	(81, '2025-05-01 14:16:23.870556+00', 79, 5, 5, 7, 150, NULL, NULL, NULL),
	(82, '2025-05-01 14:16:41.280285+00', 80, 3, 3, 7, 100, NULL, NULL, NULL),
	(83, '2025-05-01 14:16:55.775471+00', 81, 3, 3, 7, 100, NULL, NULL, NULL),
	(84, '2025-05-01 14:17:12.538174+00', 82, 5, 5, 10, 285, NULL, NULL, NULL),
	(85, '2025-05-01 14:17:29.675475+00', 83, 5, 5, 10, 285, NULL, NULL, NULL),
	(86, '2025-05-01 14:18:09.186555+00', 84, 5, 5, 10, 285, NULL, NULL, NULL),
	(88, '2025-05-01 14:18:44.935996+00', 85, 5, 5, 10, 285, NULL, NULL, NULL),
	(89, '2025-05-01 14:19:23.84754+00', 86, 5, 5, 10, 285, NULL, NULL, NULL),
	(90, '2025-05-01 14:19:43.602069+00', 87, 5, 5, 10, 285, NULL, NULL, NULL),
	(91, '2025-05-01 14:20:05.495826+00', 88, 5, 5, 10, 285, NULL, NULL, NULL),
	(92, '2025-05-01 14:20:21.873513+00', 89, 5, 5, 10, 285, NULL, NULL, NULL),
	(93, '2025-05-01 14:20:45.528168+00', 90, 5, 5, 15, 450, NULL, NULL, NULL),
	(94, '2025-05-01 14:21:26.505798+00', 91, 7, 4, 15, 450, NULL, NULL, NULL),
	(95, '2025-06-16 19:25:04.993902+00', 92, 3, 3, 7, 108, NULL, NULL, NULL),
	(96, '2025-06-16 19:25:24.557747+00', 93, 3, 3, 7, 108, NULL, NULL, NULL),
	(97, '2025-06-18 19:11:38.218696+00', 401, 5, 5, 4, 20, NULL, NULL, NULL);


--
-- Data for Name: Events; Type: TABLE DATA; Schema: public; Owner: postgres
--

INSERT INTO "public"."Events" ("event_id", "created_at", "event_name", "setup_start", "event_start", "event_end", "teardown_end", "address_id", "total_seats", "seven_row", "ten_row", "fifteen_row", "lenient", "booked", "notes", "must_be_clean", "hsl_hue") VALUES
	(20, '2025-05-22 15:46:54.002487+00', 'ON-Catherine Richard-Pow Wow', '2025-05-29', '2025-05-30', '2025-05-31', '2025-06-01', 20, 0, 0, 2, 0, false, true, '', false, 88),
	(48, '2025-06-04 17:03:16.473535+00', 'TX - Fort Worth - APHA 2025 Event', NULL, '2025-06-16', '2025-07-07', NULL, 48, 0, 0, 2, 0, false, true, '', false, 235),
	(41, '2025-05-22 19:14:15.593152+00', 'ON- Pain Court- Tractor Pull 2025', '2025-06-19', '2025-06-20', '2025-06-22', '2025-06-23', 41, 0, 0, 0, 6, false, true, '', false, 270),
	(45, '2025-05-22 19:30:23.49631+00', 'ON-Aylmer- Tractor Pull 2025', '2025-06-26', '2025-06-27', '2025-06-29', '2025-06-30', 45, 0, 0, 1, 3, false, true, 'Test', false, 13),
	(19, '2025-05-22 15:44:41.077977+00', 'ON-Orangeville Blues & Jazz Fest 2025', '2025-05-29', '2025-05-30', '2025-06-01', '2025-06-02', 19, 0, 0, 1, 0, false, true, '', false, 199),
	(55, '2025-06-13 18:39:29.257606+00', 'ON-Dungannon Pro Rodeo 2025', '2025-07-03', '2025-07-04', '2025-07-06', '2025-07-07', 55, 0, 0, 0, 3, false, true, '', false, 293),
	(27, '2025-05-22 16:11:34.157863+00', 'ON-Clinton- Fair ', '2025-06-05', '2025-06-06', '2025-06-08', '2025-06-09', 27, 0, 0, 1, 3, false, true, '', false, 344),
	(31, '2025-05-22 16:53:35.023152+00', 'ON-Toronto- Porsche Experience Grand Opening ', '2025-06-09', '2025-06-10', '2025-06-10', NULL, 31, 0, 3, 0, 0, false, true, '', false, 151),
	(30, '2025-05-22 16:47:09.19041+00', 'TX-Lockhart- Chisholm Trail Rodeo 2025', '2025-06-10', '2025-06-11', '2025-06-14', '2025-06-15', 30, 0, 0, 0, 6, false, true, '', false, 298),
	(5, '2025-05-01 14:34:00.58478+00', 'LA-Baton Rogue-Rodeo 2025', '2025-05-01', '2025-05-02', '2025-05-04', '2025-05-05', 5, 0, 1, 0, 3, false, true, '9 Row', false, 141),
	(7, '2025-05-22 14:22:01.444603+00', 'ON-Ottawa-St Patricks School', NULL, '2025-05-23', '2025-05-23', NULL, 7, 0, 0, 1, 0, false, false, '', false, 309),
	(56, '2025-06-13 18:43:39.144389+00', 'TX-Whitesboro- WRC Annual 4th', '2025-07-02', '2025-07-03', '2025-07-06', '2025-07-07', 56, 0, 0, 0, 2, false, true, '', false, 304),
	(10, '2025-05-22 14:39:11.797308+00', 'ON-Ottawa- 46th Annual Pow-Wow', NULL, '2025-05-24', '2025-05-25', NULL, 10, 0, 0, 2, 0, false, true, '', false, 264),
	(11, '2025-05-22 14:48:26.642751+00', 'ON-Grey Highlands Rodeo 2025', '2025-05-22', '2025-05-23', '2025-05-26', NULL, 11, 0, 0, 0, 3, false, true, '', false, 355),
	(12, '2025-05-22 15:13:06.023698+00', 'OK- Boley- Boley Rodeo 2025', '2025-05-22', '2025-05-23', '2025-05-24', '2025-05-25', 12, 0, 0, 0, 4, false, true, '', false, 180),
	(13, '2025-05-22 15:16:36.008553+00', 'TX-Fort Worth-May 2025 Event ', '2025-05-21', '2025-05-22', '2025-05-25', '2025-05-26', 13, 0, 0, 3, 1, false, true, '', false, 106),
	(14, '2025-05-22 15:18:25.979062+00', 'FL-Odessa- Seal N Lock Event ', '2025-05-22', '2025-05-23', '2025-05-23', '2025-05-24', 14, 0, 0, 1, 0, false, true, '', false, 241),
	(15, '2025-05-22 15:21:17.572515+00', 'AL-Birmingham- USA Judo Senior Nationals ', '2025-05-20', '2025-05-21', '2025-05-24', '2025-05-25', 15, 0, 0, 0, 2, false, true, '', false, 332),
	(16, '2025-05-22 15:25:06.468487+00', 'GA- Hiawassee- SRC Rodeo (2nd May Event)', '2025-05-23', '2025-05-24', '2025-05-25', '2025-05-26', 16, 0, 0, 0, 2, false, true, '', false, 287),
	(17, '2025-05-22 15:30:52.541753+00', 'FL-Cocoa- Graduation ', '2025-05-26', '2025-05-27', '2025-05-27', '2025-05-28', 17, 0, 0, 2, 0, false, true, '', false, 18),
	(18, '2025-05-22 15:41:31.556056+00', 'ON-Woodbridge- Rodeo', '2025-05-29', '2025-05-30', '2025-06-01', '2025-06-02', 18, 0, 0, 1, 0, false, true, '', false, 161),
	(21, '2025-05-22 15:53:13.957772+00', 'VA-Virginia Beach- PPR Oceanfront', '2025-06-02', '2025-06-03', '2025-06-30', '2025-07-01', 21, 0, 0, 2, 0, false, true, '', false, 124),
	(22, '2025-05-22 15:56:21.631975+00', 'GA-Dahlonega-R Ranch 2035', '2025-06-05', '2025-06-06', '2025-06-07', '2025-06-08', 22, 0, 0, 0, 4, false, true, '', false, 230),
	(23, '2025-05-22 15:58:30.900414+00', 'NJ- Liberty State Park- Redpeg Event ', '2025-06-04', '2025-06-05', '2025-06-08', '2025-06-09', 23, 0, 2, 0, 0, false, true, '', false, 253),
	(24, '2025-05-22 16:01:51.035336+00', 'ON-Niagara Regional Agricultural Society- 2025', '2025-06-05', '2025-06-06', '2025-06-08', '2025-06-09', 24, 0, 0, 3, 0, false, true, '', false, 276),
	(25, '2025-05-22 16:04:16.149228+00', 'ON-Donnybrook- Tractor Pull ', '2025-06-05', '2025-06-06', '2025-06-07', '2025-06-08', 25, 0, 0, 0, 2, false, true, '', false, 321),
	(26, '2025-05-22 16:07:29.753088+00', 'ON-Toronto- Track & Field Championships', '2025-06-04', '2025-06-05', '2025-06-07', '2025-06-08', 26, 0, 0, 1, 0, false, true, '', false, 344),
	(28, '2025-05-22 16:14:05.50705+00', 'ON-Brampton-Cycling Event 2025', '2025-06-06', '2025-06-07', '2025-06-07', '2025-06-08', 28, 0, 0, 2, 0, false, true, '', false, 7),
	(29, '2025-05-22 16:36:49.645431+00', 'NJ-Atlantic City- Truck Meet ', '2025-06-05', '2025-06-06', '2025-06-07', '2025-06-08', 29, 0, 0, 0, 1, false, true, '', false, 29),
	(36, '2025-05-22 18:46:55.134196+00', 'ON-Toronto-Dance Performance ', '2025-06-11', '2025-06-12', '2025-06-15', '2025-06-16', 36, 0, 1, 0, 0, false, true, '', false, 97),
	(37, '2025-05-22 18:52:20.552279+00', 'ON-Mississauga- Neil Darragh Event ', '2025-06-12', '2025-06-13', '2025-06-19', '2025-06-20', 37, 0, 1, 0, 0, false, true, '', false, 115),
	(39, '2025-05-22 19:04:15.180735+00', 'ON-Toronto-Na Na Me Res Pow Wow ', '2025-06-18', '2025-06-19', '2025-06-22', '2025-06-23', 39, 0, 2, 0, 0, false, true, '', false, 224),
	(40, '2025-05-22 19:10:39.697414+00', 'ON-Burlington-Devil Rays Aquatics', '2025-06-19', '2025-06-20', '2025-06-22', '2025-06-23', 40, 0, 1, 0, 0, false, true, 'VIP 8 ', false, 247),
	(42, '2025-05-22 19:21:07.190254+00', 'KS- Kansas City- Mass Plastic ', '2025-06-23', '2025-06-24', '2025-06-26', '2025-06-27', 42, 0, 0, 1, 0, false, true, '', false, 315),
	(43, '2025-05-22 19:24:14.541947+00', 'TX-Waco-2025 USA Gymnastics for All GymFest', '2025-06-24', '2025-06-25', '2025-06-28', '2025-06-29', 43, 0, 0, 0, 3, false, true, '', false, 338),
	(46, '2025-05-22 19:36:58.092627+00', 'MS-Olive Branch- Milwaukee Tool Culture Meeting ', '2025-05-29', '2025-05-30', '2025-06-02', '2025-06-03', 46, 0, 0, 1, 0, false, true, '', false, 13),
	(57, '2025-06-13 18:47:10.513058+00', 'GA- Atlanta- MLB All Star Village', '2025-07-05', '2025-07-06', '2025-07-16', '2025-07-17', 57, 0, 0, 1, 0, false, true, '', false, 142),
	(38, '2025-05-22 18:56:00.160585+00', 'LA-Amite-Tangipahoa Parish Pro Rodeo 2025', '2025-06-12', '2025-06-13', '2025-06-14', '2025-06-15', 38, 0, 0, 2, 1, false, true, 'Bobby is setting up his own bleachers for this event and he will tear them down after the event.', false, 133),
	(44, '2025-05-22 19:26:46.992093+00', 'NY-Rome- Graduation', '2025-06-25', '2025-06-26', '2025-06-29', '2025-06-30', 44, 0, 0, 0, 6, false, true, '', false, 1),
	(47, '2025-05-23 14:20:04.635723+00', 'Test Event', '2025-05-27', '2025-05-30', '2025-06-02', NULL, 47, 3000, 0, 2, 2, false, false, 'they are willing to swap 15 rows for 10 rows ', false, 24),
	(33, '2025-05-22 17:33:40.326269+00', 'ON-Lucknow Tractor Pull 2025', '2025-06-10', '2025-06-13', '2025-06-15', '2025-06-16', 33, 0, 0, 7, 5, false, true, '', false, 190),
	(32, '2025-05-22 17:07:24.730312+00', 'ON-Alvinston-2025 Rodeo ', '2025-06-12', '2025-06-13', '2025-06-15', '2025-06-16', 32, 0, 0, 1, 5, false, true, '', false, 171),
	(34, '2025-05-22 18:15:44.095805+00', 'ON-Shedden- Keystone Complex 2025 Tractor Pull', '2025-06-12', '2025-06-13', '2025-06-15', '2025-06-16', 34, 0, 0, 2, 3, false, true, '', false, 209),
	(52, '2025-06-13 18:08:05.618509+00', 'ON- Caledon Fair 2025', '2025-06-12', '2025-06-13', '2025-06-15', '2025-06-16', 52, 0, 0, 3, 0, false, true, '', false, 79),
	(53, '2025-06-13 18:11:17.864452+00', 'Maintenance', NULL, '2025-06-16', '2025-07-02', NULL, 53, 0, 0, 0, 1, false, true, '', false, 282),
	(58, '2025-06-13 18:57:44.657366+00', 'ON-Woodstock- Bulls and Bikes 2025', '2025-07-10', '2025-07-11', '2025-07-13', '2025-07-14', 58, 0, 0, 0, 2, false, true, '', false, 327),
	(60, '2025-06-13 19:12:21.944653+00', 'ON-Listowell Fair 2025', '2025-07-12', '2025-07-18', '2025-07-20', '2025-07-21', 60, 0, 0, 0, 2, false, true, '', false, 350),
	(62, '2025-06-13 19:22:56.413138+00', 'NY-Salamanca-MJC Veterans Pow Wow ', '2025-07-15', '2025-07-16', '2025-07-20', '2025-07-21', 62, 0, 7, 0, 0, false, true, '', false, 166),
	(63, '2025-06-13 19:35:02.74381+00', 'FL-Dover-Hillsborough', '2025-07-17', '2025-07-18', '2025-07-19', '2025-07-20', 63, 0, 0, 6, 3, false, true, '1 x 9 Row ', false, 185),
	(64, '2025-06-13 19:39:22.820123+00', 'GA-Carrollton- SRC Rodeo', '2025-07-17', '2025-07-18', '2025-07-19', '2025-07-20', 64, 0, 0, 0, 2, false, true, '', false, 204),
	(65, '2025-06-13 19:43:29.636097+00', 'TX-Seminole-Jenkins Rodeo', '2025-07-17', '2025-07-18', '2025-07-20', '2025-07-21', 65, 0, 0, 0, 2, false, true, '', false, 75),
	(66, '2025-06-13 19:49:21.90852+00', 'ON-Norfolk Pro Rodeo ', '2025-07-16', '2025-07-17', '2025-07-20', '2025-07-21', 66, 0, 2, 1, 7, false, true, '8 Row ', false, 217),
	(67, '2025-06-13 19:54:02.473021+00', 'ON-GLencoe Tractor Pull 2025', '2025-07-17', '2025-07-18', '2025-07-19', '2025-07-20', 67, 0, 0, 0, 2, false, true, '', false, 84),
	(68, '2025-06-13 19:57:00.880843+00', 'ON-Lansdowne-Lansdowne Fair', '2025-07-15', '2025-07-16', '2025-07-20', '2025-07-21', 68, 0, 0, 2, 0, false, true, '', false, 93),
	(69, '2025-06-13 20:00:20.887872+00', 'ON-Mount Forest Fireworks', '2025-07-17', '2025-07-18', '2025-07-20', '2025-07-21', 69, 0, 0, 1, 2, false, true, '', false, 102),
	(70, '2025-06-13 20:03:51.435482+00', 'ON-Cambridge-Cambridge Scottish Festival', '2025-07-17', '2025-07-18', '2025-07-20', '2025-07-21', 70, 0, 0, 2, 0, false, true, '', false, 111),
	(71, '2025-06-13 20:08:25.487881+00', 'ON-Grand River Pow Wow 2025', '2025-07-24', '2025-07-25', '2025-07-27', '2025-07-28', 71, 0, 0, 2, 4, false, true, '', false, 178),
	(72, '2025-06-13 20:14:12.615415+00', 'ON-Calabogie Motorsports Park- 2025 Events ', '2025-07-24', '2025-07-25', '2025-07-27', '2025-07-28', 72, 0, 2, 6, 4, false, true, '', false, 241),
	(73, '2025-06-13 20:22:06.847394+00', 'ON-Kingsville- Kingsville Pro Rodeo 2025', '2025-07-24', '2025-07-25', '2025-07-27', '2025-07-28', 73, 0, 0, 0, 8, false, true, '', false, 120),
	(76, '2025-06-16 19:04:18.123074+00', 'MO- Ste. Genevieve- County Fair 2025', '2025-07-10', '2025-07-11', '2025-07-13', '2025-07-14', 76, 0, 0, 1, 0, false, true, '', false, 138),
	(61, '2025-06-13 19:15:11.219887+00', 'ON-Listowell Fair 2025', '2025-07-17', '2025-07-18', '2025-07-20', '2025-07-21', 61, 0, 0, 0, 2, false, true, '', false, 156),
	(74, '2025-06-13 20:25:22.116467+00', 'TX- San Antonio- Texas Band Masters 2025', '2025-07-23', '2025-07-24', '2025-07-25', '2025-07-26', 74, 0, 0, 0, 2, false, true, '', false, 310),
	(75, '2025-06-16 19:02:37.93168+00', 'GA-Conyers- Rancho 2025', '2025-07-11', '2025-07-12', '2025-07-12', '2025-07-13', 75, 0, 0, 2, 0, false, true, '', false, 129),
	(77, '2025-06-16 19:08:33.342349+00', 'MO-Columbia- Boone County Fair 2025', '2025-07-15', '2025-07-16', '2025-07-19', '2025-07-20', 77, 0, 0, 0, 2, false, true, '', false, 147),
	(79, '2025-06-16 19:12:27.022113+00', 'AL- Gadsden- P21 Rodeo', '2025-07-29', '2025-07-30', '2025-08-02', '2025-08-03', 79, 0, 0, 4, 0, false, true, '', false, 265),
	(78, '2025-06-16 19:10:32.626664+00', 'AL-Robertsdale- Jennifer Moore Foundation Rodeo 2025', '2025-07-30', '2025-07-31', '2025-08-02', '2025-08-03', 78, 0, 0, 0, 4, false, true, '', false, 19);


--
-- Data for Name: BleacherEvents; Type: TABLE DATA; Schema: public; Owner: postgres
--

INSERT INTO "public"."BleacherEvents" ("bleacher_event_id", "created_at", "bleacher_id", "event_id") VALUES
	(366, '2025-06-13 17:09:22.689962+00', 10, 32),
	(367, '2025-06-13 17:09:22.689962+00', 67, 32),
	(368, '2025-06-13 17:09:22.689962+00', 70, 32),
	(369, '2025-06-13 17:09:22.689962+00', 93, 32),
	(370, '2025-06-13 17:09:22.689962+00', 69, 32),
	(371, '2025-06-13 17:09:22.689962+00', 89, 32),
	(372, '2025-06-13 17:09:22.689962+00', 79, 32),
	(378, '2025-06-13 18:08:05.728276+00', 91, 52),
	(379, '2025-06-13 18:08:05.728276+00', 92, 52),
	(380, '2025-06-13 18:08:05.728276+00', 50, 52),
	(382, '2025-06-13 18:21:37.953655+00', 56, 41),
	(383, '2025-06-13 18:21:37.953655+00', 67, 41),
	(384, '2025-06-13 18:21:37.953655+00', 68, 41),
	(385, '2025-06-13 18:21:37.953655+00', 69, 41),
	(386, '2025-06-13 18:21:37.953655+00', 70, 41),
	(387, '2025-06-13 18:21:37.953655+00', 93, 41),
	(392, '2025-06-13 18:39:29.357014+00', 55, 55),
	(393, '2025-06-13 18:39:29.357014+00', 56, 55),
	(394, '2025-06-13 18:39:29.357014+00', 93, 55),
	(20, '2025-05-08 12:58:04.006713+00', 94, 5),
	(21, '2025-05-08 12:58:04.006713+00', 52, 5),
	(22, '2025-05-08 12:58:04.006713+00', 55, 5),
	(23, '2025-05-08 12:58:04.006713+00', 30, 5),
	(25, '2025-05-22 14:22:01.535541+00', 53, 7),
	(295, '2025-05-27 21:32:39.133724+00', 5, 47),
	(296, '2025-05-27 21:32:39.133724+00', 8, 47),
	(297, '2025-05-27 21:32:39.133724+00', 45, 47),
	(30, '2025-05-22 14:39:35.59668+00', 48, 10),
	(31, '2025-05-22 14:39:35.59668+00', 53, 10),
	(32, '2025-05-22 14:48:26.722702+00', 55, 11),
	(33, '2025-05-22 14:48:26.722702+00', 57, 11),
	(34, '2025-05-22 14:48:26.722702+00', 59, 11),
	(35, '2025-05-22 15:13:06.152882+00', 27, 12),
	(36, '2025-05-22 15:13:06.152882+00', 35, 12),
	(37, '2025-05-22 15:13:06.152882+00', 52, 12),
	(38, '2025-05-22 15:13:06.152882+00', 61, 12),
	(39, '2025-05-22 15:16:36.075366+00', 33, 13),
	(40, '2025-05-22 15:16:36.075366+00', 34, 13),
	(41, '2025-05-22 15:16:36.075366+00', 40, 13),
	(42, '2025-05-22 15:16:36.075366+00', 60, 13),
	(43, '2025-05-22 15:18:26.044799+00', 39, 14),
	(44, '2025-05-22 15:21:17.686246+00', 67, 15),
	(45, '2025-05-22 15:21:17.686246+00', 70, 15),
	(46, '2025-05-22 15:25:06.553914+00', 68, 16),
	(47, '2025-05-22 15:25:06.553914+00', 69, 16),
	(48, '2025-05-22 15:30:52.606829+00', 39, 17),
	(49, '2025-05-22 15:30:52.606829+00', 31, 17),
	(50, '2025-05-22 15:41:31.683478+00', 50, 18),
	(51, '2025-05-22 15:41:31.683478+00', 80, 18),
	(298, '2025-05-27 21:32:39.133724+00', 44, 47),
	(299, '2025-06-03 00:10:24.391475+00', 19, 38),
	(300, '2025-06-03 00:10:24.391475+00', 29, 38),
	(55, '2025-05-22 15:53:14.040973+00', 14, 21),
	(56, '2025-05-22 15:53:14.040973+00', 1, 21),
	(57, '2025-05-22 15:56:21.702792+00', 28, 22),
	(58, '2025-05-22 15:56:21.702792+00', 36, 22),
	(59, '2025-05-22 15:56:21.702792+00', 68, 22),
	(60, '2025-05-22 15:56:21.702792+00', 69, 22),
	(61, '2025-05-22 15:58:30.989676+00', 73, 23),
	(62, '2025-05-22 15:58:30.989676+00', 75, 23),
	(63, '2025-05-22 16:01:51.129653+00', 5, 24),
	(64, '2025-05-22 16:01:51.129653+00', 84, 24),
	(65, '2025-05-22 16:01:51.129653+00', 85, 24),
	(66, '2025-05-22 16:04:16.226267+00', 93, 25),
	(67, '2025-05-22 16:04:16.226267+00', 10, 25),
	(68, '2025-05-22 16:07:29.8289+00', 50, 26),
	(399, '2025-06-13 18:57:44.748603+00', 10, 58),
	(400, '2025-06-13 18:57:44.748603+00', 11, 58),
	(72, '2025-05-22 16:14:05.577148+00', 79, 28),
	(73, '2025-05-22 16:14:05.577148+00', 80, 28),
	(74, '2025-05-22 16:36:49.723342+00', 56, 29),
	(301, '2025-06-03 00:10:24.391475+00', 94, 38),
	(302, '2025-06-04 02:10:29.564358+00', 44, 44),
	(303, '2025-06-04 02:10:29.564358+00', 56, 44),
	(304, '2025-06-04 02:10:29.564358+00', 57, 44),
	(305, '2025-06-04 02:10:29.564358+00', 59, 44),
	(306, '2025-06-04 02:10:29.564358+00', 67, 44),
	(307, '2025-06-04 02:10:29.564358+00', 93, 44),
	(309, '2025-06-04 17:03:29.399681+00', 40, 48),
	(425, '2025-06-13 19:36:52.113605+00', 20, 63),
	(426, '2025-06-13 19:36:52.113605+00', 25, 63),
	(110, '2025-05-22 18:46:55.201244+00', 65, 36),
	(111, '2025-05-22 18:52:20.606014+00', 76, 37),
	(115, '2025-05-22 19:04:15.277637+00', 65, 39),
	(116, '2025-05-22 19:04:15.277637+00', 66, 39),
	(117, '2025-05-22 19:10:39.79478+00', 46, 40),
	(125, '2025-05-22 19:21:30.194922+00', 42, 42),
	(126, '2025-05-22 19:24:14.5974+00', 52, 43),
	(127, '2025-05-22 19:24:14.5974+00', 61, 43),
	(128, '2025-05-22 19:24:14.5974+00', 72, 43),
	(427, '2025-06-13 19:36:52.113605+00', 31, 63),
	(428, '2025-06-13 19:36:52.113605+00', 37, 63),
	(429, '2025-06-13 19:36:52.113605+00', 38, 63),
	(430, '2025-06-13 19:36:52.113605+00', 39, 63),
	(431, '2025-06-13 19:36:52.113605+00', 41, 63),
	(140, '2025-05-22 19:37:39.667513+00', 84, 20),
	(141, '2025-05-22 19:37:39.667513+00', 85, 20),
	(147, '2025-05-23 14:16:20.880057+00', 79, 19),
	(163, '2025-05-23 14:27:16.223745+00', 65, 31),
	(164, '2025-05-23 14:27:16.223745+00', 66, 31),
	(165, '2025-05-23 14:27:16.223745+00', 76, 31),
	(166, '2025-05-23 14:37:04.269511+00', 27, 30),
	(167, '2025-05-23 14:37:04.269511+00', 35, 30),
	(168, '2025-05-23 14:37:04.269511+00', 52, 30),
	(169, '2025-05-23 14:37:04.269511+00', 60, 30),
	(170, '2025-05-23 14:37:04.269511+00', 61, 30),
	(171, '2025-05-23 14:37:04.269511+00', 72, 30),
	(178, '2025-05-23 18:41:18.423924+00', 29, 46),
	(373, '2025-06-13 17:52:02.805339+00', 26, 34),
	(374, '2025-06-13 17:52:02.805339+00', 56, 34),
	(375, '2025-06-13 17:52:02.805339+00', 68, 34),
	(376, '2025-06-13 17:52:02.805339+00', 80, 34),
	(377, '2025-06-13 17:52:02.805339+00', 84, 34),
	(381, '2025-06-13 18:11:17.936316+00', 27, 53),
	(395, '2025-06-13 18:43:39.226525+00', 61, 56),
	(336, '2025-06-06 14:54:51.465499+00', 59, 27),
	(337, '2025-06-06 14:54:51.465499+00', 67, 27),
	(338, '2025-06-06 14:54:51.465499+00', 70, 27),
	(339, '2025-06-06 14:54:51.465499+00', 47, 27),
	(396, '2025-06-13 18:43:39.226525+00', 72, 56),
	(398, '2025-06-13 18:47:19.655215+00', 14, 57),
	(354, '2025-06-13 17:00:27.214482+00', 11, 33),
	(355, '2025-06-13 17:00:27.214482+00', 44, 33),
	(356, '2025-06-13 17:00:27.214482+00', 45, 33),
	(357, '2025-06-13 17:00:27.214482+00', 47, 33),
	(358, '2025-06-13 17:00:27.214482+00', 49, 33),
	(359, '2025-06-13 17:00:27.214482+00', 55, 33),
	(360, '2025-06-13 17:00:27.214482+00', 57, 33),
	(361, '2025-06-13 17:00:27.214482+00', 59, 33),
	(362, '2025-06-13 17:00:27.214482+00', 88, 33),
	(363, '2025-06-13 17:00:27.214482+00', 90, 33),
	(364, '2025-06-13 17:00:27.214482+00', 85, 33),
	(365, '2025-06-13 17:00:27.214482+00', 86, 33),
	(420, '2025-06-13 19:35:26.508881+00', 8, 62),
	(421, '2025-06-13 19:35:26.508881+00', 73, 62),
	(422, '2025-06-13 19:35:26.508881+00', 74, 62),
	(423, '2025-06-13 19:35:26.508881+00', 75, 62),
	(424, '2025-06-13 19:35:26.508881+00', 76, 62),
	(432, '2025-06-13 19:36:52.113605+00', 51, 63),
	(433, '2025-06-13 19:36:52.113605+00', 62, 63),
	(434, '2025-06-13 19:36:52.113605+00', 71, 63),
	(435, '2025-06-13 19:39:22.898552+00', 28, 64),
	(436, '2025-06-13 19:39:22.898552+00', 36, 64),
	(437, '2025-06-13 19:43:29.723125+00', 52, 65),
	(438, '2025-06-13 19:43:29.723125+00', 61, 65),
	(439, '2025-06-13 19:49:21.993865+00', 26, 66),
	(440, '2025-06-13 19:49:21.993865+00', 46, 66),
	(441, '2025-06-13 19:49:21.993865+00', 55, 66),
	(442, '2025-06-13 19:49:21.993865+00', 56, 66),
	(443, '2025-06-13 19:49:21.993865+00', 57, 66),
	(444, '2025-06-13 19:49:21.993865+00', 59, 66),
	(445, '2025-06-13 19:49:21.993865+00', 65, 66),
	(446, '2025-06-13 19:49:21.993865+00', 66, 66),
	(447, '2025-06-13 19:49:21.993865+00', 67, 66),
	(448, '2025-06-13 19:49:21.993865+00', 78, 66),
	(449, '2025-06-13 19:49:21.993865+00', 93, 66),
	(450, '2025-06-13 19:54:02.548243+00', 44, 67),
	(451, '2025-06-13 19:54:02.548243+00', 45, 67),
	(452, '2025-06-13 19:57:00.971727+00', 48, 68),
	(453, '2025-06-13 19:57:00.971727+00', 53, 68),
	(454, '2025-06-13 20:00:20.990862+00', 49, 69),
	(455, '2025-06-13 20:00:20.990862+00', 68, 69),
	(456, '2025-06-13 20:00:20.990862+00', 70, 69),
	(459, '2025-06-13 20:04:00.216145+00', 85, 70),
	(460, '2025-06-13 20:04:00.216145+00', 86, 70),
	(461, '2025-06-13 20:08:25.58117+00', 10, 71),
	(462, '2025-06-13 20:08:25.58117+00', 11, 71),
	(463, '2025-06-13 20:08:25.58117+00', 5, 71),
	(464, '2025-06-13 20:08:25.58117+00', 55, 71),
	(465, '2025-06-13 20:08:25.58117+00', 56, 71),
	(466, '2025-06-13 20:08:25.58117+00', 88, 71),
	(467, '2025-06-13 20:14:12.766467+00', 8, 72),
	(468, '2025-06-13 20:14:12.766467+00', 9, 72),
	(469, '2025-06-13 20:14:12.766467+00', 48, 72),
	(470, '2025-06-13 20:14:12.766467+00', 53, 72),
	(471, '2025-06-13 20:14:12.766467+00', 67, 72),
	(472, '2025-06-13 20:14:12.766467+00', 68, 72),
	(473, '2025-06-13 20:14:12.766467+00', 69, 72),
	(474, '2025-06-13 20:14:12.766467+00', 70, 72),
	(475, '2025-06-13 20:14:12.766467+00', 73, 72),
	(476, '2025-06-13 20:14:12.766467+00', 74, 72),
	(477, '2025-06-13 20:14:12.766467+00', 85, 72),
	(478, '2025-06-13 20:14:12.766467+00', 92, 72),
	(479, '2025-06-13 20:22:06.92218+00', 26, 73),
	(480, '2025-06-13 20:22:06.92218+00', 44, 73),
	(481, '2025-06-13 20:22:06.92218+00', 45, 73),
	(482, '2025-06-13 20:22:06.92218+00', 47, 73),
	(483, '2025-06-13 20:22:06.92218+00', 57, 73),
	(484, '2025-06-13 20:22:06.92218+00', 59, 73),
	(485, '2025-06-13 20:22:06.92218+00', 84, 73),
	(486, '2025-06-13 20:22:06.92218+00', 86, 73),
	(487, '2025-06-13 20:22:06.92218+00', 89, 73),
	(488, '2025-06-13 20:22:06.92218+00', 90, 73),
	(489, '2025-06-13 20:22:06.92218+00', 91, 73),
	(490, '2025-06-13 20:22:06.92218+00', 93, 73),
	(494, '2025-06-16 19:04:18.200009+00', 17, 76),
	(495, '2025-06-16 19:04:47.680135+00', 13, 75),
	(496, '2025-06-16 19:04:47.680135+00', 38, 75),
	(497, '2025-06-16 19:08:33.41473+00', 27, 77),
	(498, '2025-06-16 19:08:33.41473+00', 60, 77),
	(503, '2025-06-16 19:12:27.125859+00', 13, 79),
	(504, '2025-06-16 19:12:27.125859+00', 14, 79),
	(505, '2025-06-16 19:12:27.125859+00', 37, 79),
	(506, '2025-06-16 19:12:27.125859+00', 38, 79),
	(507, '2025-06-16 19:12:45.328359+00', 28, 78),
	(508, '2025-06-16 19:12:45.328359+00', 36, 78),
	(509, '2025-06-16 19:12:45.328359+00', 51, 78),
	(510, '2025-06-16 19:12:45.328359+00', 62, 78),
	(511, '2025-06-16 19:13:41.295017+00', 10, 61),
	(512, '2025-06-16 19:13:41.295017+00', 11, 61),
	(517, '2025-06-18 17:06:17.995812+00', 61, 74),
	(518, '2025-06-18 17:06:17.995812+00', 72, 74),
	(550, '2025-06-19 01:00:56.506529+00', 5, 45),
	(551, '2025-06-19 01:00:56.506529+00', 26, 45),
	(552, '2025-06-19 01:00:56.506529+00', 45, 45),
	(553, '2025-06-19 01:00:56.506529+00', 5, 45),
	(554, '2025-06-19 01:00:56.506529+00', 26, 45),
	(555, '2025-06-19 01:00:56.506529+00', 45, 45),
	(556, '2025-06-19 01:00:56.506529+00', 5, 45),
	(557, '2025-06-19 01:00:56.506529+00', 26, 45),
	(558, '2025-06-19 01:00:56.506529+00', 45, 45),
	(559, '2025-06-19 01:00:56.506529+00', 2, 45);


--
-- Data for Name: InvitedUsers; Type: TABLE DATA; Schema: public; Owner: postgres
--

INSERT INTO "public"."InvitedUsers" ("invited_user_id", "created_at", "email") VALUES
	(2, '2025-04-15 05:42:31.338702+00', 'mike@bleacherrentals.com'),
	(3, '2025-04-28 15:31:52.666226+00', 'michelle@bleacherrentals.com'),
	(4, '2025-05-21 15:46:35.000322+00', 'redgriftjosh+3@gmail.com'),
	(5, '2025-05-21 15:50:13.373715+00', 'josh@tpi-3.ca');


--
-- Data for Name: Users; Type: TABLE DATA; Schema: public; Owner: postgres
--

INSERT INTO "public"."Users" ("user_id", "created_at", "first_name", "last_name", "email", "phone", "clerk_user_id", "status", "role", "avatar_image_url") VALUES
	(8, '2025-05-27 17:21:05.15774+00', 'Josh', 'Redgrift', 'redgriftjosh@gmail.com', NULL, 'user_2xgjA9Jf7gCkDc1GKbhdGyF0vKd', 2, 2, NULL),
	(11, '2025-05-27 17:39:31.28641+00', 'Zeeno', 'Wasti', 'zeeno@bleacherrentals.com', NULL, NULL, 1, 1, NULL),
	(13, '2025-05-27 17:41:16.95106+00', 'Michelle', 'Adcock', 'michelle@bleacherrentals.com', NULL, 'user_2xgmEKuFQ00ExgIWyHwUnAX2lUl', 2, 2, NULL),
	(9, '2025-05-27 17:23:20.89322+00', 'Josh', 'Redgrift', 'josh@tpi-3.ca', NULL, 'user_2xgjVKwYMBOrlWmKkjoC8gyxL8p', 2, 2, NULL),
	(14, '2025-05-27 17:41:55.032595+00', 'Mike', 'timmermans', 'mike@bleacherrentals.com', NULL, 'user_2xolUMIdlXoybp1lwXIaHG1l70c', 2, 2, NULL),
	(18, '2025-05-30 14:18:00.11645+00', 'Christine', 'Ogle', 'christine@bleacherrentals.com', NULL, 'user_2xoqGNOorLkfutP3Arl4hZn5qvC', 2, 2, NULL),
	(12, '2025-05-27 17:40:14.038612+00', 'Denver', 'Spearman', 'denver@bleacherrentals.com', NULL, 'user_2ygykK2j2Uu2MSSMDRMM9YiHqoC', 2, 2, NULL);


--
-- Data for Name: UserHomeBases; Type: TABLE DATA; Schema: public; Owner: postgres
--

INSERT INTO "public"."UserHomeBases" ("user_home_base_id", "created_at", "user_id", "home_base_id") VALUES
	(8, '2025-05-27 17:39:31.364998+00', 11, 3),
	(10, '2025-05-27 18:23:29.146043+00', 13, 1),
	(11, '2025-05-27 21:32:03.360621+00', 9, 2),
	(12, '2025-05-27 21:32:03.360621+00', 9, 5),
	(20, '2025-06-18 18:17:57.372471+00', 12, 1),
	(21, '2025-06-18 18:17:57.372471+00', 12, 5),
	(22, '2025-06-18 18:17:57.372471+00', 12, 2),
	(23, '2025-06-18 18:17:57.372471+00', 12, 9),
	(24, '2025-06-18 18:17:57.372471+00', 12, 11);


--
-- Data for Name: UserRoles; Type: TABLE DATA; Schema: public; Owner: postgres
--

INSERT INTO "public"."UserRoles" ("id", "created_at", "role") VALUES
	(1, '2025-05-21 16:30:21.98697+00', 'Account Manager'),
	(2, '2025-05-21 16:30:27.435782+00', 'Administrator');


--
-- Data for Name: UserStatuses; Type: TABLE DATA; Schema: public; Owner: postgres
--

INSERT INTO "public"."UserStatuses" ("id", "created_at", "status") VALUES
	(1, '2025-05-21 16:29:54.749727+00', 'Invited'),
	(2, '2025-05-21 16:30:01.377311+00', 'Active'),
	(3, '2025-05-21 16:30:07.124225+00', 'Inactive');


--
-- Data for Name: buckets; Type: TABLE DATA; Schema: storage; Owner: supabase_storage_admin
--



--
-- Data for Name: objects; Type: TABLE DATA; Schema: storage; Owner: supabase_storage_admin
--



--
-- Data for Name: s3_multipart_uploads; Type: TABLE DATA; Schema: storage; Owner: supabase_storage_admin
--



--
-- Data for Name: s3_multipart_uploads_parts; Type: TABLE DATA; Schema: storage; Owner: supabase_storage_admin
--



--
-- Name: refresh_tokens_id_seq; Type: SEQUENCE SET; Schema: auth; Owner: supabase_auth_admin
--

SELECT pg_catalog.setval('"auth"."refresh_tokens_id_seq"', 1, false);


--
-- Name: Addresses_address_id_seq; Type: SEQUENCE SET; Schema: public; Owner: postgres
--

SELECT pg_catalog.setval('"public"."Addresses_address_id_seq"', 79, true);


--
-- Name: BleacherEvents_id_seq; Type: SEQUENCE SET; Schema: public; Owner: postgres
--

SELECT pg_catalog.setval('"public"."BleacherEvents_id_seq"', 559, true);


--
-- Name: Bleachers_bleacher_id_seq; Type: SEQUENCE SET; Schema: public; Owner: postgres
--

SELECT pg_catalog.setval('"public"."Bleachers_bleacher_id_seq"', 97, true);


--
-- Name: Events_id_seq; Type: SEQUENCE SET; Schema: public; Owner: postgres
--

SELECT pg_catalog.setval('"public"."Events_id_seq"', 79, true);


--
-- Name: HomeBases_home_base_id_seq; Type: SEQUENCE SET; Schema: public; Owner: postgres
--

SELECT pg_catalog.setval('"public"."HomeBases_home_base_id_seq"', 14, true);


--
-- Name: InvitedUsers_id_seq; Type: SEQUENCE SET; Schema: public; Owner: postgres
--

SELECT pg_catalog.setval('"public"."InvitedUsers_id_seq"', 5, true);


--
-- Name: UserHomeBases_user_home_base_id_seq; Type: SEQUENCE SET; Schema: public; Owner: postgres
--

SELECT pg_catalog.setval('"public"."UserHomeBases_user_home_base_id_seq"', 24, true);


--
-- Name: UserRoles_id_seq; Type: SEQUENCE SET; Schema: public; Owner: postgres
--

SELECT pg_catalog.setval('"public"."UserRoles_id_seq"', 2, true);


--
-- Name: UserStatuses_id_seq; Type: SEQUENCE SET; Schema: public; Owner: postgres
--

SELECT pg_catalog.setval('"public"."UserStatuses_id_seq"', 3, true);


--
-- Name: Users_user_id_seq; Type: SEQUENCE SET; Schema: public; Owner: postgres
--

SELECT pg_catalog.setval('"public"."Users_user_id_seq"', 19, true);


--
-- PostgreSQL database dump complete
--

RESET ALL;
