SET session_replication_role = replica;

--
-- PostgreSQL database dump
--

-- \restrict JtsuLCWDzCCyeGH3FHSDGpHArs3CSGe6rouLzyYPuW1H66GEcYj3EjKYkb7NAOF

-- Dumped from database version 17.6
-- Dumped by pg_dump version 17.6

SET statement_timeout = 0;
SET lock_timeout = 0;
SET idle_in_transaction_session_timeout = 0;
SET transaction_timeout = 0;
SET client_encoding = 'UTF8';
SET standard_conforming_strings = on;
SELECT pg_catalog.set_config('search_path', '', false);
SET check_function_bodies = false;
SET xmloption = content;
SET client_min_messages = warning;
SET row_security = off;

--
-- Data for Name: audit_log_entries; Type: TABLE DATA; Schema: auth; Owner: supabase_auth_admin
--



--
-- Data for Name: flow_state; Type: TABLE DATA; Schema: auth; Owner: supabase_auth_admin
--



--
-- Data for Name: users; Type: TABLE DATA; Schema: auth; Owner: supabase_auth_admin
--



--
-- Data for Name: identities; Type: TABLE DATA; Schema: auth; Owner: supabase_auth_admin
--



--
-- Data for Name: instances; Type: TABLE DATA; Schema: auth; Owner: supabase_auth_admin
--



--
-- Data for Name: oauth_clients; Type: TABLE DATA; Schema: auth; Owner: supabase_auth_admin
--



--
-- Data for Name: sessions; Type: TABLE DATA; Schema: auth; Owner: supabase_auth_admin
--



--
-- Data for Name: mfa_amr_claims; Type: TABLE DATA; Schema: auth; Owner: supabase_auth_admin
--



--
-- Data for Name: mfa_factors; Type: TABLE DATA; Schema: auth; Owner: supabase_auth_admin
--



--
-- Data for Name: mfa_challenges; Type: TABLE DATA; Schema: auth; Owner: supabase_auth_admin
--



--
-- Data for Name: oauth_authorizations; Type: TABLE DATA; Schema: auth; Owner: supabase_auth_admin
--



--
-- Data for Name: oauth_client_states; Type: TABLE DATA; Schema: auth; Owner: supabase_auth_admin
--



--
-- Data for Name: oauth_consents; Type: TABLE DATA; Schema: auth; Owner: supabase_auth_admin
--



--
-- Data for Name: one_time_tokens; Type: TABLE DATA; Schema: auth; Owner: supabase_auth_admin
--



--
-- Data for Name: refresh_tokens; Type: TABLE DATA; Schema: auth; Owner: supabase_auth_admin
--



--
-- Data for Name: sso_providers; Type: TABLE DATA; Schema: auth; Owner: supabase_auth_admin
--



--
-- Data for Name: saml_providers; Type: TABLE DATA; Schema: auth; Owner: supabase_auth_admin
--



--
-- Data for Name: saml_relay_states; Type: TABLE DATA; Schema: auth; Owner: supabase_auth_admin
--



--
-- Data for Name: sso_domains; Type: TABLE DATA; Schema: auth; Owner: supabase_auth_admin
--



--
-- Data for Name: Users; Type: TABLE DATA; Schema: public; Owner: postgres
--

INSERT INTO "public"."Users" ("user_id", "created_at", "first_name", "last_name", "email", "phone", "clerk_user_id", "status", "role", "avatar_image_url", "is_admin") VALUES
	(26, '2025-10-10 13:18:26.252838+00', 'Kyle', '- KDR', 'kroth@kdrinc.ca', NULL, NULL, 2, 3, NULL, false),
	(8, '2025-05-27 17:21:05.15774+00', 'Josh', 'Redgrift', 'redgriftjosh@gmail.com', NULL, 'user_2xgjA9Jf7gCkDc1GKbhdGyF0vKd', 2, 2, NULL, true),
	(27, '2025-10-10 16:45:08.808979+00', 'Jake', 'Loewen', 'jacob.loewen4141@gmail.com', NULL, NULL, 2, 3, NULL, false),
	(25, '2025-10-10 13:16:32.664764+00', 'Mitch', 'Carruthers', 'carruthersmitchell@hotmail.com', NULL, NULL, 2, 3, NULL, false),
	(13, '2025-05-27 17:41:16.95106+00', 'Michelle', 'Adcock', 'michelle@bleacherrentals.com', NULL, 'user_2xgmEKuFQ00ExgIWyHwUnAX2lUl', 2, 2, NULL, true),
	(9, '2025-05-27 17:23:20.89322+00', 'Josh', 'Redgrift', 'josh@tpi-3.ca', NULL, 'user_2xgjVKwYMBOrlWmKkjoC8gyxL8p', 2, 2, NULL, true),
	(34, '2025-11-03 18:01:09.4512+00', 'Montana', 'McMichael', 'montana@bleacherrentals.com', NULL, 'user_34yqb0wu4Yl7d3wbvfxExywd0Hl', 2, 1, NULL, false),
	(24, '2025-10-10 12:45:26.85301+00', 'Justin', 'Kowolsky', 'justinkowalsky@live.com', NULL, NULL, 1, 3, NULL, false),
	(45, '2025-12-06 01:42:13.579334+00', 'Michael ', 'Leighton', 'mikeleighton72@gmail.com', NULL, NULL, 1, 3, NULL, false),
	(37, '2025-11-14 21:22:47.851794+00', 'Josh', 'Testing', 'josh+testing@tpi-3.ca', NULL, 'user_35UDxedvANarvDC2SZqh9oC3GDk', 2, 3, NULL, false),
	(12, '2025-05-27 17:40:14.038612+00', 'Denver', 'Spearman', 'denver@bleacherrentals.com', NULL, 'user_2ygykK2j2Uu2MSSMDRMM9YiHqoC', 2, 2, NULL, true),
	(21, '2025-08-14 16:54:02.803451+00', 'Abby', 'Bailey', 'abby@bleacherrentals.com', NULL, 'user_31HomrLqVaP3Xe0YSoFaKrA4mER', 2, 2, NULL, true),
	(33, '2025-11-03 16:31:29.685097+00', 'Krista', 'Timmermans', 'krista@bleacherrentals.com', NULL, 'user_350zNEe3VBLodzlQEMbg5QOMB15', 2, 2, NULL, true),
	(11, '2025-05-27 17:39:31.28641+00', 'Zeeno', 'Wasti', 'zeeno@bleacherrentals.com', NULL, 'user_31KLeN0wc2F0FQIkyay25UZ8IdS', 2, 2, NULL, true),
	(20, '2025-08-04 20:33:23.531555+00', 'Test', 'Driver', 'josh+1@tpi-3.ca', NULL, 'user_35nFjciDvubzD5s9FZiOtgdyrUF', 2, 3, NULL, false),
	(46, '2025-12-06 01:43:18.146555+00', 'Matt', 'Piltcher', 'carson.piltcher83@gmail.com', NULL, NULL, 1, 3, NULL, false),
	(18, '2025-05-30 14:18:00.11645+00', 'Christine', 'Ogle', 'christine@bleacherrentals.com', NULL, 'user_2xoqGNOorLkfutP3Arl4hZn5qvC', 3, 2, NULL, true),
	(47, '2025-12-18 17:30:46.743709+00', 'Tre', 'Loveless', 'lovelace44@icloud.com', NULL, NULL, 1, 3, NULL, false),
	(14, '2025-05-27 17:41:55.032595+00', 'Mike', 'timmermans', 'mike@bleacherrentals.com', NULL, 'user_2xolUMIdlXoybp1lwXIaHG1l70c', 2, 2, NULL, true),
	(41, '2025-12-02 13:36:50.252191+00', 'Kaitlyn', 'Hodgson', 'kaitlyn@bleacherrentals.com', NULL, 'user_36ICHv1goy6Rf11e8wLZosq2aT3', 2, 1, NULL, false),
	(42, '2025-12-02 13:38:19.365138+00', 'Chelsea', 'Jones', 'chelsea@bleacherrentals.com', NULL, 'user_36ICHxlwanhN8ChasvFMn53L5B9', 2, 1, NULL, false),
	(31, '2025-10-29 15:15:42.657863+00', 'Phillip', 'Horge', 'phillip@bleacherrentals.com', NULL, 'user_34nN0lj1uclgl6CqHN7WhCPBNZI', 3, 1, NULL, false),
	(30, '2025-10-10 16:47:08.891749+00', 'Tim', '-Timberfell', 'timberfell@outlook.com', NULL, NULL, 2, 3, NULL, false),
	(29, '2025-10-10 16:46:45.643587+00', 'Stu', 'Stoneridge Group', 'stugraham@stoneridgegroup.ca', NULL, NULL, 2, 3, NULL, false),
	(48, '2025-12-18 17:31:57.044161+00', 'Ian', 'Townsend', 'iandtownsend56@gmail.com', NULL, NULL, 1, 3, NULL, false),
	(49, '2025-12-18 17:33:01.751671+00', 'Nick', 'Law', 'nlaw84@gmail.com', NULL, NULL, 1, 3, NULL, false),
	(50, '2025-12-18 17:33:53.191093+00', 'Brent', 'Brown', 'southlandfarmsga@gmail.com', NULL, NULL, 1, 3, NULL, false),
	(51, '2025-12-18 17:40:29.213111+00', 'Matthew', 'Nauss', 'matt@hussaryachts.com', NULL, NULL, 1, 3, NULL, false),
	(52, '2025-12-18 17:43:41.804843+00', 'Kevin', 'Harrison', 'abs.tktransport@gmail.com', NULL, NULL, 1, 3, NULL, false),
	(28, '2025-10-10 16:45:42.896319+00', 'Devin', '- Dk Ferrier', 'dkfarrierservice@gmail.com', NULL, NULL, 2, 3, NULL, false);


--
-- Data for Name: AccountManagers; Type: TABLE DATA; Schema: public; Owner: postgres
--

INSERT INTO "public"."AccountManagers" ("created_at", "user_id", "is_active", "id") VALUES
	('2025-11-28 15:49:12.942723+00', 8, true, 'eb5f9c43-4cf2-484b-91f0-28dbe23fa3c4'),
	('2025-11-28 15:49:12.942723+00', 14, true, '3098970e-cee5-4e00-88c3-a07abd534577'),
	('2025-11-28 15:49:12.942723+00', 31, true, '101e7341-ddaa-4e46-bf33-70eb8043e13b'),
	('2025-11-28 15:49:12.942723+00', 13, true, '389fd7f2-ed45-4bc2-849c-2e5718659acd'),
	('2025-11-28 15:49:12.942723+00', 9, true, 'b52ddf85-4d9b-4b3a-903d-3f147beb1919'),
	('2025-11-28 15:49:12.942723+00', 18, true, 'da198889-1812-4771-9f5f-da5ec2c35cff'),
	('2025-11-28 15:49:12.942723+00', 34, true, '2e6aaa1f-ec9d-49f8-9bd6-beeebb8f6912'),
	('2025-11-28 15:49:12.942723+00', 12, true, 'b9c64484-356b-40aa-8d31-82de8df9700e'),
	('2025-11-28 15:49:12.942723+00', 21, true, '08d9105d-c455-419d-92f4-49907f19c324'),
	('2025-11-28 15:49:12.942723+00', 33, true, 'ff99880a-07ed-4849-af96-c252515cfb91'),
	('2025-11-28 15:49:12.942723+00', 11, true, '0f5a4794-d521-47ec-8e50-9b7f6bebcda6'),
	('2025-12-02 13:36:50.40714+00', 41, true, '11d5e426-c1ed-4e1d-aef8-aea5f7194766'),
	('2025-12-02 13:38:19.481959+00', 42, true, '6b2f41dc-7efc-400c-98e6-4bf6f8bef573');


--
-- Data for Name: Addresses; Type: TABLE DATA; Schema: public; Owner: postgres
--

INSERT INTO "public"."Addresses" ("created_at", "street", "city", "state_province", "zip_postal", "id") VALUES
	('2025-04-15 03:24:27.716952+00', '12 Winding Way, Belvidere, NJ, USA', 'Belvidere', 'New Jersey', '07823', '33404a6c-4120-458a-a808-8594b863b57d'),
	('2025-05-22 15:46:53.925854+00', '13990 Mississauga Road, Cheltenham, ON, Canada', 'Cheltenham', 'Ontario', 'L7C 1W4', '4fc0a664-1109-45a2-831e-65757c856baa'),
	('2025-05-22 19:04:15.067799+00', '100 Garrison Road, Toronto, ON, Canada', 'Toronto', 'Ontario', 'M5V 3K9', '547ac30b-9e02-4b43-b318-c554bdf3e8b3'),
	('2025-05-22 17:33:40.217678+00', '557 Walter Street, Lucknow, ON, Canada', 'Lucknow', 'Ontario', 'N0G 2H0', 'c8cc54a2-fff1-46c1-badc-598c9bc77d75'),
	('2025-05-22 17:07:24.659652+00', '3310 Walnut Street, Alvinston, ON, Canada', 'Alvinston', 'Ontario', 'N0N 1A0', '4c122969-75af-473e-ad7a-749ba7ccea2b'),
	('2025-05-22 15:44:41.004155+00', '11 2nd St, Orangeville, ON, Canada', 'Orangeville', 'Ontario', 'L9W 2B6', 'd6c2af82-40e1-4e1a-bf36-1a8d09a5f6c5'),
	('2025-05-22 18:15:43.974287+00', '35921 Talbot Line, Shedden, ON, Canada', 'Shedden', 'Ontario', 'N0L 2E0', '27560a09-d94b-43d5-b219-cd749a68fb43'),
	('2025-05-23 14:20:04.548139+00', 'Timmermans'' Ranch and horse stables, Nixon Road, Simcoe, ON, Canada', 'Simcoe', 'Ontario', 'N3Y 4K6', '02b381e7-dfea-4da1-b5b1-4d70beee878c'),
	('2025-05-22 18:56:00.064399+00', 'U.S. 51, Amite City, LA, USA', 'Amite City', 'Louisiana', '', 'a2fa5b55-9905-4472-994c-2cc3f0f53896'),
	('2025-05-22 16:53:34.965108+00', 'Porsche Experience Centre Toronto, Porsche Drive, Pickering, Ontario, Canada', 'Pickering', 'Ontario', 'L1W 0B9', '004f7493-2e10-4f10-a4be-5e732b941c6b'),
	('2025-05-22 16:47:09.110941+00', '702 South Commerce Street, Lockhart, TX, USA', 'Lockhart', 'Texas', '78644', 'a274113b-5aa4-4d43-a885-535db8fd2fc9'),
	('2025-05-22 19:30:23.427939+00', '139 Pine St E, Aylmer, ON, Canada', 'Aylmer', 'Ontario', 'N5H 1N5', '4c3887d0-9c45-4f5a-be43-66014cb7e3f2'),
	('2025-05-01 14:34:00.427121+00', '7550 Shady Park Drive, Greenwell Springs, LA, USA', 'Central', 'Louisiana', '70739', 'cc72944f-2f38-45ea-92c5-72a3c1bf26c5'),
	('2025-06-13 18:57:44.54004+00', '875 Nellis Street, Woodstock, ON, Canada', 'Woodstock', 'Ontario', 'N4S 4C6', '5c666d81-4689-4797-964c-ba4f54d7486b'),
	('2025-05-22 14:22:01.312248+00', '2525 Alta Vista Drive, Ottawa, ON, Canada', 'Ottawa', 'Ontario', 'K1V 7T3', '8104580b-0f42-457a-b5cb-a6ddb6a06eae'),
	('2025-06-13 18:08:05.515135+00', '18297 Hurontario Street, Caledon Village, ON, Canada', 'Caledon Village', 'Ontario', 'L7K 0Y5', '835dd928-39dd-469a-8047-abea6416fabd'),
	('2025-05-22 14:39:11.71734+00', '815 St. Laurent Blvd, Ottawa, ON, Canada', 'Ottawa', 'Ontario', 'K1K 3A7', 'f509d824-c8cc-442e-8bea-507861d7d823'),
	('2025-05-22 14:48:26.539746+00', 'Osprey Community Arena, COUNTY RD, Singhampton, ON, Canada', 'Singhampton', 'Ontario', 'N0C 1M0', '7aeaef54-2239-4ad0-af62-a63f53483d25'),
	('2025-05-22 15:13:05.899218+00', '366117 U.S. 62, Boley, OK, USA', 'Boley', 'Oklahoma', '74829', '3c217bea-5e7d-4b5f-abea-d0fafe9b6713'),
	('2025-05-22 15:16:35.93311+00', '3545 Lone Star Circle, Fort Worth, TX, USA', 'Fort Worth', 'Texas', '76177', '34335c7a-d319-4a12-97ca-69b9dabc34d6'),
	('2025-05-22 15:18:25.910807+00', '2401 Destiny Way, Odessa, FL, USA', 'Odessa', 'Florida', '33556', '1ac92cb1-109a-469b-a12c-feaa6e98cbb7'),
	('2025-05-22 15:21:17.500079+00', '2100 Richard Arrington Junior Boulevard North, Birmingham, AL, USA', 'Birmingham', 'Alabama', '35203', '65d2c8c4-3c8c-4e96-8112-896fdd4db485'),
	('2025-05-22 15:25:06.387204+00', '1311 Music Hall Road, Hiawassee, GA, USA', 'Hiawassee', 'Georgia', '30546', '557203f2-273f-4221-89f9-1464a8088127'),
	('2025-05-22 15:30:52.42863+00', '1225 Clearlake Rd, Cocoa, FL, USA', 'Cocoa', 'Florida', '32922', '24735299-1f08-49ed-9b4c-0e45a9c98166'),
	('2025-05-22 15:41:31.427593+00', '1802 Regional Rd 97, Puslinch, ON, Canada', 'Puslinch', 'Ontario', 'N1R 5S7', 'f65c67ce-476e-4909-8eca-2ded2af3a1fd'),
	('2025-05-22 15:53:13.88233+00', '3001 Atlantic Avenue, Virginia Beach, VA, USA', 'Virginia Beach', 'Virginia', '23451', '1090fe90-4e9c-447d-b6b3-f11368947374'),
	('2025-05-22 15:56:21.562519+00', '65 R Ranch Road, Dahlonega, GA, USA', 'Dahlonega', 'Georgia', '30533', '5986a6f6-5cb8-43f7-922e-7a3a44835495'),
	('2025-05-22 15:58:30.839437+00', '1 Audrey Zapp Drive, Jersey City, NJ, USA', 'Jersey City', 'New Jersey', '07305', '6bd2cfde-842e-4091-86ec-16703bfb2288'),
	('2025-05-22 16:01:50.93833+00', '1100 Niagara Street, Welland, ON, Canada', 'Welland', 'Ontario', 'L3C 1M6', 'a62a715c-0356-4410-8e5a-c380088f8d21'),
	('2025-05-22 16:04:16.078804+00', '1258 Turkey Point Road, Simcoe, ON, Canada', 'Simcoe', 'Ontario', 'N3Y 4K1', '8a397f9d-a985-484e-9ee8-5f65e92f91a2'),
	('2025-05-22 16:07:29.669445+00', '231 Ian Macdonald Boulevard, North York, ON, Canada', 'Toronto', 'Ontario', 'M7A 2C5', '419b88d2-a76e-43b0-977f-429ecf9b31d7'),
	('2025-05-22 16:14:05.434694+00', '292 Conestoga Drive, Brampton, ON, Canada', 'Brampton', 'Ontario', 'L6Z 3M1', 'b3ed4221-d94c-493d-9bf8-d9d14596ad05'),
	('2025-05-22 16:36:49.513959+00', '545 North Albany Avenue, Atlantic City, NJ, USA', 'Atlantic City', 'New Jersey', '08401', '9e436ce4-61d0-4f43-913f-8362f695eb1b'),
	('2025-05-22 18:46:55.040396+00', '250 Fort York Boulevard, Toronto, ON, Canada', 'Toronto', 'Ontario', 'M5V 1A9', '9b35ed95-8ab9-4d34-ba9e-d1e0f5153ed4'),
	('2025-05-22 18:52:20.482786+00', '7300 West Credit Avenue, Mississauga, ON, Canada', 'Mississauga', 'Ontario', 'L5N 5N1', '3a739b2d-2dfa-4c26-95ec-6fff0472e5ca'),
	('2025-05-22 19:10:39.606124+00', '4235 New Street, Burlington, ON, Canada', 'Burlington', 'Ontario', 'L7L 1T2', '29d53d3a-3281-46dc-b096-9c0fcadd9a16'),
	('2025-05-22 19:21:07.042315+00', '9250 State Avenue, Kansas City, KS, USA', 'Kansas City', 'Kansas', '66112', 'bc773113-23cf-4ab4-bc15-c6e2e1418013'),
	('2025-05-22 19:24:14.485873+00', 'Waco Convention Center, 100 Washington Ave, Waco, TX, USA', 'Waco', 'Texas', '76701', '9ac48547-0ba9-4296-97f1-663970b2a519'),
	('2025-05-22 19:36:58.01308+00', '11624 South Distribution Cove, Olive Branch, MS, USA', 'Olive Branch', 'Mississippi', '38654', 'c4ea1f04-4947-4a4e-bebb-38dc901d22d0'),
	('2025-06-04 17:03:16.274185+00', 'Will Rogers Memorial Center, West Lancaster Avenue, Fort Worth, TX, USA', 'Fort Worth', 'Texas', '76107', '40535c45-9d16-4c68-8a19-7ac1e1bfcdc2'),
	('2025-06-13 18:11:17.747694+00', 'Dallas Trailer Repair Co, Texas 356, Irving, TX, USA', 'Irving', 'Texas', '75060', '08bf50f0-1760-4cac-ac98-ee79d2351c38'),
	('2025-06-13 19:49:21.768868+00', '2454 Nixon Rd, Simcoe, ON, Canada', 'Simcoe', 'Ontario', 'N3Y 4K6', '549c946b-e0b6-445d-bae5-a80290f1ca8d'),
	('2025-05-22 19:26:46.922025+00', '409 Bell Rd, Rome, NY, USA', 'Rome', 'New York', '13440', '1b5fbb49-1c50-4901-a06b-36f410721658'),
	('2025-05-22 16:11:34.087077+00', '129 Beech Street, Clinton, ON, Canada', 'Clinton', 'Ontario', 'N0M 1L0', '0ee63420-996e-4e9d-bfea-1ef0aa333db7'),
	('2025-06-13 18:43:39.0536+00', '35 Nolan Rd, Whitesboro, TX, USA', 'Whitesboro', 'Texas', '76273', '6ea64d9e-3152-47d3-8ad1-0e53dccdd593'),
	('2025-06-13 20:08:25.365845+00', 'Chiefswood Rd, Ohsweken, ON, Canada', 'Ohsweken', 'Ontario', '', 'b0e34d35-bcc0-497f-8783-331176cb739b'),
	('2025-06-13 18:47:10.417786+00', '2 Galleria Pkwy SE, Atlanta, GA, USA', 'Atlanta', 'Georgia', '30339', 'd3919c78-f21e-4086-a425-16a9be93800f'),
	('2025-06-13 19:12:21.864589+00', '180 Tremaine Avenue South, Listowel, ON, Canada', 'Listowel', 'Ontario', 'N4W 2C9', 'f76fcb73-3ce5-435e-9988-26f7421d141f'),
	('2025-06-13 19:35:02.611908+00', '215 Sydney Washer Rd, Dover, FL, USA', 'Dover', 'Florida', '33527', '4823b316-0520-4b44-bae3-5cfba8604be0'),
	('2025-06-13 19:39:22.707841+00', '3601 Villa Rica Highway, Dallas, GA, USA', 'Dallas', 'Georgia', '30157', '36b2d73c-48a5-4f28-ac66-9bb75020359c'),
	('2025-06-13 19:43:29.514357+00', '112 SW Ave C, Seminole, TX, USA', 'Seminole', 'Texas', '79360', '83c2b1f1-d52e-49a8-8ecb-182ee97fcae1'),
	('2025-06-13 19:57:00.791461+00', '1186 Prince St, Lansdowne, ON, Canada', '', 'Ontario', 'K0E 1L0', '04968b79-01fa-4f06-8cab-6c6704ef757c'),
	('2025-06-16 19:04:18.054378+00', '22079 South White Sands Road, Ste. Genevieve, MO, USA', 'Ste. Genevieve', 'Missouri', '63670', 'f72dfc54-2d21-45e8-9c69-c241ff66abea'),
	('2025-06-16 19:02:37.824167+00', '460 West Hightower Trail, Conyers, GA, USA', 'Conyers', 'Georgia', '30012', '71b3d092-f437-4a4b-8884-c6d4b95f2a10'),
	('2025-06-16 19:08:33.260929+00', '5212 N Oakland Gravel Rd, Columbia, MO, USA', 'Columbia', 'Missouri', '65202', '7ccf1f89-7a13-4a14-884d-75ab150c2873'),
	('2025-06-16 19:12:26.911417+00', '250 Jake Mintz Road, Gadsden, AL, USA', 'Gadsden', 'Alabama', '35905', 'b80306f6-7dbb-456c-a964-8a3f594d56aa'),
	('2025-06-13 19:54:02.354872+00', '268 Currie Street, Glencoe, ON, Canada', 'Glencoe', 'Ontario', 'N0L 1M0', 'cd7fc06d-e6cf-4d1c-970f-1ec6df636ca2'),
	('2025-06-13 20:25:21.984203+00', '900 East Market Street, San Antonio, TX, USA', 'San Antonio', 'Texas', '78205', '95f33e9e-ddaf-4cda-a1e3-51c96db6fa1d'),
	('2025-05-22 19:14:15.515522+00', '7044 Chatham-Kent County Road 35, Pain Court, ON, Canada', '', 'Ontario', 'N0P 1Z0', 'aaa2f0c6-cbb1-4bbb-af48-dac4974d773a'),
	('2025-06-13 18:39:29.162234+00', '84328 Lucknow Line, Dungannon, ON, Canada', 'Dungannon', 'Ontario', 'N0M 1R0', 'd82aa64e-ff28-4ba3-82c7-6acfb8ca2373'),
	('2025-06-13 19:22:56.322751+00', '777 Seneca Allegany Blvd, Salamanca, NY, USA', 'Salamanca', 'New York', '14779', 'c497d596-615a-4cc2-88cd-cad905bfdfe9'),
	('2025-06-13 19:15:11.132674+00', '180 Tremaine Avenue South, Listowel, ON, Canada', 'Listowel', 'Ontario', 'N4W 2C9', 'a4b60ba9-d891-47a0-b116-a586dd649df9'),
	('2025-06-13 20:00:20.795302+00', '850 Princess Street, Mount Forest, ON, Canada', 'Mount Forest', 'Ontario', 'N0G 2L3', '8045c0f3-46ab-482b-8a05-22c7d854c1f2'),
	('2025-06-13 20:03:51.320513+00', '300 Christopher Drive, Cambridge, ON, Canada', 'Cambridge', 'Ontario', 'N1P 1A1', '86d174eb-0bae-4042-8af4-298f0b434a4d'),
	('2025-06-13 20:22:06.766052+00', '383 Belle River Rd E, South Woodslee, ON, Canada', 'South Woodslee', 'Ontario', 'N0R 1V0', 'a75408e7-428d-4c31-84c8-333f39904bb3'),
	('2025-06-13 20:14:12.498931+00', '462 Wilson Farm Rd, Calabogie, ON, Canada', 'Calabogie', 'Ontario', 'K0J 1H0', 'bd43a7c8-ffed-4a2f-bb65-4b5249156699'),
	('2025-06-16 19:10:32.514856+00', '19477 Fairground Rd, Robertsdale, AL, USA', 'Robertsdale', 'Alabama', '36567', '451855e3-eaa1-43d7-9ae5-f79d43df5dab'),
	('2025-07-30 12:17:36.050973+00', 'Lombardy, ON, Canada', 'Lombardy', 'Ontario', 'K0G 1L0', '4f1e4840-093d-4d7d-a57e-0aaa5a786fd3'),
	('2025-07-30 12:19:12.255576+00', 'Seneca Casinos, 4th Street, Niagara Falls, NY, USA', 'Niagara Falls', 'New York', '14303', '950ef915-50f7-40dd-b243-5a6da7fdedcf'),
	('2025-07-28 14:09:57.882362+00', '210 Princes'' Blvd, Toronto, Toronto, ON M6K 3C3, Canada', 'Toronto', 'Ontario', 'M6K 3C3', '7424774c-cf04-4fae-8474-1f89a29e4476'),
	('2025-08-06 14:30:33.241378+00', '1210 Lake Shore Blvd E, Old Toronto, Toronto, ON M4L 3W6, Canada', 'Toronto', 'Ontario', 'M4L 3W6', 'bebfda78-e7f4-4b20-8b46-9026fb592c03'),
	('2025-07-30 14:54:20.617161+00', '1279 Colonial Rd, Navan, Ottawa, ON K4B 1N1, Canada', 'Ottawa', 'Ontario', 'K4B 1N1', '1b17164c-0bb8-4f25-9fd2-7f527bd9a491'),
	('2025-06-27 18:42:42.036755+00', 'Niagara County Fairgrounds, Lake Avenue, Lockport, Niagara, NY, USA', 'Lockport', 'New York', '14094', 'afea3ce3-346f-4da4-9b9f-6db48b57e8b1'),
	('2025-06-30 15:05:26.758121+00', 'Gopher Dunes, 4385 Norfolk County Hwy 59, Courtland, ON N0J 1E0, Canada', 'Courtland', 'Ontario', 'N0J 1E0', 'c7fdf33e-f473-484f-a043-5eb732ce052d'),
	('2025-06-30 14:58:59.820024+00', '310 Durham Market St N, Kincardine, ON N2Z 1Z9, Canada', 'Kincardine', 'Ontario', 'N2Z 1Z9', '6f78e661-2b7d-4fef-bf13-02ce83773518'),
	('2025-07-02 16:37:38.924313+00', 'Celebration Square Ice Skating Rink, City Centre Drive, Mississauga, ON, Canada', 'Mississauga', 'Ontario', 'L5B, Canada', '1c2078cb-3f3d-4c12-bc75-32e12cce2ee5'),
	('2025-07-28 14:02:01.437753+00', '60 Neault Rd, Papineau-Cameron, Nipissing District, ON P0H 1V0, Canada', '', 'Ontario', 'P0H 1V0', '39cc5c0e-870d-4118-90ad-fae9b7f41016'),
	('2025-07-28 14:19:05.321129+00', '808 Concession 2, Elmwood, West Grey, Ontario N0G 1S0, Canada', 'Elmwood', 'Ontario', 'N0G 1S0', '9436d32b-4ddd-4b0f-9f03-085f2479b968'),
	('2025-07-28 15:31:01.252968+00', 'Canadian War Museum, 1 Vimy Pl, Ottawa, ON K1A 0M8, Canada', 'Ottawa', 'Ontario', 'K1A 0M8', 'c45e3937-d305-41d3-9920-fa5371f30a55'),
	('2025-07-28 15:32:49.715561+00', '45 Hardy Ave, Tillsonburg, Oxford County, ON N4G 3W9, Canada', 'Tillsonburg', 'Ontario', 'N4G 3W9', 'ec3b3d61-b273-4b11-848b-11530434498b'),
	('2025-07-30 15:30:16.518876+00', '94 Victoria St E, Exeter, Huron County, ON N0M 1S1, Canada', 'Exeter', 'Ontario', 'N0M 1S1', '9e174783-a045-4a02-9c1e-7b547787ce79'),
	('2025-07-28 15:42:43.346483+00', 'West, 240 St Paul St W, St. Catharines, Regional Municipality of Niagara, ON L2S 2E7, Canada', 'St. Catharines', 'Ontario', 'L2S 4B8', 'cdf559b5-701f-422c-847e-97c70bfbdbdd'),
	('2025-08-06 14:32:53.605505+00', '250 Fort York Blvd, Toronto, Toronto, ON M5V 1A9, Canada', 'Toronto', 'Ontario', 'M5V 1A9', 'd8f7abfc-99c2-4276-9115-a9a48678cf7c'),
	('2025-08-07 12:17:17.01371+00', '4065 Dufferin Ave, Petrolia, Lambton County, ON N0N 1R0, Canada', 'Petrolia', 'Ontario', 'N0N 1R0', '8dbfe212-7e7c-432c-8f33-4d8a8d2643e1'),
	('2025-08-04 12:40:41.153903+00', '28 McNamara Dr, Paradise, NL A1L 1Y5, Canada', 'Paradise', 'Newfoundland and Labrador', 'A1L 1Y5', '73099c7a-0f46-4e7a-83af-aa2fed0033dc'),
	('2025-07-30 14:11:48.299691+00', '1802 Regional Rd 97, Puslinch, Hamilton, ON N1R 5S7, Canada', 'Puslinch', 'Ontario', 'N1R 5S7', 'adce5d51-c787-4154-ad6c-77af0b8b30e8'),
	('2025-07-28 15:41:04.413598+00', '7402 Mud St W, Grassie, Regional Municipality of Niagara, ON L0R 1M0, Canada', 'Grassie', 'Ontario', 'L0R 1M0', 'b13f2685-17d2-485b-a78a-2beffa8bfde0'),
	('2025-07-29 19:43:04.914265+00', '251 Jacob St, New Hamburg, Waterloo Regional Municipality, ON N3A 1B9, Canada', 'New Hamburg', 'Ontario', 'N3A 1B9', '61ef1a3a-973b-45f9-8f2e-7f5082ea1178'),
	('2025-07-30 15:28:24.604807+00', '49 Elm Street, Drayton, Wellington County, ON N0G 1P0, Canada', 'Alma', 'Ontario', 'N0G 1P0', '88acf75c-ccd7-47b5-8458-e997ad881537'),
	('2025-08-06 14:38:22.455465+00', '1561 Lake Shore Blvd E, Old Toronto, Toronto, ON M4L 3W6, Canada', 'Toronto', 'Ontario', 'M4L 3W6', '0b93d7fc-a4d4-4a60-8d34-f3a9aa57eac8'),
	('2025-07-28 14:12:39.906222+00', '139 Pine St E, Aylmer, Elgin County, ON N5H 1N5, Canada', 'Aylmer', 'Ontario', 'N5H 1N5', '63e5d59d-fbfe-4eaa-957a-3f00f97d86b1'),
	('2025-08-04 19:58:39.904058+00', '123 William Street, New York, NY, USA', 'New York', 'New York', '10038', '8122452b-bc01-41b8-9b50-d55c0c795a77'),
	('2025-08-04 19:58:40.085342+00', '345 Park Avenue, New York, NY, USA', 'New York', 'New York', '10154', 'db5893de-761b-45be-a620-031cf6e7db91'),
	('2025-08-06 16:00:41.284556+00', '1358 Cathcart Blvd, Sarnia, ON, Canada', 'Sarnia', 'Ontario', 'N7S 2J2', '917fd1d3-723a-4276-8249-67dd98ee4487'),
	('2025-08-04 20:34:58.035846+00', '12 Apostles, Victoria, Australia', '', 'Victoria', '', 'f53e5543-2eb5-4100-8257-8ab8021a9c90'),
	('2025-08-06 16:00:41.419449+00', '2454 Nixon Road, Simcoe, ON, Canada', 'Simcoe', 'Ontario', 'N3Y 4K6', '094d9900-d44f-4279-b934-2afe8ed7b731'),
	('2025-08-04 20:34:58.196313+00', '123 William Street, New York, NY, USA', 'New York', 'New York', '10038', 'fcb9f73d-71d0-4dac-be01-7e1953a3751a'),
	('2025-08-04 15:15:56.898122+00', '22 Powerline Rd, Brantford, Brant County, ON N3R 0B9, Canada', 'Brantford', 'Ontario', 'N3R 0B9', 'c8379554-3909-45da-a38d-ca1fa7c5cb89'),
	('2025-08-04 18:17:22.899933+00', '100 Princes'' Blvd, Toronto, Toronto, ON M6K 3C3, Canada', 'Toronto', 'Ontario', 'M6K 3C3', '2b821251-7e77-41e0-8948-43a43f9f6c80'),
	('2025-07-28 15:35:44.149621+00', '7505 10th Line, Thornton, Simcoe County, ON L0L 2N0, Canada', 'Thornton', 'Ontario', 'L0L 2N0', 'eeb67155-c2f4-47d2-b022-aa9cbdc48337'),
	('2025-08-05 19:12:29.619662+00', '770 Chabad Gate, Vaughan, Thornhill, Regional Municipality of York, ON L4J 3V9, Canada', 'Vaughan', 'Ontario', 'L4J 3V9', '08d81354-9c3e-4405-b250-983629ea5917'),
	('2025-07-28 14:16:00.932346+00', '75 University Ave W, Waterloo, Waterloo Regional Municipality, ON N2L 3C5, Canada', 'Waterloo', 'Ontario', 'N2L 3C5', 'ca067299-049a-46fb-8dc6-3667434031df'),
	('2025-07-30 11:54:00.550664+00', 'Rutherford, Lambton County, ON N0P 1M0, Canada', 'Rutherford', 'Ontario', 'N0P 1M0', 'b87ee656-e465-449c-a5b7-ed9a0cfca907'),
	('2025-08-07 12:28:10.187064+00', 'Woodbridge, Vaughan, ON, Canada', 'Vaughan', 'Ontario', '', '2bc67377-6b2f-401c-b23d-b94894501baf'),
	('2025-08-07 14:45:09.363415+00', '305 Fall Fair Way, Hamilton, Binbrook, Hamilton, ON L0R 1C0, Canada', 'Hamilton', 'Ontario', 'L0R 1C0', '3537a7b7-9415-4803-a959-cc72d494a7d0'),
	('2025-08-07 14:53:19.434132+00', '36 Mill St E, Vankleek Hill, Prescott and Russell United Counties, ON K0B 1R0, Canada', 'Vankleek Hill', 'Ontario', 'K0B 1R0', 'd066dc22-94eb-457e-89bb-5ebd9f5d986c'),
	('2025-08-07 14:54:40.447468+00', '6 Kelly Rd, Westport, ON K0G 1X0, Canada', 'Westport', 'Ontario', 'K0G 1X0', '18fac886-c337-4e25-8e99-3add9a89f44d'),
	('2025-08-06 14:35:57.84641+00', '11 Bay St., Toronto, Toronto, ON M5J 3B2, Canada', 'Toronto', 'Ontario', 'M5J 3B2', '95b4dd81-4699-418f-8729-ddf0260d85ff'),
	('2025-07-30 12:15:39.938594+00', '1888 Klondike Park Rd, Wasaga Beach, Simcoe County, ON L9Z 2W8, Canada', 'Wasaga Beach', 'Ontario', 'L9Z 2W8', '950bc371-22b6-4294-b076-898932405c5c'),
	('2025-07-28 14:06:25.118366+00', '12942 Heart Lake Rd, Caledon, Regional Municipality of Peel, ON L7C 2K5, Canada', '', 'Ontario', 'L7C 2K5', '03eada1f-eb4b-45cb-8c0c-9e880829c7de'),
	('2025-08-07 15:46:38.292579+00', '865 Florence St, London, Middlesex County, ON N5W 6G6, Canada', 'London', 'Ontario', 'N5W 3V9', 'ab9ef0cc-c138-4549-affa-21808609cb01'),
	('2025-08-07 15:32:33.071595+00', '625 Abenaki Rd, Truro, Colchester County, NS B2N 0G6, Canada', 'Truro', 'Nova Scotia', 'B2N 0G6', '12dff6f8-7aea-4e53-af37-ec36a891faa5'),
	('2025-07-28 15:38:33.712591+00', '185 Wellington St, Mitchell, Perth County, ON N0K 1N0, Canada', 'Mitchell', 'Ontario', 'N0K 1N0', '5cf4948e-107e-417a-9afb-1b40de5218ab'),
	('2025-08-07 15:49:42.34271+00', '215 King St W, Old Toronto, Toronto, ON M5J 2H5, Canada', 'Toronto', 'Ontario', 'M5V 1H8', 'bbf44a89-e5dc-493e-a7eb-4957ac0031b0'),
	('2025-07-30 12:10:40.137316+00', '400 Waterloo Ave #1107, Guelph, Wellington County, ON N1H 7H9, Canada', 'Guelph', 'Ontario', 'N1H 7H9', '08e880f0-4735-4188-b621-df108c2ee55e'),
	('2025-08-07 14:58:36.821378+00', '1258 Turkey Point Rd, Simcoe, Norfolk County, ON N3Y 4K1, Canada', 'Simcoe', 'Ontario', 'N3Y 4K1', '6bdc5edb-7915-499d-b7de-04a17515f941'),
	('2025-08-07 15:40:21.775151+00', '7402 Mud St W, Grassie, Regional Municipality of Niagara, ON L0R 1M0, Canada', 'Grassie', 'Ontario', 'L0R 1M0', 'a6e4fc07-4898-48d2-ad99-dd2e89ca15b4'),
	('2025-10-15 16:05:50.181207+00', '', '', '', '', 'b494bc3b-c7ac-47b9-aef2-d5012c418484'),
	('2025-07-30 11:56:55.466084+00', '46100 Grand River Ave, Novi, Oakland County, MI 48374, USA', 'Novi', 'Michigan', '48374', '3d868c10-b40e-4c05-ac38-4ad30026d61a'),
	('2025-07-29 19:36:43.090711+00', '1 Park Ave, Halton Hills, Georgetown, Regional Municipality of Halton, ON L7G 3H9, Canada', 'Halton Hills', 'Ontario', 'L7G 1Y4', 'cfac8889-6290-4d7c-aec7-1af0dd7215fb'),
	('2025-08-07 14:48:27.891412+00', '2371 Merrittville Highway, Fonthill, ON, Canada', 'Thorold', 'Ontario', 'L0S 1E6', '0ebc9768-6ed6-443c-827a-449e18a04d98'),
	('2025-08-07 12:23:53.565971+00', 'Curve Lake First Nation Indian Reserve No. 35, Curve Lake, ON, Canada', 'Curve Lake', 'Ontario', '', 'c3b431ee-84ec-45f8-8924-364dbc32c868'),
	('2025-07-28 16:37:39.970854+00', '630 Trinity Rd S, Hamilton, Jerseyville, Hamilton, Hamilton, ON L0R 1R0, Canada', 'Hamilton', 'Ontario', 'L0R 1R0', 'ade5161a-d6e7-4c31-990e-1d67e5e7ba1b'),
	('2025-08-07 14:51:15.333083+00', '136 Robert St, Milton, Regional Municipality of Halton, ON L9T 1G9, Canada', 'Milton', 'Ontario', 'L9T 1G9', '7dadba06-3d91-4e26-a496-f9028b1aac18'),
	('2025-10-27 13:13:33.043654+00', '', '', '', '', 'de5033d0-4a9b-428f-8d9c-bf6921d42f54'),
	('2025-08-07 14:55:54.71507+00', '3790 Carp Rd, Carp, Ottawa, ON K0A 1L0, Canada', 'Ottawa', 'Ontario', 'K0A 1L0', '45be7eb2-8ae5-4909-8dff-8e613265e01e'),
	('2025-08-07 15:49:42.356771+00', '215 King St W, Old Toronto, Toronto, ON M5J 2H5, Canada', 'Toronto', 'Ontario', 'M5V 1H8', '708c025b-ff83-4b6a-bedf-5dff2862a7f7'),
	('2025-08-07 15:49:42.356714+00', '215 King St W, Old Toronto, Toronto, ON M5J 2H5, Canada', 'Toronto', 'Ontario', 'M5V 1H8', '3ce7bfe3-6823-41e2-a79d-8d15ce2b65e9'),
	('2025-08-07 15:50:41.791059+00', '215 King St W, Old Toronto, Toronto, ON M5J 2H5, Canada', 'Toronto', 'Ontario', 'M5V 1H8', '010d7322-12d9-4e5f-b46b-f906d32a0fd7'),
	('2025-09-15 11:47:42.650669+00', '30 Butterick Rd, Etobicoke, Toronto, ON M8W 3Z8, Canada', 'Toronto', 'Ontario', 'M8W 3Z8', 'cfd921c0-679c-45b7-aecc-1b31b243d70d'),
	('2025-08-08 12:08:40.834546+00', '659 New Credit Rd, Hagersville, Brant, ON N0A 1M0, Canada', 'Hagersville', 'Ontario', 'N0A 1M0', '08eadeca-e441-4498-86d4-1bf4def10f32'),
	('2025-09-11 17:32:18.427134+00', '22 Powerline Rd, Brantford, Brant County, ON N3R 0B9, Canada', 'Brantford', 'Ontario', 'N3R 0B9', '98e0f383-a1f5-44d0-ad17-064d5ac1dac2'),
	('2025-12-18 19:47:30.333362+00', '65 R Ranch Rd, Dahlonega, GA 30533, USA', 'Dahlonega', 'Georgia', '30533', '191e6c93-70be-40d1-b8a3-405b62b93d3b'),
	('2025-08-07 16:00:38.179473+00', '125 Millway Ave, Vaughan, Regional Municipality of York, ON L4K 3W3, Canada', 'Vaughan', 'Ontario', 'L4K 3W4', '0c0ac9ad-98f0-45a4-a96a-4bbdae6cc34d'),
	('2025-08-15 13:23:19.078107+00', '293 South Kingsway, Toronto, Toronto, ON M6S 3V4, Canada', 'Toronto', 'Ontario', 'M6S 3V4', 'ff3103e0-c211-4734-909a-5a06cdf0b8eb'),
	('2025-08-15 14:16:50.849082+00', '3000 Orange Blossom Dr, Naples, FL 34109, USA', 'Naples', 'Florida', '34109', '9c344d9c-3fd4-4320-8007-6de8ea267498'),
	('2025-08-12 11:38:53.24864+00', 'Toronto, Toronto, ON, Canada', 'Toronto', 'Ontario', '', '916b8a1c-ebda-4d43-8053-22f4366d9400'),
	('2025-08-18 17:45:38.974264+00', '16 Civic Centre Road, Petawawa, ON, Canada', 'Petawawa', 'Ontario', 'K8H 1X9', '1cb91ea1-6baa-4304-b0ae-28255f81c315'),
	('2025-08-21 16:33:33.960986+00', 'Paris Fairground, Silver Street, Paris, ON, Canada', 'Brant', 'Ontario', 'N3L 1V5', 'f9b13745-f468-4c7d-8c53-5db5b4e2e65a'),
	('2025-08-21 19:54:44.574616+00', '', '', '', '', '8b9dea1c-596d-40a8-8799-2f7d8964a450'),
	('2025-08-21 19:54:44.670842+00', '', '', '', '', 'f2a0281f-79fc-4b37-b061-36847210437e'),
	('2025-08-21 19:54:50.268298+00', '', '', '', '', 'c84d4201-bf1f-45f7-91ab-ac6bde15a10a'),
	('2025-08-21 19:54:50.333822+00', '', '', '', '', '5a0ac116-f6de-4cbc-a5db-872bfa22ce37'),
	('2025-08-21 19:54:55.02813+00', '', '', '', '', '10807457-c749-4de3-a20b-38bbdbb6b362'),
	('2025-08-21 19:54:55.092891+00', '', '', '', '', '0c369990-9efa-4e0b-9c6f-0c413e13e810'),
	('2025-09-16 01:08:56.071673+00', '6815 Stanley Avenue, Niagara Falls, ON, Canada', 'Niagara Falls', 'Ontario', 'L2G 7B6', 'fa2af4b9-fa9f-441f-b93a-b9d310e625d6'),
	('2025-08-26 14:34:24.187994+00', '10 Vena Wy, North York, Toronto, Toronto, ON M9M 0G3, Canada', 'Toronto', 'Ontario', 'M9M 0G3', '6511d767-fdf7-41af-b0ad-c72323ff3ea3'),
	('2025-08-26 14:40:54.161306+00', 'Dundas, Millgrove, Hamilton, Ontario, Canada', 'Hamilton', 'Ontario', '', 'f9774421-e9d7-4068-a341-104329f40c80'),
	('2025-08-19 13:34:27.839194+00', '3310 Walnut St, Alvinston, Lambton County, ON N0N 1A0, Canada', 'Alvinston', 'Ontario', 'N0N 1A0', '008d749c-69d4-4200-9935-4a66257e7faf'),
	('2025-08-07 15:52:38.256603+00', '777 Memorial Ave, Orillia, Simcoe County, ON L3V 7V3, Canada', 'Orillia', 'Ontario', 'L3V 7V3', '50f85f87-1c42-434e-9768-7d3598ab2dc1'),
	('2025-08-18 19:45:43.74148+00', '1605 Queen St W, Old Toronto, Toronto, ON M6R 1A9, Canada', 'Toronto', 'Ontario', 'M6R 1A9', '63ff8ec0-7aa0-42b7-bb1c-35a551779733'),
	('2025-10-07 13:51:52.077659+00', '4555 Upper Rpds Rd, Niagara Falls, Allanburg, ON L2G 5Y7, Canada', 'Niagara Falls', 'Ontario', 'L2G 5Y7', '8427b398-2798-42a3-b281-9383379df493'),
	('2025-09-03 11:32:03.657333+00', '226 Wyecroft Rd, Oakville, Regional Municipality of Halton, ON L6K 3S3, Canada', 'Oakville', 'Ontario', 'L6K 3X7', 'a58cbc2b-6bf6-465a-9aba-f5cdb80ae36a'),
	('2025-08-07 16:16:10.711334+00', '303 York St, Kingston, Frontenac County, ON K7K 4M4, Canada', 'Kingston', 'Ontario', 'K7K 4M4', '445c5bf6-7f74-41b2-8acb-f7c5b8965903'),
	('2025-08-15 13:36:16.275166+00', '8440 Fairground Road, La Plata, MD, USA', 'La Plata', 'Maryland', '20646', '6cec8c70-c7b3-4b0f-9059-33d5a881d15c'),
	('2025-08-07 15:57:46.381558+00', '100 Philip Aziz Avenue, London, Middlesex County, ON, Canada', 'London', 'Ontario', 'N6A 5P9', '41ee4a1d-a134-4ea2-869e-3fddc3c8f43a'),
	('2025-09-10 18:38:52.120378+00', '2299 James Snow Parkway North, Milton, ON, Canada', 'Milton', 'Ontario', 'L9T 0K3', 'aff01d0e-9d3e-4455-bb8c-c7b6be2be60e'),
	('2025-08-07 14:39:44.85596+00', '45 Jefferson St W, Forest, Lambton Shores, Lambton County, ON N0N 1J0, Canada', 'Forest', 'Ontario', 'N0N 1J0', '1728eed7-b078-4c2e-a399-81f5047c8005'),
	('2025-09-12 17:54:13.975687+00', '133 Queens Line, Rodney, Elgin County, ON N0L 2C0, Canada', 'Rodney', 'Ontario', 'N0L 2C0', '08c6a2b6-5b3c-4032-8e78-e9717f9bb62b'),
	('2025-09-15 11:44:15.046199+00', '3230 Thomas St, Innisfil, Simcoe County, ON L9S 3W5, Canada', 'Innisfil', 'Ontario', 'L9S 3W5', '143f7b5b-ffc3-4c91-a044-477b23975021'),
	('2025-09-18 15:54:52.506654+00', 'Brant Ave, Brantford, ON, Canada', 'Brantford', 'Ontario', 'N3T', 'a81a75af-7b48-42f9-9511-270913a4f478'),
	('2025-09-22 17:34:24.90667+00', '1040 Wharncliffe Rd S, London, Middlesex County, ON N6L 1H2, Canada', 'London', 'Ontario', 'N6L 1H2', '6d456ac6-e567-4896-b0e5-b305f29d312d'),
	('2025-09-11 14:17:49.545547+00', '100 Princes'' Boulevard, Toronto, ON, Canada', 'Toronto', 'Ontario', 'M6K 3C3', '904ffdfd-23c1-44b7-9a2b-4daf3a36a852'),
	('2025-09-23 11:27:38.088872+00', '630 Trinity Rd S, Hamilton, Jerseyville, Hamilton, ON L0R 1R0, Canada', 'Hamilton', 'Ontario', 'L0R 1R0', 'a54df568-2f93-4912-b562-cede527e7af8'),
	('2025-09-25 12:28:38.794936+00', '15 Lang Way, Guelph, Wellington County, ON N1G 3B9, Canada', 'Guelph', 'Ontario', 'N1G 3B9', '59edc249-8c8f-4765-8c86-cf5788acf149'),
	('2025-10-14 17:09:54.928527+00', '301 2nd Ave, Haddon Heights, Camden County, NJ 08035, USA', 'Haddon Heights', 'New Jersey', '08035', 'bab1e606-b138-4c06-8c9c-9ab6051b8080'),
	('2025-09-04 16:32:46.159604+00', '21737 Fairview Rd, Thorndale, Middlesex County, ON N0M 2P0, Canada', 'Thorndale', 'Ontario', 'N0M 2P0', 'f90892f7-c4e6-43fc-baff-a6cc02bc31e0'),
	('2025-09-25 19:23:58.931359+00', 'Oakville Trafalgar Community Centre, Reynolds Street, Oakville, ON, Canada', 'Oakville', 'Ontario', 'L6J 3L7', '6a8546e2-ba8c-4680-938a-78b564ba3928'),
	('2025-09-03 19:45:21.688159+00', 'Brigden Fairgrounds, Courtright Line, Brigden, ON, Canada', 'Brigden', 'Ontario', 'N0N 1B0', 'fd0e606a-e32a-46ff-a9cb-a0ebe2830532'),
	('2025-10-17 19:28:15.172281+00', '', '', '', '', '8ffebfa2-20c9-4ded-b2a2-2e37b3977f1f'),
	('2025-10-27 13:13:32.974697+00', '', '', '', '', '7fe03d37-bea0-48a5-bdce-9179d9ddbe28'),
	('2025-10-14 14:16:14.299913+00', '707 College Hwy, Southwick, Hampden County, MA 01077, USA', 'Southwick', 'Massachusetts', '01077', 'b0c4da97-3642-4ca3-b78c-f468930227e2'),
	('2025-09-06 11:20:29.579757+00', 'The Rockton Agricultural Society, Home of the Rockton World''s Fair, Old Highway 8, Rockton, ON, Canada', 'Hamilton', 'Ontario', 'L0R 1X0', 'eb238b90-a380-419a-a8fc-f92dcc4e7161'),
	('2025-10-15 16:05:54.95789+00', '', '', '', '', 'ccb7e0c5-126e-432a-9377-db8f2ec9876c'),
	('2025-10-15 15:26:53.243227+00', '2454 Nixon Road, Simcoe, ON, Canada', 'Simcoe', 'Ontario', 'N3Y 4K6', '65f3f25b-79e4-4983-b916-8fbfae73c031'),
	('2025-10-16 12:38:23.52995+00', '8440 Fairground Rd, La Plata, MD 20646, USA', 'La Plata', 'Maryland', '20646', '25015345-c5d1-48e5-b9ed-adcf1c3bbd77'),
	('2025-10-16 12:38:23.706791+00', '2454 Nixon Road, Simcoe, ON, Canada', 'Simcoe', 'Ontario', 'N3Y 4K6', '1c001142-d81f-484d-9169-e07b04687c6a'),
	('2025-10-16 13:05:00.747753+00', '2454 Nixon Road, Simcoe, ON, Canada', 'Simcoe', 'Ontario', 'N3Y 4K6', 'e3b0e39b-e26b-4473-8882-537b737f4064'),
	('2025-10-16 13:05:00.851579+00', 'Niagara Falls Convention Center (NFCC), 101 Old Falls St, Niagara Falls, NY 14303, United States', 'Niagara Falls', 'New York', '14303', '146ac848-d285-454d-b0fc-4d2a3c396732'),
	('2025-10-15 15:28:42.388055+00', '2454 Nixon Road, Simcoe, ON, Canada', 'Simcoe', 'Ontario', 'N3Y 4K6', '8a91d68b-76a7-43f2-ac8e-5a3788692040'),
	('2025-10-10 12:40:17.775621+00', 'Timmerbyn, Sälen, Sweden', '', 'Dalarnas län', '780 91', 'a7183c75-e5ce-42af-8d6d-f4d117914725'),
	('2025-10-17 19:28:15.082167+00', '', '', '', '', 'fe034674-23c1-4a75-8607-c2a9e527bc16'),
	('2025-10-10 12:40:17.69333+00', 'Timmermans'' Ranch and horse stables, Nixon Road, Simcoe, ON, Canada', 'Simcoe', 'Ontario', 'N3Y 4K6', 'e4f50159-6d7a-4ee5-b3e9-a3b616f24ed0'),
	('2025-10-22 15:35:14.762559+00', 'Ancaster Fairgrounds, Trinity Road South, Jerseyville, ON, Canada', 'Hamilton', 'Ontario', 'L0R 1R0', 'fe0cc914-7905-4cb0-885f-a6da7770cedb'),
	('2025-10-16 13:23:47.690957+00', 'Ancaster Fairgrounds, Trinity Road South, Jerseyville, ON, Canada', 'Hamilton', 'Ontario', 'L0R 1R0', '6ef4ae14-0a34-40ac-80a5-afcd4119e5c3'),
	('2025-10-22 15:35:14.87731+00', '2454 Nixon Road, Simcoe, ON, Canada', 'Simcoe', 'Ontario', 'N3Y 4K6', '13f17bea-b447-4a36-afd2-0c99fbea988d'),
	('2025-10-22 15:35:55.659965+00', 'Ancaster Fairgrounds, Trinity Road South, Jerseyville, ON, Canada', 'Hamilton', 'Ontario', 'L0R 1R0', 'aadd7639-9e33-40ae-a3df-0c3ed399ec5f'),
	('2025-10-22 15:35:55.767589+00', '2454 Nixon Road, Simcoe, ON, Canada', 'Simcoe', 'Ontario', 'N3Y 4K6', '1c5d8227-dc73-4136-81dc-61decb34fc49'),
	('2025-10-27 13:10:45.490109+00', 'Niagara Falls Convention Centre, Stanley Avenue, Niagara Falls, ON, Canada', 'Niagara Falls', 'Ontario', 'L2G 3Y9', '2597af32-922e-43ee-9cfa-c0fc98ad82c7'),
	('2025-10-27 12:58:29.981127+00', '2454 Nixon Road, Simcoe, ON, Canada', 'Simcoe', 'Ontario', 'N3Y 4K6', '0d25af84-f2ee-4b4a-8a16-de26bee5e0ab'),
	('2025-10-27 13:10:45.571231+00', '2454 Nixon Road, Simcoe, ON, Canada', 'Simcoe', 'Ontario', 'N3Y 4K6', '87012e1e-7ad2-4afe-8e98-296b51355a4a'),
	('2025-09-22 17:51:44.364142+00', '10 Malcolm St, Cambridge, Waterloo Regional Municipality, ON N1R 1L7, Canada', 'Cambridge', 'Ontario', 'N1R 1L7', 'a8bc4cb5-a673-4a27-a457-f39f1cfc8f98'),
	('2025-10-27 12:59:05.357993+00', '6815 Stanley Avenue, Niagara Falls, ON, Canada', 'Niagara Falls', 'Ontario', 'L2G 7B6', '27fbdbe2-38bb-48f2-8b05-2e66bcadfbef'),
	('2025-10-28 18:44:42.842763+00', '655 Executive Dr, Du Quoin, Perry County, IL 62832, USA', 'Du Quoin', 'Illinois', '62832', 'b0347415-cdba-4c28-8ed3-206a6caa4651'),
	('2025-10-29 14:09:25.365545+00', 'Fergus Fall Fair, Belsyde Avenue East, Fergus, ON, Canada', 'Fergus', 'Ontario', 'N1M 3S1', '2fecafff-f881-4b05-bf0e-ee992dfd67f9'),
	('2025-10-29 13:51:47.398194+00', '875 Nellis St, Woodstock, Oxford County, ON N4S 4C6, Canada', 'Woodstock', 'Ontario', 'N4S 4C6', '310df9f3-8e16-4a6d-817c-f3a0f62a997f'),
	('2025-11-14 18:00:28.248157+00', '1509 Russell Pkwy, Warner Robins, GA 31088, USA', 'Warner Robins', 'Georgia', '31088', '71ef35ef-b1a5-4a8d-80df-26c21df84954'),
	('2025-10-31 19:40:54.27896+00', '199 Winniett St, Woodstock, ON N4S 6A1, Canada', 'Woodstock', 'Ontario', 'N4S 6A1', '804b24bb-002e-48db-a880-6dc07b377a75'),
	('2025-11-21 15:02:58.868116+00', 'Seguin, TX, USA', 'Seguin', 'Texas', '78155', '6c990bd5-2cf1-40c7-bd6b-2bce7b8e94c0'),
	('2025-10-06 12:31:17.067332+00', 'Osprey Community Arena, COUNTY RD, Singhampton, ON, Canada', 'Singhampton', 'Ontario', 'N0C 1M0', '7ecd6474-2892-4a81-90b0-32b527781a9f'),
	('2025-11-14 18:03:27.41495+00', 'South Florida Fair, 9067 Southern Blvd, West Palm Beach, FL 33411, USA', 'West Palm Beach', 'Florida', '33411', 'fca71feb-864e-4b0e-843e-bc8ea03603b1'),
	('2025-11-03 09:36:16.459514+00', '12 Winding Way Crescent, London, ON, Canada', 'London', 'Ontario', 'N6G 3G1', 'dbb2c940-10e2-4e99-ba72-00410c18ad1b'),
	('2025-11-03 09:36:16.563325+00', 'Timmermans'' Ranch and horse stables, Nixon Road, Simcoe, ON, Canada', 'Simcoe', 'Ontario', 'N3Y 4K6', 'bfef3dc1-75ce-456d-9e33-6489b7c377e5'),
	('2025-11-03 17:27:51.725929+00', '12 Winding Way Crescent, London, ON, Canada', 'London', 'Ontario', 'N6G 3G1', '9462404d-95d9-456c-afcb-42f95f52beee'),
	('2025-11-03 17:27:51.828943+00', 'Timmermans'' Ranch and horse stables, Nixon Road, Simcoe, ON, Canada', 'Simcoe', 'Ontario', 'N3Y 4K6', 'b22c4982-2dec-4b17-b15f-0b5035265532'),
	('2025-11-14 18:12:41.829641+00', '17401 Palm Creek Dr, North Fort Myers, FL 33917, USA', 'North Fort Myers', 'Florida', '33917', '1c12e85c-8bda-4677-bfd4-f1c46d6bac2c'),
	('2025-11-14 18:14:50.956232+00', '1571 McCurdy Ave N, Rainsville, AL 35986, USA', 'Rainsville', 'Alabama', '35986', '093ed320-39cb-43d3-b2de-39cf25612836'),
	('2025-10-31 19:55:31.978057+00', '600 E Grand Ave, Chicago, Cook County, IL 60611, USA', 'Chicago', 'Illinois', '60611', '9fe8e3ac-488c-4011-9189-595ae92cf06c'),
	('2025-11-04 16:18:43.745663+00', '3230 Woodward Ave, Burlington, Regional Municipality of Halton, ON L7N 3P1, Canada', 'Burlington', 'Ontario', 'L7N 3P1', 'd574654d-64ed-4b7d-a072-c938b6e1ba31'),
	('2025-11-04 16:18:43.86589+00', '2454 Nixon Road, Simcoe, ON, Canada', 'Simcoe', 'Ontario', 'N3Y 4K6', '122d7306-45b7-4167-a084-eba8968708a7'),
	('2025-11-03 17:27:51.754636+00', 'Nelson High School, 4181 New St, Burlington, ON L7L 1T3, Canada', 'Burlington', 'Ontario', 'L7L 1T3', '42c63469-b30d-45a4-8d1c-27a0bcffab03'),
	('2025-09-22 17:54:41.199805+00', '100 Princes'' Blvd, Toronto, Toronto, ON M6K 3C3, Canada', 'Toronto', 'Ontario', 'M6K 3C3', 'b9a4994c-866b-44f5-9ab3-f01d29744655'),
	('2025-10-31 12:30:14.367661+00', '3230 Woodward Ave, Burlington, Regional Municipality of Halton, ON L7N 3P1, Canada', 'Burlington', 'Ontario', 'L7N 3P1', '56cc1214-dd70-47aa-a6a6-007ccc04ed06'),
	('2025-11-04 16:21:37.090779+00', '3230 Woodward Ave, Burlington, Regional Municipality of Halton, ON L7N 3P1, Canada', 'Burlington', 'Ontario', 'L7N 3P1', 'b1aead3c-733e-42ec-a485-7558626dfc4f'),
	('2025-11-04 16:21:37.20064+00', '2454 Nixon Road, Simcoe, ON, Canada', 'Simcoe', 'Ontario', 'N3Y 4K6', 'ecdd1c98-7d8a-436f-b8ae-93aecdf96a6b'),
	('2025-11-04 19:12:24.890583+00', 'University Stadium, Seagram Drive, Waterloo, ON, Canada', 'Waterloo', 'Ontario', 'N2L 3B7', '205f28ba-5d6b-45ff-ad87-0bb750e70c3f'),
	('2025-11-04 19:12:25.038531+00', '2454 Nixon Road, Simcoe, ON, Canada', 'Simcoe', 'Ontario', 'N3Y 4K6', '2a4497a1-2322-4829-8ccb-3f5ed8ee293a'),
	('2025-11-04 19:30:18.736576+00', '2454 Nixon Road, Simcoe, ON, Canada', 'Simcoe', 'Ontario', 'N3Y 4K6', '7903bfdd-8bb5-4137-8700-091209f32e5d'),
	('2025-11-04 19:30:55.913173+00', '6 Dalhousie St, Brantford, ON N3T 6C8, Canada', 'Brantford', 'Ontario', 'N3T 2H7', '27936e19-f91d-4e54-9273-6b2cbf6afa03'),
	('2025-11-04 19:31:56.848981+00', '6 Dalhousie St, Brantford, ON N3T 6C8, Canada', 'Brantford', 'Ontario', 'N3T 2H7', '1f0464d4-f980-4ecb-8bae-bb76703a332d'),
	('2025-11-04 19:31:56.94485+00', '2454 Nixon Road, Simcoe, ON, Canada', 'Simcoe', 'Ontario', 'N3Y 4K6', '0930ca1d-b1a5-4b27-83d8-9bbcf4659c01'),
	('2025-11-07 19:51:48.065042+00', 'Fox Den Farms, Leslie Street, Richmond Hill, ON, Canada', 'Richmond Hill', 'Ontario', 'L4E 1A2', '07b398aa-db58-4cff-8643-6ccb0edb6604'),
	('2025-11-07 20:10:18.912055+00', 'Toronto, ON, Canada', 'Toronto', 'Ontario', '', '5ce7efa1-809b-48a8-8f89-55ffc889bcb6'),
	('2025-11-07 20:10:19.008218+00', 'Sarnia, ON, Canada', 'Sarnia', 'Ontario', '', 'ae7b0156-6b8e-4ab5-bfc6-30c452776c40'),
	('2025-11-04 16:20:52.728577+00', '3230 Woodward Ave, Burlington, Regional Municipality of Halton, ON L7N 3P1, Canada', 'Burlington', 'Ontario', 'L7N 3P1', '8f4ed9e1-b40c-415f-b9d0-008da9c19a98'),
	('2025-11-04 16:20:52.851248+00', '2454 Nixon Road, Simcoe, ON, Canada', 'Simcoe', 'Ontario', 'N3Y 4K6', '42e57167-ed0a-4110-8994-8e50ca2d95a9'),
	('2025-11-04 19:33:41.128496+00', 'University Stadium, Seagram Drive, Waterloo, ON, Canada', 'Waterloo', 'Ontario', 'N2L 3B7', 'd7abffe3-1f9b-40e7-86b3-2aeac92707aa'),
	('2025-11-04 19:33:41.231338+00', '2454 Nixon Road, Simcoe, ON, Canada', 'Simcoe', 'Ontario', 'N3Y 4K6', '977945ef-c3de-48b9-aa61-80eb06b57e0c'),
	('2025-11-19 14:53:51.699709+00', '84328 Lucknow Line, Dungannon, Huron County, ON N0M 1R0, Canada', 'Dungannon', 'Ontario', 'N0M 1R0', 'e17ee854-3a44-4894-b26e-f1c6836ceda7'),
	('2025-11-12 15:45:58.992038+00', '2454 Nixon Road, Simcoe, ON, Canada', 'Simcoe', 'Ontario', 'N3Y 4K6', '89332000-0a15-42ac-8988-566e91252dfa'),
	('2025-11-12 15:45:59.119576+00', '31 Main Street, East Hartford, CT, USA', 'East Hartford', 'Connecticut', '06118', 'f6c6d81d-f96a-4d67-814f-fba2d9920374'),
	('2025-11-14 15:35:46.778081+00', '', '', '', '', 'b3eaf952-afc1-4220-85be-c0b44af5ea54'),
	('2025-11-14 15:35:46.840026+00', '', '', '', '', '4511a61c-47b3-4c9d-9c31-4cd3de9a95bc'),
	('2025-11-14 16:58:02.338899+00', 'Gas South Convention Center, 6400 Sugarloaf Pkwy, Duluth, GA 30097, USA', 'Duluth', 'Georgia', '30097', '67d85749-afbb-41b2-b08c-9662053f1dc7'),
	('2025-11-14 17:01:34.906259+00', '85 Perimeter Rd, Tifton, GA 31793, USA', 'Tifton', 'Georgia', '31793', '9ef28c40-9699-4326-a513-27fb560844b2'),
	('2025-11-14 17:44:11.174735+00', 'Freedom Factory, 21050 FL-64, Bradenton, FL 34212, USA', 'Bradenton', 'Florida', '34212', 'a5f211dd-b976-4418-9a1f-3720b7e35532'),
	('2025-11-14 17:47:19.345504+00', 'Saint Johns County Fairgrounds, 5840 FL-207, Elkton, FL 32033, USA', 'Elkton', 'Florida', '32033', 'dd186ec8-a610-499a-b1fc-0182fdeabe94'),
	('2025-11-14 17:50:10.038111+00', 'Freedom Factory, 21050 FL-64, Bradenton, FL 34212, USA', 'Bradenton', 'Florida', '34212', '1b9446d5-9f15-432e-9e70-3cd66df44b11'),
	('2025-11-14 17:58:28.637181+00', '30771 Betts Rd, Myakka City, FL 34251, USA', '', 'Florida', '34251', '997446d8-dff2-4668-bbd6-b25d022c49db'),
	('2025-11-14 21:42:06.847971+00', 'Timmermans'' Ranch and horse stables, Nixon Road, Simcoe, ON, Canada', 'Simcoe', 'Ontario', 'N3Y 4K6', '495e0a28-0749-4358-8c29-ba352d78bb8c'),
	('2025-11-14 21:42:06.958322+00', 'CN Tower, Bremner Boulevard, Toronto, ON, Canada', 'Toronto', 'Ontario', 'M5V 3L9', 'd4c69e9a-7f06-48b2-956b-d75c53942d14'),
	('2025-11-16 21:17:54.562824+00', '12 Winding Way, Belvidere, NJ, USA', 'Belvidere', 'New Jersey', '07823', '458e47c5-d1a6-4e86-8108-f5331738cf45'),
	('2025-11-16 21:17:54.659964+00', '12 Rexway Road, London, ON, Canada', 'London', 'Ontario', 'N6G 3C3', '177758ae-ccb3-4cb2-928e-ae8ddd0ee30f'),
	('2025-11-16 21:22:08.477707+00', '123 William Street, New York, NY, USA', 'New York', 'New York', '10038', '53b509ff-c8c4-47db-84ff-0ad27211c18c'),
	('2025-11-16 21:22:08.569842+00', '234 USA Parkway, Sparks, NV, USA', 'Sparks', 'Nevada', '89434', 'a2b82643-6c9b-4340-9cbf-ea709f3b6061'),
	('2025-11-14 18:27:21.137596+00', 'Freedom Factory, 21050 FL-64, Bradenton, FL 34212, USA', 'Bradenton', 'Florida', '34212', 'b1d1796c-7812-486c-9a60-e40c2ed13dda'),
	('2025-11-12 15:40:54.960049+00', '120 Randolph Road, Silver Spring, Montgomery County, MD, USA', 'Silver Spring', 'Maryland', '20904', '5ce58087-4947-4537-870f-e32edff2b5d5'),
	('2025-11-20 19:36:22.375439+00', '5800 Sardis Rd, Charlotte, NC 28270, USA', 'Charlotte', 'North Carolina', '28270', 'a9d11523-a893-458d-b645-c6d6de2bb9a8'),
	('2025-11-24 16:11:35.071137+00', 'Timmermans'' Ranch and horse stables, Nixon Road, Simcoe, ON, Canada', 'Simcoe', 'Ontario', 'N3Y 4K6', 'd9b8fbc9-284e-427f-8cb4-098dc23b4d47'),
	('2025-11-24 16:11:35.188115+00', 'Timmermann''s Ranch & Saddle Shop, West Roberts Road, Island Lake, IL, USA', 'Island Lake', 'Illinois', '60042', 'ea348344-5907-4cd2-b4c3-bb5a50f0d7e4'),
	('2025-11-25 13:23:20.866247+00', 'Ancaster Fairgrounds, Trinity Road South, Jerseyville, ON, Canada', 'Hamilton', 'Ontario', 'L0R 1R0', '0e6d0a2c-e63c-48ba-9b2c-edfd42a0436d'),
	('2025-11-25 13:28:13.713697+00', '383 Belle River Rd E, South Woodslee, Essex County, ON N0R 1V0, Canada', 'South Woodslee', 'Ontario', 'N0R 1V0', '2cbec6c5-cf2c-47c1-b932-03ca39c393c9'),
	('2025-11-25 13:33:04.65985+00', '557 Walter St, Lucknow, Bruce County, ON N0G 2H0, Canada', 'Lucknow', 'Ontario', 'N0G 2H0', '0723fb27-8f74-4560-8619-1f925a761e8e'),
	('2025-11-20 17:58:35.046468+00', '325 University Dr, Hershey, Dauphin County, PA 17033, USA', 'Hershey', 'Pennsylvania', '17033', 'a84ec327-7470-406d-9165-72d647849469'),
	('2025-11-14 18:08:47.354987+00', 'Greater Hillsborough County Fair, 215 Sydney Washer Rd, Dover, FL 33527, USA', 'Dover', 'Florida', '33527', '337bf68f-2884-4842-a81b-e59d3c476739'),
	('2025-11-14 18:31:24.816586+00', 'Northeast Florida Scottish Games and Festival, 2497 FL-16, Green Cove Springs, Clay County, FL 32043, USA', 'Green Cove Springs', 'Florida', '32043', '1d500838-4c45-4bd7-8676-51774e1fe76d'),
	('2025-11-14 18:20:45.378152+00', 'Florida State Fairgrounds Special Events Center, 4800 U.S. 301, Tampa, Florida 33610, USA', 'Tampa', 'Florida', '33610', '4d59454d-c46b-437a-a442-bd89fff60722'),
	('2025-11-17 15:53:52.775625+00', 'Niagara Falls Convention Centre, Stanley Avenue, Niagara Falls, ON, Canada', 'Niagara Falls', 'Ontario', 'L2G 3Y9', '1e083ae9-fc94-486b-87a4-cbe43cd72f6e'),
	('2025-11-17 16:17:06.327356+00', 'The International Center, Airport Road, Mississauga, ON, Canada', 'Mississauga', 'Ontario', 'L4V 1E8', 'fd154b0d-310e-42e5-85c3-d340f9d2c001'),
	('2025-11-14 18:05:52.223721+00', 'Central Winds Park, 1000 Central Winds Dr, Winter Springs, FL 32708, USA', 'Winter Springs', 'Florida', '32708', '7910c148-cdad-40c4-822f-e79f3ea8f17a'),
	('2025-11-14 18:35:21.671593+00', '1350 Miller Blvd, Fruitland Park, FL 34731, USA', 'Fruitland Park', 'Florida', '34731', 'ea7ed459-9ed1-4c47-8611-0724a9419c74'),
	('2025-11-19 18:56:13.622857+00', 'Lansdowne Fairgrounds, County Road 3, Leeds and the Thousand Islands, ON, Canada', '', 'Ontario', 'K0E 1L0', '3a0338a0-0870-4c30-85bb-9df0020eed32'),
	('2025-11-19 18:52:22.461291+00', '462 Wilson Farm Rd, Calabogie, Renfrew County, ON K0J 1H0, Canada', 'Calabogie', 'Ontario', 'K0J 1H0', 'a7b11ccf-80fb-4cb6-b906-fe11c72538ce'),
	('2025-11-25 14:14:29.625199+00', 'DTR (Dallas Trailer Repair) - Irving, Texas 356, Irving, TX, USA', 'Irving', 'Texas', '75060', '6f3c77e8-12ed-4159-b898-25089e418358'),
	('2025-12-03 03:03:02.669851+00', '', '', '', '', '6123ef57-a7b3-430d-b100-917c19b7c7d1'),
	('2025-12-03 03:03:02.786502+00', '', '', '', '', '94ad91fe-8919-496c-beaa-f75ea65de9d3'),
	('2025-12-18 18:19:31.732464+00', '745 Scruggs Rd, Ringgold, GA 30736, USA', 'Ringgold', 'Georgia', '30736', '2c31cd17-9bfa-4579-8564-c09fd61488e0'),
	('2025-12-18 19:06:59.994493+00', '5775 Stadium Pkwy, Melbourne, FL 32940, USA', 'Melbourne', 'Florida', '32940', 'fe361fcf-1d06-43c1-9658-1d78050f0904'),
	('2025-12-18 19:51:23.559727+00', '100 Stilwell Dr, Hampton, VA 23651, USA', 'Hampton', 'Virginia', '23651', 'd8be5761-bacb-40c3-9062-3ff38df2d87e'),
	('2025-12-18 19:56:02.697911+00', '19477 Fairground Road, Robertsdale, AL, USA', 'Robertsdale', 'Alabama', '36567', 'd21c2bd5-1852-40bb-96db-d7c66df50cad'),
	('2025-12-03 14:06:14.882304+00', '2454 Nixon Road, Simcoe, ON, Canada', 'Simcoe', 'Ontario', 'N3Y 4K6', '536f088e-9555-43ec-92f8-f008fe6c960f'),
	('2025-12-03 14:06:15.016873+00', '225 Commissioners St, Toronto, ON, Canada', 'Toronto', 'Ontario', 'M4M 1A2', 'b84a1700-3f7b-4787-bd12-484cece4edc0'),
	('2025-12-18 20:00:04.243136+00', '9132 254th Terrace, Branford, FL 32008, USA', 'Branford', 'Florida', '32008', '87f7b545-acbb-428d-8ca4-70755551fd5f'),
	('2025-12-19 14:11:28.285351+00', '6815 Stanley Ave, Niagara Falls, Regional Municipality of Niagara, ON L2G 3Y9, Canada', 'Niagara Falls', 'Ontario', 'L2G 7B6', 'de91d611-042c-4fba-984c-88ff4ed42003'),
	('2025-12-19 14:16:25.106801+00', '100 Princes'' Blvd, Toronto, Toronto, ON M6K 3C3, Canada', 'Toronto', 'Ontario', 'M6K 3C3', '313a9a3c-2270-40bb-917d-fca9ae6d4da0'),
	('2025-12-19 16:14:53.212152+00', '8207 E St Bernard Hwy, Saint Bernard, LA 70085, USA', 'Poydras', 'Louisiana', '70085', '2f4105fc-f72c-4292-8b81-1b4be52d5aff'),
	('2025-12-04 15:33:23.453158+00', '1358 Cathcart Boulevard, Sarnia, ON, Canada', 'Sarnia', 'Ontario', 'N7S 2J2', '1a875882-5ec6-4e6c-8180-64410d52a0f8'),
	('2025-12-04 15:33:23.591123+00', '3434 Gray Street, Muscoy, CA, USA', 'Muscoy', 'California', '92407', 'e6d2c5b2-681c-421c-8272-d3922fc587f0'),
	('2025-12-19 15:55:06.670904+00', '711 Paragon Pl, Marksville, LA 71351, USA', 'Marksville', 'Louisiana', '71351', '7e70dfd3-c0ad-4d20-94a8-af3c32334061'),
	('2025-12-19 16:43:03.373111+00', '7550 Shady Park Dr, Central, Greenwell Springs, LA 70739, USA', 'Central', 'Louisiana', '70739', 'acb0e782-f5cc-4be1-baee-8833947ab420'),
	('2025-12-19 20:49:38.866126+00', '1402 14th Ave W, Palmetto, FL 34221, USA', 'Palmetto', 'Florida', '34221', '5f380869-75b5-4ee8-983e-6e4830c7433c'),
	('2025-12-18 18:49:33.210251+00', '2497 FL-16, Green Cove Springs, FL 32043, USA', 'Green Cove Springs', 'Florida', '32043', 'c143d4bd-5025-4dfe-a6c5-88a4203f30f8'),
	('2025-12-22 01:59:25.89353+00', '1301 NW Central Ave, Amite City, LA 70422, USA', 'Amite City', 'Louisiana', '70422', 'b9169586-a387-409e-b142-79212bd9ca2a'),
	('2025-12-22 20:58:18.882268+00', 'Florida State Fairgrounds, U.S. 301, Tampa, FL, USA', 'Tampa', 'Florida', '33610', '6b995d54-dcb7-44dc-b0d2-96f0c4a1a494'),
	('2025-12-22 20:58:19.13278+00', 'South Florida Fair, Southern Boulevard, West Palm Beach, FL, USA', 'West Palm Beach', 'Florida', '33411', '2c159ffb-e0ce-4f71-9aa6-0d4b66b433b9'),
	('2025-12-22 21:00:13.847281+00', 'Florida State Fairgrounds, U.S. 301, Tampa, FL, USA', 'Tampa', 'Florida', '33610', '519e1572-2411-4bf4-97c7-a9c537a909de'),
	('2025-12-22 21:00:14.117157+00', 'South Florida Fair, Southern Boulevard, West Palm Beach, FL, USA', 'West Palm Beach', 'Florida', '33411', '7e801ba6-27d0-48d9-b340-18df192ac301'),
	('2025-12-19 20:44:46.513844+00', '9067 Southern Blvd, West Palm Beach, FL 33411, USA', 'West Palm Beach', 'Florida', '33411', '4ef3535b-baa8-4318-b389-4f4125fa0b9b'),
	('2025-11-27 17:24:10.964594+00', '225 Commissioners Street, Toronto, ON, Canada', 'Toronto', 'Ontario', 'M4M 1A2', '0aebec5d-2359-486e-bee3-0fa29a76c910'),
	('2025-12-05 20:57:38.842497+00', '62 Friendship Rd, Laurel, MS 39443, USA', 'Laurel', 'Mississippi', '39443', 'e30eeea0-3eb6-4643-b70b-36bc31c0df78'),
	('2025-12-08 18:37:48.419809+00', '46100 Grand River Ave, Novi, Oakland County, MI 48374, USA', 'Novi', 'Michigan', '48374', 'a348cefd-334e-447f-9a1e-b1824271390d'),
	('2025-12-10 13:55:04.996566+00', '2454 Nixon Road, Simcoe, ON, Canada', 'Simcoe', 'Ontario', 'N3Y 4K6', '9d15158a-7d83-4e33-9db1-15656fd4aaaf'),
	('2025-12-10 14:07:33.215883+00', '565 Richmond St, Chatham, Chatham-Kent, ON N7M 1R2, Canada', 'Chatham', 'Ontario', 'N7M 1R2', '6d62dce5-4bd0-4d1e-8a79-76ea9676fdad'),
	('2025-12-12 16:11:36.330929+00', '462 Wilson Farm Rd, Calabogie, Renfrew County, ON K0J 1H0, Canada', 'Calabogie', 'Ontario', 'K0J 1H0', '7f508b5b-d2ae-4750-b56b-a16961159469'),
	('2025-12-04 13:15:16.50751+00', '2454 Nixon Road, Simcoe, ON, Canada', 'Simcoe', 'Ontario', 'N3Y 4K6', 'e786ef5d-a02f-4a98-a58e-89df3ac9df96'),
	('2025-12-04 13:15:16.630622+00', 'Ancaster Fairgrounds, Trinity Road South, Jerseyville, ON, Canada', 'Hamilton', 'Ontario', 'L0R 1R0', 'e53f0eca-4095-438b-9272-0ca62831b872'),
	('2025-12-04 13:07:55.085753+00', '2454 Nixon Road, Simcoe, ON, Canada', 'Simcoe', 'Ontario', 'N3Y 4K6', 'd56e081a-bbad-4eca-ae68-1453d679ff9a'),
	('2025-12-04 13:07:55.21069+00', 'Ancaster Fairgrounds, Trinity Road South, Jerseyville, ON, Canada', 'Hamilton', 'Ontario', 'L0R 1R0', '85f2ba7e-1ecf-46ba-a991-73d04b46f9c5'),
	('2025-10-27 15:21:18.566084+00', 'Ancaster Fairgrounds, Trinity Road South, Jerseyville, ON, Canada', 'Hamilton', 'Ontario', 'L0R 1R0', '58a45f6b-3ed8-4281-b6be-d9097e6fe438'),
	('2025-12-15 15:44:39.490174+00', '42254 E I 55 Service Rd, Hammond, LA 70403, USA', 'Hammond', 'Louisiana', '70403', '230f0609-798a-4b8a-b0bf-dc80656c7ee8'),
	('2025-12-15 17:51:33.708242+00', '1100 S Main St, Zwolle, LA 71486, USA', 'Zwolle', 'Louisiana', '71486', '5cf18891-27e9-4cc5-a52d-385562029355'),
	('2025-12-17 01:47:29.250331+00', '3310 Walnut St, Alvinston, Lambton County, ON N0N 1A0, Canada', 'Alvinston', 'Ontario', 'N0N 1A0', '03bfbf29-5143-4037-8ba6-eb56c330c546'),
	('2025-11-14 18:24:12.682276+00', 'Pasco County Fair Association Inc, County Road 52, Dade City, FL, USA', 'Dade City', 'Florida', '33525', '02e9e7f2-b89b-423a-83a5-2438743b55a0'),
	('2025-12-19 20:47:21.718758+00', '253 West Ponkan Road, Zellwood, FL, USA', 'Apopka', 'Florida', '32712', '93f51dae-c98a-4f1e-a945-0f274a834c31'),
	('2025-12-18 18:14:04.350735+00', '4949 Seewee Rd, Awendaw, SC 29429, USA', 'Awendaw', 'South Carolina', '29429', 'd108f0b8-31cb-448c-b6d5-4c8acc448efd'),
	('2025-12-18 18:47:10.515597+00', '101 N Atlantic Ave, Daytona Beach, FL 32118, USA', 'Daytona Beach', 'Florida', '32118', '426293cf-add5-494b-b885-f266d30bbba0'),
	('2025-12-18 18:31:18.825185+00', 'Greater Hillsborough County Fair, 215 Sydney Washer Rd, Dover, FL 33527, USA', 'Dover', 'Florida', '33527', '6c8cfe5c-a750-477d-9ae4-068fdec226eb'),
	('2025-12-22 21:53:22.19179+00', '745 Scruggs Rd, Ringgold, GA 30736, USA', 'Ringgold', 'Georgia', '30736', '00638b73-8353-42be-986a-540610c30bfd'),
	('2025-12-23 14:43:18.816535+00', '425957 Substation Rd, Burgessville, Oxford County, ON N0J 1C0, Canada', 'Burgessville', 'Ontario', 'N0J 1C0', '6507606c-14d3-49ae-bb50-a499a4e610fc'),
	('2026-01-02 19:08:52.326094+00', '2454 Nixon Road, Simcoe, ON, Canada', 'Simcoe', 'Ontario', 'N3Y 4K6', '7bdfb7a8-79b3-4ef8-8ca1-43acf97aad9f'),
	('2025-11-25 15:54:51.458783+00', 'DTR (Dallas Trailer Repair) - Irving, Texas 356, Irving, TX, USA', 'Irving', 'Texas', '75060', '6485e713-b116-499a-854e-43f4b0d37961'),
	('2025-12-30 20:30:21.674918+00', '65 R Ranch Rd, Dahlonega, GA 30533, USA', 'Dahlonega', 'Georgia', '30533', '634196a7-1ca7-4982-abff-f92785c2935e'),
	('2026-01-02 13:20:54.912385+00', '2454 Nixon Road, Simcoe, ON, Canada', 'Simcoe', 'Ontario', 'N3Y 4K6', 'b6223f90-5c70-455c-affa-a452f5195910'),
	('2026-01-02 13:20:55.046508+00', '325 University Dr, Hershey, Dauphin County, PA 17033, USA', 'Hershey', 'Pennsylvania', '17033', '96a2c53a-72ab-491f-b7eb-148bea5680b9'),
	('2026-01-02 19:08:52.472944+00', 'The International Centre, Airport Road, Mississauga, ON, Canada', 'Mississauga', 'Ontario', 'L4V 1E8', '894922c1-cb00-485e-8d38-dd6d9da6edd4'),
	('2026-01-02 15:44:20.842711+00', '2454 Nixon Road, Simcoe, ON, Canada', 'Simcoe', 'Ontario', 'N3Y 4K6', '28a1580d-649a-47f7-9828-0b2e43cb14fd'),
	('2026-01-02 15:44:20.969461+00', 'The International Center, Airport Road, Mississauga, ON, Canada', 'Mississauga', 'Ontario', 'L4V 1E8', '6b101384-e6da-453a-8988-49450a4bb6e8'),
	('2026-01-02 15:44:55.218063+00', '234 Main Street, Winnipeg, MB, Canada', 'Winnipeg', 'Manitoba', 'R2H 1J3', '5b549bdb-95ca-4f4d-9f6d-328eafc6757c'),
	('2026-01-02 15:44:55.344923+00', '123 Main Street, Winnipeg, MB, Canada', 'Winnipeg', 'Manitoba', 'R3C 4V9', '2811dff6-a9af-4506-ac44-e57e110e317d'),
	('2026-01-02 19:07:48.733692+00', '2454 Nixon Road, Simcoe, ON, Canada', 'Simcoe', 'Ontario', 'N3Y 4K6', '101b68aa-2c48-424b-983b-b2fbb00f2abb'),
	('2026-01-02 19:07:48.887736+00', 'The International Center, Airport Road, Mississauga, ON, Canada', 'Mississauga', 'Ontario', 'L4V 1E8', 'a30c36fc-883f-49f1-882f-ee95d825dd25'),
	('2026-01-02 19:09:54.6531+00', '2454 Nixon Road, Simcoe, ON, Canada', 'Simcoe', 'Ontario', 'N3Y 4K6', '86e7fd62-7b67-4728-b754-64d8215c4a00'),
	('2026-01-02 19:09:54.777102+00', 'The International Center, Airport Road, Mississauga, ON, Canada', 'Mississauga', 'Ontario', 'L4V 1E8', 'ab79bce2-e149-4adf-94bf-f31c3133097c'),
	('2026-01-02 19:10:54.921045+00', '2454 Nixon Road, Simcoe, ON, Canada', 'Simcoe', 'Ontario', 'N3Y 4K6', 'e7283b7c-5045-4771-8a96-84049482e767'),
	('2026-01-02 19:10:55.05749+00', 'The International Center, Airport Road, Mississauga, ON, Canada', 'Mississauga', 'Ontario', 'L4V 1E8', '8f78e73c-77a9-42ed-8fcc-f3952329dcd1'),
	('2026-01-05 19:47:25.724516+00', 'Cobb Convention Center (Cobb Galleria Centre), 2 Galleria Pkwy SE, Atlanta, GA 30339, USA', 'Atlanta', 'Georgia', '30339', '461fa735-39b7-4628-8605-86c0442e0e4a'),
	('2025-12-09 14:41:30.36838+00', 'DTR (Dallas Trailer Repair) - Irving, Texas 356, Irving, TX, USA', 'Irving', 'Texas', '75060', 'b9f92ca7-2641-4098-b0b3-e765c4f7a09d'),
	('2025-12-30 13:36:05.138878+00', 'The International Center, Airport Road, Mississauga, ON, Canada', 'Mississauga', 'Ontario', 'L4V 1E8', '35c039af-824e-4a71-8e31-c46b236aec48'),
	('2026-01-06 14:22:42.886211+00', '62126 Louisiana 1090, Pearl River, LA, USA', 'Pearl River', 'Louisiana', '70452', '14fed438-5fde-484a-8179-00dc12c3c69f'),
	('2026-01-07 14:53:04.297299+00', '500 Boulevard Cote Vertu Ouest, Dorval, Montreal, QC H4S 1Y9, Canada', 'Dorval', 'Quebec', 'H4S 1Y9', 'd5e6327a-cbd3-4f7b-98c5-cfaf0fb696e5'),
	('2026-01-07 20:52:55.948234+00', '155 Wellington St, Mitchell, Perth County, ON N0K 1N0, Canada', 'Mitchell', 'Ontario', 'N0K 1N0', '4f9db35e-3a9d-4cb0-8e5c-f0b9280c6682');


--
-- Data for Name: HomeBases; Type: TABLE DATA; Schema: public; Owner: postgres
--

INSERT INTO "public"."HomeBases" ("home_base_id", "created_at", "home_base_name") VALUES
	(1, '2025-04-15 03:15:10.124023+00', 'Florida'),
	(2, '2025-04-15 03:15:18.721663+00', 'Georgia'),
	(3, '2025-04-15 03:15:27.327178+00', 'Texas'),
	(4, '2025-04-15 03:15:35.664421+00', 'Oklahoma'),
	(5, '2025-04-15 03:15:46.090151+00', 'Ontario'),
	(6, '2025-04-30 14:50:11.974349+00', 'Wisconsin'),
	(7, '2025-04-30 14:50:27.499893+00', 'Louisiana'),
	(8, '2025-04-30 14:58:27.789355+00', 'Arizona'),
	(9, '2025-06-04 02:06:20.625603+00', 'New York'),
	(10, '2025-06-04 02:08:08.307478+00', 'Mississippi'),
	(11, '2025-06-04 02:08:27.501917+00', 'New Jersey'),
	(12, '2025-06-04 02:09:01.684404+00', 'Virginia'),
	(13, '2025-06-16 14:42:48.604887+00', 'Missouri'),
	(14, '2025-06-16 14:51:01.07885+00', 'Alabama'),
	(15, '2025-06-24 18:34:07.16861+00', 'Nova Scotia');


--
-- Data for Name: Bleachers; Type: TABLE DATA; Schema: public; Owner: postgres
--

INSERT INTO "public"."Bleachers" ("bleacher_id", "created_at", "bleacher_number", "home_base_id", "winter_home_base_id", "bleacher_rows", "bleacher_seats", "created_by", "updated_at", "updated_by", "linxup_device_id", "summer_account_manager_uuid", "winter_account_manager_uuid") VALUES
	(169, '2025-12-05 15:17:38.968827+00', 460, 3, 3, 4, 20, NULL, NULL, NULL, NULL, NULL, NULL),
	(173, '2025-12-05 15:18:56.184223+00', 464, 3, 3, 4, 20, NULL, NULL, NULL, NULL, NULL, NULL),
	(177, '2025-12-05 15:20:46.245006+00', 468, 2, 2, 4, 20, NULL, NULL, NULL, NULL, NULL, NULL),
	(181, '2025-12-05 15:22:11.564098+00', 472, 1, 1, 4, 20, NULL, NULL, NULL, NULL, NULL, NULL),
	(23, '2025-04-30 18:54:52.387162+00', 22, 1, 1, 7, 120, NULL, NULL, NULL, NULL, NULL, NULL),
	(24, '2025-04-30 18:55:03.950811+00', 23, 1, 1, 7, 120, NULL, NULL, NULL, NULL, NULL, NULL),
	(43, '2025-04-30 20:55:10.705453+00', 42, 5, 5, 7, 96, NULL, NULL, NULL, NULL, NULL, NULL),
	(185, '2025-12-09 14:27:49.492902+00', 104, 5, 5, 10, 285, NULL, NULL, NULL, NULL, NULL, NULL),
	(16, '2025-04-30 15:01:49.991194+00', 15, 8, 8, 10, 260, NULL, NULL, NULL, '861861043868986', NULL, NULL),
	(18, '2025-04-30 15:07:29.493219+00', 17, 3, 3, 10, 300, NULL, NULL, NULL, '861861044535147', NULL, NULL),
	(22, '2025-04-30 15:13:18.488821+00', 21, 1, 1, 7, 120, NULL, NULL, NULL, '861861044527730', NULL, NULL),
	(32, '2025-04-30 20:46:55.577548+00', 31, 1, 1, 7, 120, NULL, NULL, NULL, '861861044619693', NULL, NULL),
	(170, '2025-12-05 15:18:02.727288+00', 461, 3, 3, 4, 20, NULL, NULL, NULL, NULL, NULL, NULL),
	(174, '2025-12-05 15:19:28.25954+00', 465, 3, 3, 4, 20, NULL, NULL, NULL, NULL, NULL, NULL),
	(178, '2025-12-05 15:21:08.626581+00', 469, 2, 2, 4, 20, NULL, NULL, NULL, NULL, NULL, NULL),
	(182, '2025-12-05 15:22:27.802623+00', 473, 1, 1, 4, 20, NULL, NULL, NULL, NULL, NULL, NULL),
	(138, '2025-08-15 16:09:35.813989+00', 441, 1, 1, 4, 20, NULL, NULL, NULL, NULL, NULL, NULL),
	(139, '2025-08-15 16:09:54.245174+00', 442, 1, 1, 4, 20, NULL, NULL, NULL, NULL, NULL, NULL),
	(140, '2025-08-15 16:10:10.404665+00', 443, 1, 1, 4, 20, NULL, NULL, NULL, NULL, NULL, NULL),
	(141, '2025-08-15 16:10:20.630026+00', 444, 1, 1, 4, 20, NULL, NULL, NULL, NULL, NULL, NULL),
	(142, '2025-08-15 16:10:33.480425+00', 445, 1, 1, 4, 20, NULL, NULL, NULL, NULL, NULL, NULL),
	(143, '2025-08-15 16:10:45.059582+00', 446, 1, 1, 4, 20, NULL, NULL, NULL, NULL, NULL, NULL),
	(144, '2025-08-15 16:10:57.597292+00', 447, 1, 1, 4, 20, NULL, NULL, NULL, NULL, NULL, NULL),
	(147, '2025-08-15 16:11:52.70074+00', 450, 2, 2, 4, 20, NULL, NULL, NULL, NULL, NULL, NULL),
	(148, '2025-08-15 16:12:04.986386+00', 451, 2, 2, 4, 20, NULL, NULL, NULL, NULL, NULL, NULL),
	(149, '2025-08-15 16:12:22.122232+00', 452, 2, 2, 4, 20, NULL, NULL, NULL, NULL, NULL, NULL),
	(150, '2025-08-15 16:12:35.226413+00', 453, 2, 2, 4, 20, NULL, NULL, NULL, NULL, NULL, NULL),
	(153, '2025-08-15 16:13:17.193552+00', 456, 3, 3, 4, 20, NULL, NULL, NULL, NULL, NULL, NULL),
	(154, '2025-08-15 16:13:27.692129+00', 457, 3, 3, 4, 20, NULL, NULL, NULL, NULL, NULL, NULL),
	(155, '2025-08-15 16:13:40.779431+00', 458, 3, 3, 4, 20, NULL, NULL, NULL, NULL, NULL, NULL),
	(160, '2025-11-13 14:42:50.506721+00', 95, 3, 3, 7, 108, NULL, NULL, NULL, '861861044753559', NULL, NULL),
	(156, '2025-08-15 16:20:26.990376+00', 459, 3, 3, 4, 20, NULL, NULL, NULL, NULL, NULL, NULL),
	(136, '2025-08-15 16:09:12.138458+00', 439, 1, 1, 4, 20, NULL, NULL, NULL, NULL, NULL, NULL),
	(137, '2025-08-15 16:09:25.618793+00', 440, 1, 1, 4, 20, NULL, NULL, NULL, NULL, NULL, NULL),
	(145, '2025-08-15 16:11:15.135368+00', 448, 2, 2, 4, 20, NULL, NULL, NULL, NULL, NULL, NULL),
	(146, '2025-08-15 16:11:39.045615+00', 449, 2, 2, 4, 20, NULL, NULL, NULL, NULL, NULL, NULL),
	(151, '2025-08-15 16:12:49.825769+00', 454, 3, 3, 4, 20, NULL, NULL, NULL, NULL, NULL, NULL),
	(171, '2025-12-05 15:18:18.934053+00', 462, 3, 3, 4, 20, NULL, NULL, NULL, NULL, NULL, NULL),
	(175, '2025-12-05 15:20:16.030928+00', 466, 2, 2, 4, 20, NULL, NULL, NULL, NULL, NULL, NULL),
	(179, '2025-12-05 15:21:26.603226+00', 470, 1, 1, 4, 20, NULL, NULL, NULL, NULL, NULL, NULL),
	(172, '2025-12-05 15:18:36.665696+00', 463, 3, 3, 4, 20, NULL, NULL, NULL, NULL, NULL, NULL),
	(176, '2025-12-05 15:20:30.765115+00', 467, 2, 2, 4, 20, NULL, NULL, NULL, NULL, NULL, NULL),
	(180, '2025-12-05 15:21:58.121944+00', 471, 1, 1, 4, 20, NULL, NULL, NULL, NULL, NULL, NULL),
	(53, '2025-05-01 13:54:39.97021+00', 52, 5, 5, 10, 300, NULL, NULL, NULL, NULL, 'b9c64484-356b-40aa-8d31-82de8df9700e', NULL),
	(152, '2025-08-15 16:13:02.560765+00', 455, 3, 3, 4, 20, NULL, NULL, NULL, NULL, 'eb5f9c43-4cf2-484b-91f0-28dbe23fa3c4', NULL),
	(81, '2025-05-01 14:16:23.870556+00', 79, 5, 5, 7, 150, NULL, NULL, NULL, '862255062542516', NULL, 'b9c64484-356b-40aa-8d31-82de8df9700e'),
	(97, '2025-06-18 19:11:38.218696+00', 401, 5, 5, 4, 20, NULL, NULL, NULL, NULL, NULL, 'b9c64484-356b-40aa-8d31-82de8df9700e'),
	(99, '2025-06-30 15:08:55.919298+00', 402, 5, 5, 4, 20, NULL, NULL, NULL, NULL, NULL, 'b9c64484-356b-40aa-8d31-82de8df9700e'),
	(100, '2025-06-30 15:09:13.125364+00', 403, 5, 5, 4, 20, NULL, NULL, NULL, NULL, NULL, 'b9c64484-356b-40aa-8d31-82de8df9700e'),
	(101, '2025-06-30 15:09:24.408045+00', 404, 5, 5, 4, 20, NULL, NULL, NULL, NULL, NULL, 'b9c64484-356b-40aa-8d31-82de8df9700e'),
	(102, '2025-06-30 15:09:38.769118+00', 405, 5, 5, 4, 20, NULL, NULL, NULL, NULL, NULL, 'b9c64484-356b-40aa-8d31-82de8df9700e'),
	(103, '2025-06-30 15:09:50.324705+00', 406, 5, 5, 4, 20, NULL, NULL, NULL, NULL, NULL, 'b9c64484-356b-40aa-8d31-82de8df9700e'),
	(104, '2025-06-30 15:10:00.21258+00', 407, 5, 5, 4, 20, NULL, NULL, NULL, NULL, NULL, 'b9c64484-356b-40aa-8d31-82de8df9700e'),
	(105, '2025-06-30 15:10:15.070233+00', 408, 5, 5, 4, 20, NULL, NULL, NULL, NULL, NULL, 'b9c64484-356b-40aa-8d31-82de8df9700e'),
	(106, '2025-06-30 15:10:26.570944+00', 409, 5, 5, 4, 20, NULL, NULL, NULL, NULL, NULL, 'b9c64484-356b-40aa-8d31-82de8df9700e'),
	(107, '2025-06-30 15:10:37.511811+00', 410, 5, 5, 4, 20, NULL, NULL, NULL, NULL, NULL, 'b9c64484-356b-40aa-8d31-82de8df9700e'),
	(108, '2025-06-30 15:10:50.41744+00', 411, 5, 5, 4, 20, NULL, NULL, NULL, NULL, NULL, 'b9c64484-356b-40aa-8d31-82de8df9700e'),
	(109, '2025-06-30 15:11:05.949085+00', 412, 5, 5, 4, 20, NULL, NULL, NULL, NULL, NULL, 'b9c64484-356b-40aa-8d31-82de8df9700e'),
	(110, '2025-06-30 15:11:14.852164+00', 413, 5, 5, 4, 20, NULL, NULL, NULL, NULL, NULL, 'b9c64484-356b-40aa-8d31-82de8df9700e'),
	(111, '2025-06-30 15:11:27.049289+00', 414, 5, 5, 4, 20, NULL, NULL, NULL, NULL, NULL, 'b9c64484-356b-40aa-8d31-82de8df9700e'),
	(112, '2025-06-30 15:11:41.129496+00', 415, 5, 5, 4, 20, NULL, NULL, NULL, NULL, NULL, 'b9c64484-356b-40aa-8d31-82de8df9700e'),
	(113, '2025-06-30 15:11:50.36498+00', 416, 5, 5, 4, 20, NULL, NULL, NULL, NULL, NULL, 'b9c64484-356b-40aa-8d31-82de8df9700e'),
	(114, '2025-06-30 15:12:04.401427+00', 417, 5, 5, 4, 20, NULL, NULL, NULL, NULL, NULL, 'b9c64484-356b-40aa-8d31-82de8df9700e'),
	(115, '2025-06-30 15:12:21.881345+00', 418, 5, 5, 4, 20, NULL, NULL, NULL, NULL, NULL, 'b9c64484-356b-40aa-8d31-82de8df9700e'),
	(116, '2025-08-05 12:46:18.058219+00', 419, 5, 5, 4, 20, NULL, NULL, NULL, NULL, NULL, 'b9c64484-356b-40aa-8d31-82de8df9700e'),
	(117, '2025-08-05 12:46:29.415867+00', 420, 5, 5, 4, 20, NULL, NULL, NULL, NULL, NULL, 'b9c64484-356b-40aa-8d31-82de8df9700e'),
	(118, '2025-08-05 12:46:40.137365+00', 421, 5, 5, 4, 20, NULL, NULL, NULL, NULL, NULL, 'b9c64484-356b-40aa-8d31-82de8df9700e'),
	(119, '2025-08-05 12:47:03.183255+00', 422, 5, 5, 4, 20, NULL, NULL, NULL, NULL, NULL, 'b9c64484-356b-40aa-8d31-82de8df9700e'),
	(120, '2025-08-05 12:47:13.340876+00', 423, 5, 5, 4, 20, NULL, NULL, NULL, NULL, NULL, 'b9c64484-356b-40aa-8d31-82de8df9700e'),
	(121, '2025-08-05 12:47:22.47383+00', 424, 5, 5, 4, 20, NULL, NULL, NULL, NULL, NULL, 'b9c64484-356b-40aa-8d31-82de8df9700e'),
	(122, '2025-08-05 12:47:32.855715+00', 425, 5, 5, 4, 20, NULL, NULL, NULL, NULL, NULL, 'b9c64484-356b-40aa-8d31-82de8df9700e'),
	(123, '2025-08-06 14:24:02.699551+00', 426, 5, 5, 4, 20, NULL, NULL, NULL, NULL, NULL, 'b9c64484-356b-40aa-8d31-82de8df9700e'),
	(124, '2025-08-06 14:24:13.462287+00', 427, 5, 5, 4, 20, NULL, NULL, NULL, NULL, NULL, 'b9c64484-356b-40aa-8d31-82de8df9700e'),
	(125, '2025-08-06 14:24:23.271832+00', 428, 5, 5, 4, 20, NULL, NULL, NULL, NULL, NULL, 'b9c64484-356b-40aa-8d31-82de8df9700e'),
	(126, '2025-08-06 14:24:38.868793+00', 429, 5, 5, 4, 20, NULL, NULL, NULL, NULL, NULL, 'b9c64484-356b-40aa-8d31-82de8df9700e'),
	(127, '2025-08-06 14:24:48.430378+00', 430, 5, 5, 4, 20, NULL, NULL, NULL, NULL, NULL, 'b9c64484-356b-40aa-8d31-82de8df9700e'),
	(128, '2025-08-06 14:24:58.583717+00', 431, 5, 5, 4, 20, NULL, NULL, NULL, NULL, NULL, 'b9c64484-356b-40aa-8d31-82de8df9700e'),
	(129, '2025-08-15 16:06:49.633008+00', 432, 5, 5, 4, 20, NULL, NULL, NULL, NULL, NULL, 'b9c64484-356b-40aa-8d31-82de8df9700e'),
	(130, '2025-08-15 16:07:06.842448+00', 433, 5, 5, 4, 20, NULL, NULL, NULL, NULL, NULL, 'b9c64484-356b-40aa-8d31-82de8df9700e'),
	(131, '2025-08-15 16:07:21.388344+00', 434, 5, 5, 4, 20, NULL, NULL, NULL, NULL, NULL, 'b9c64484-356b-40aa-8d31-82de8df9700e'),
	(132, '2025-08-15 16:07:35.886854+00', 435, 5, 5, 4, 20, NULL, NULL, NULL, NULL, NULL, 'b9c64484-356b-40aa-8d31-82de8df9700e'),
	(133, '2025-08-15 16:07:47.724771+00', 436, 5, 5, 4, 20, NULL, NULL, NULL, NULL, NULL, 'b9c64484-356b-40aa-8d31-82de8df9700e'),
	(134, '2025-08-15 16:07:58.594838+00', 437, 5, 5, 4, 20, NULL, NULL, NULL, NULL, NULL, 'b9c64484-356b-40aa-8d31-82de8df9700e'),
	(135, '2025-08-15 16:08:14.781207+00', 438, 5, 5, 4, 20, NULL, NULL, NULL, NULL, NULL, 'b9c64484-356b-40aa-8d31-82de8df9700e'),
	(63, '2025-05-01 14:04:04.672591+00', 622, 1, 1, 7, 100, NULL, NULL, NULL, NULL, '08d9105d-c455-419d-92f4-49907f19c324', '08d9105d-c455-419d-92f4-49907f19c324'),
	(98, '2025-06-19 18:00:22.78418+00', 621, 1, 1, 7, 100, NULL, NULL, NULL, NULL, '08d9105d-c455-419d-92f4-49907f19c324', '08d9105d-c455-419d-92f4-49907f19c324'),
	(15, '2025-04-30 15:01:28.762251+00', 14, 8, 8, 10, 260, NULL, NULL, NULL, '861861043751133', '0f5a4794-d521-47ec-8e50-9b7f6bebcda6', '0f5a4794-d521-47ec-8e50-9b7f6bebcda6'),
	(21, '2025-04-30 15:12:19.534018+00', 20, 3, 3, 10, 300, NULL, NULL, NULL, '861861043859076', '08d9105d-c455-419d-92f4-49907f19c324', '08d9105d-c455-419d-92f4-49907f19c324'),
	(27, '2025-04-30 19:08:50.117187+00', 26, 4, 4, 15, 450, NULL, NULL, NULL, '861861044412115', '0f5a4794-d521-47ec-8e50-9b7f6bebcda6', '0f5a4794-d521-47ec-8e50-9b7f6bebcda6'),
	(17, '2025-04-30 15:07:05.562893+00', 16, 4, 4, 10, 300, NULL, NULL, NULL, '861861044579061', '0f5a4794-d521-47ec-8e50-9b7f6bebcda6', '0f5a4794-d521-47ec-8e50-9b7f6bebcda6'),
	(29, '2025-04-30 20:44:36.100772+00', 28, 7, 7, 10, 300, NULL, NULL, NULL, '862255062534638', '2e6aaa1f-ec9d-49f8-9bd6-beeebb8f6912', '2e6aaa1f-ec9d-49f8-9bd6-beeebb8f6912'),
	(33, '2025-04-30 20:47:26.149253+00', 32, 3, 3, 10, 300, NULL, NULL, NULL, '861861044619362', '0f5a4794-d521-47ec-8e50-9b7f6bebcda6', '0f5a4794-d521-47ec-8e50-9b7f6bebcda6'),
	(34, '2025-04-30 20:47:56.557177+00', 33, 3, 3, 10, 300, NULL, NULL, NULL, '861861044633942', '0f5a4794-d521-47ec-8e50-9b7f6bebcda6', '0f5a4794-d521-47ec-8e50-9b7f6bebcda6'),
	(35, '2025-04-30 20:48:17.116886+00', 34, 3, 3, 15, 450, NULL, NULL, NULL, '861861043845703', '0f5a4794-d521-47ec-8e50-9b7f6bebcda6', '0f5a4794-d521-47ec-8e50-9b7f6bebcda6'),
	(40, '2025-04-30 20:53:46.876798+00', 39, 3, 3, 10, 300, NULL, NULL, NULL, '861861044651159', '0f5a4794-d521-47ec-8e50-9b7f6bebcda6', '0f5a4794-d521-47ec-8e50-9b7f6bebcda6'),
	(42, '2025-04-30 20:54:44.606117+00', 41, 3, 3, 10, 300, NULL, NULL, NULL, '861861043743015', '0f5a4794-d521-47ec-8e50-9b7f6bebcda6', '0f5a4794-d521-47ec-8e50-9b7f6bebcda6'),
	(61, '2025-05-01 14:03:19.163612+00', 60, 3, 3, 15, 450, NULL, NULL, NULL, '861861043870941', '0f5a4794-d521-47ec-8e50-9b7f6bebcda6', '0f5a4794-d521-47ec-8e50-9b7f6bebcda6'),
	(82, '2025-05-01 14:16:41.280285+00', 80, 3, 3, 7, 100, NULL, NULL, NULL, '861861044526609', '0f5a4794-d521-47ec-8e50-9b7f6bebcda6', '0f5a4794-d521-47ec-8e50-9b7f6bebcda6'),
	(94, '2025-05-01 14:21:26.505798+00', 91, 7, 7, 15, 450, NULL, NULL, NULL, '862255065042803', '2e6aaa1f-ec9d-49f8-9bd6-beeebb8f6912', '2e6aaa1f-ec9d-49f8-9bd6-beeebb8f6912'),
	(96, '2025-06-16 19:25:24.557747+00', 93, 3, 3, 7, 108, NULL, NULL, NULL, '862255065023399', '0f5a4794-d521-47ec-8e50-9b7f6bebcda6', '0f5a4794-d521-47ec-8e50-9b7f6bebcda6'),
	(12, '2025-04-30 14:44:51.826568+00', 11, 6, 6, 15, 450, NULL, NULL, NULL, NULL, '3098970e-cee5-4e00-88c3-a07abd534577', '3098970e-cee5-4e00-88c3-a07abd534577'),
	(19, '2025-04-30 15:10:06.251383+00', 18, 7, 7, 10, 300, NULL, NULL, NULL, '861861043869521', '2e6aaa1f-ec9d-49f8-9bd6-beeebb8f6912', '2e6aaa1f-ec9d-49f8-9bd6-beeebb8f6912'),
	(30, '2025-04-30 20:45:55.193303+00', 29, 3, 3, 9, 180, NULL, NULL, NULL, '861861044412156', '0f5a4794-d521-47ec-8e50-9b7f6bebcda6', '0f5a4794-d521-47ec-8e50-9b7f6bebcda6'),
	(52, '2025-05-01 13:54:18.833542+00', 51, 3, 3, 15, 450, NULL, NULL, NULL, '861861043743098', '0f5a4794-d521-47ec-8e50-9b7f6bebcda6', '0f5a4794-d521-47ec-8e50-9b7f6bebcda6'),
	(72, '2025-05-01 14:08:40.210892+00', 70, 3, 3, 15, 450, NULL, NULL, NULL, '861861044670910', '0f5a4794-d521-47ec-8e50-9b7f6bebcda6', '0f5a4794-d521-47ec-8e50-9b7f6bebcda6'),
	(83, '2025-05-01 14:16:55.775471+00', 81, 3, 3, 7, 100, NULL, NULL, NULL, '861861044413170', '0f5a4794-d521-47ec-8e50-9b7f6bebcda6', '0f5a4794-d521-47ec-8e50-9b7f6bebcda6'),
	(95, '2025-06-16 19:25:04.993902+00', 92, 3, 3, 7, 108, NULL, NULL, NULL, '862255065020734', '0f5a4794-d521-47ec-8e50-9b7f6bebcda6', '0f5a4794-d521-47ec-8e50-9b7f6bebcda6'),
	(159, '2025-11-13 14:42:29.193491+00', 94, 3, 3, 7, 108, NULL, NULL, NULL, '861861044728536', '0f5a4794-d521-47ec-8e50-9b7f6bebcda6', '0f5a4794-d521-47ec-8e50-9b7f6bebcda6'),
	(161, '2025-11-13 14:43:18.443679+00', 96, 1, 1, 7, 108, NULL, NULL, NULL, '862255065862473', '08d9105d-c455-419d-92f4-49907f19c324', '08d9105d-c455-419d-92f4-49907f19c324'),
	(162, '2025-11-13 14:43:35.589988+00', 97, 1, 1, 7, 108, NULL, NULL, NULL, '862255064982876', '08d9105d-c455-419d-92f4-49907f19c324', '08d9105d-c455-419d-92f4-49907f19c324'),
	(163, '2025-11-13 14:44:34.885615+00', 98, 5, 5, 7, 108, NULL, NULL, NULL, '862255068019931', 'b9c64484-356b-40aa-8d31-82de8df9700e', 'b9c64484-356b-40aa-8d31-82de8df9700e'),
	(164, '2025-11-13 14:44:50.18482+00', 99, 5, 5, 7, 108, NULL, NULL, NULL, '862255065079367', 'b9c64484-356b-40aa-8d31-82de8df9700e', 'b9c64484-356b-40aa-8d31-82de8df9700e'),
	(165, '2025-11-13 14:45:15.380942+00', 100, 5, 5, 7, 108, NULL, NULL, NULL, '862255068030524', 'b9c64484-356b-40aa-8d31-82de8df9700e', 'b9c64484-356b-40aa-8d31-82de8df9700e'),
	(166, '2025-11-13 14:46:24.191672+00', 101, 1, 1, 10, 285, NULL, NULL, NULL, NULL, '08d9105d-c455-419d-92f4-49907f19c324', '08d9105d-c455-419d-92f4-49907f19c324'),
	(167, '2025-11-13 14:46:37.793085+00', 102, 1, 1, 10, 285, NULL, NULL, NULL, NULL, '08d9105d-c455-419d-92f4-49907f19c324', '08d9105d-c455-419d-92f4-49907f19c324'),
	(168, '2025-11-13 14:46:56.695833+00', 103, 1, 1, 10, 285, NULL, NULL, NULL, NULL, '08d9105d-c455-419d-92f4-49907f19c324', '08d9105d-c455-419d-92f4-49907f19c324'),
	(1, '2025-04-15 03:16:44.907213+00', 1, 5, 5, 10, 300, NULL, NULL, NULL, '861861043871287', 'b9c64484-356b-40aa-8d31-82de8df9700e', 'b9c64484-356b-40aa-8d31-82de8df9700e'),
	(39, '2025-04-30 20:53:29.140164+00', 38, 1, 1, 10, 260, NULL, NULL, NULL, '861861044412032', '08d9105d-c455-419d-92f4-49907f19c324', '08d9105d-c455-419d-92f4-49907f19c324'),
	(41, '2025-04-30 20:54:09.061189+00', 40, 2, 1, 10, 260, NULL, NULL, NULL, '861861044527524', '08d9105d-c455-419d-92f4-49907f19c324', '08d9105d-c455-419d-92f4-49907f19c324'),
	(4, '2025-04-29 13:49:51.724322+00', 4, 3, 3, 10, 260, NULL, NULL, NULL, '861861044527359', '0f5a4794-d521-47ec-8e50-9b7f6bebcda6', '0f5a4794-d521-47ec-8e50-9b7f6bebcda6'),
	(5, '2025-04-29 13:50:35.310087+00', 5, 5, 5, 10, 300, NULL, NULL, NULL, NULL, 'b9c64484-356b-40aa-8d31-82de8df9700e', 'b9c64484-356b-40aa-8d31-82de8df9700e'),
	(8, '2025-04-30 14:39:24.710786+00', 7, 5, 5, 10, 240, NULL, NULL, NULL, NULL, 'b9c64484-356b-40aa-8d31-82de8df9700e', 'b9c64484-356b-40aa-8d31-82de8df9700e'),
	(9, '2025-04-30 14:40:38.163055+00', 8, 5, 5, 10, 240, NULL, NULL, NULL, NULL, 'b9c64484-356b-40aa-8d31-82de8df9700e', 'b9c64484-356b-40aa-8d31-82de8df9700e'),
	(10, '2025-04-30 14:41:34.547139+00', 9, 5, 5, 15, 450, NULL, NULL, NULL, NULL, 'b9c64484-356b-40aa-8d31-82de8df9700e', 'b9c64484-356b-40aa-8d31-82de8df9700e'),
	(11, '2025-04-30 14:42:08.371224+00', 10, 6, 6, 15, 450, NULL, NULL, NULL, NULL, '3098970e-cee5-4e00-88c3-a07abd534577', '3098970e-cee5-4e00-88c3-a07abd534577'),
	(2, '2025-04-28 15:09:32.118054+00', 2, 15, 15, 15, 450, NULL, NULL, NULL, NULL, '3098970e-cee5-4e00-88c3-a07abd534577', '3098970e-cee5-4e00-88c3-a07abd534577'),
	(3, '2025-04-28 18:09:17.727234+00', 3, 15, 15, 15, 450, NULL, NULL, NULL, NULL, '3098970e-cee5-4e00-88c3-a07abd534577', '3098970e-cee5-4e00-88c3-a07abd534577'),
	(44, '2025-04-30 20:55:38.268434+00', 43, 5, 5, 15, 450, NULL, NULL, NULL, '861861043836538', 'b9c64484-356b-40aa-8d31-82de8df9700e', 'b9c64484-356b-40aa-8d31-82de8df9700e'),
	(45, '2025-04-30 20:56:11.814795+00', 44, 5, 1, 15, 450, NULL, NULL, NULL, '861861043874281', 'b9c64484-356b-40aa-8d31-82de8df9700e', '08d9105d-c455-419d-92f4-49907f19c324'),
	(51, '2025-04-30 20:58:33.807909+00', 50, 1, 1, 15, 450, NULL, NULL, NULL, '861861043835258', '08d9105d-c455-419d-92f4-49907f19c324', '08d9105d-c455-419d-92f4-49907f19c324'),
	(54, '2025-05-01 13:54:59.423331+00', 53, 1, 1, 7, 120, NULL, NULL, NULL, '861861044755042', '08d9105d-c455-419d-92f4-49907f19c324', '08d9105d-c455-419d-92f4-49907f19c324'),
	(55, '2025-05-01 13:55:31.979873+00', 54, 5, 5, 15, 450, NULL, NULL, NULL, '861861043743072', 'b9c64484-356b-40aa-8d31-82de8df9700e', 'b9c64484-356b-40aa-8d31-82de8df9700e'),
	(58, '2025-05-01 13:57:28.411383+00', 57, 1, 1, 15, 450, NULL, NULL, NULL, '861861043837858', '08d9105d-c455-419d-92f4-49907f19c324', '08d9105d-c455-419d-92f4-49907f19c324'),
	(60, '2025-05-01 14:01:07.857093+00', 59, 3, 1, 15, 450, NULL, NULL, NULL, '861861043837361', '0f5a4794-d521-47ec-8e50-9b7f6bebcda6', '08d9105d-c455-419d-92f4-49907f19c324'),
	(46, '2025-04-30 20:56:31.729997+00', 45, 5, 5, 8, 123, NULL, NULL, NULL, '861861044527425', 'b9c64484-356b-40aa-8d31-82de8df9700e', 'b9c64484-356b-40aa-8d31-82de8df9700e'),
	(47, '2025-04-30 20:56:56.539754+00', 46, 5, 5, 10, 300, NULL, NULL, NULL, '861861044406174', 'b9c64484-356b-40aa-8d31-82de8df9700e', 'b9c64484-356b-40aa-8d31-82de8df9700e'),
	(48, '2025-04-30 20:57:29.047995+00', 47, 5, 5, 10, 300, NULL, NULL, NULL, '861861044406521', 'b9c64484-356b-40aa-8d31-82de8df9700e', 'b9c64484-356b-40aa-8d31-82de8df9700e'),
	(49, '2025-04-30 20:57:56.557532+00', 48, 5, 5, 10, 300, NULL, NULL, NULL, '861861044527417', 'b9c64484-356b-40aa-8d31-82de8df9700e', 'b9c64484-356b-40aa-8d31-82de8df9700e'),
	(50, '2025-04-30 20:58:13.84182+00', 49, 5, 5, 10, 300, NULL, NULL, NULL, '861861044670696', 'b9c64484-356b-40aa-8d31-82de8df9700e', 'b9c64484-356b-40aa-8d31-82de8df9700e'),
	(56, '2025-05-01 13:56:16.209189+00', 55, 5, 5, 15, 450, NULL, NULL, NULL, '861861043741035', 'b9c64484-356b-40aa-8d31-82de8df9700e', 'b9c64484-356b-40aa-8d31-82de8df9700e'),
	(57, '2025-05-01 13:56:37.530651+00', 56, 5, 5, 15, 450, NULL, NULL, NULL, '861861043743130', 'b9c64484-356b-40aa-8d31-82de8df9700e', 'b9c64484-356b-40aa-8d31-82de8df9700e'),
	(59, '2025-05-01 13:58:20.360028+00', 58, 5, 5, 15, 450, NULL, NULL, NULL, '861861043741357', 'b9c64484-356b-40aa-8d31-82de8df9700e', 'b9c64484-356b-40aa-8d31-82de8df9700e'),
	(65, '2025-05-01 14:05:47.591039+00', 63, 5, 5, 7, 200, NULL, NULL, NULL, NULL, 'b9c64484-356b-40aa-8d31-82de8df9700e', 'b9c64484-356b-40aa-8d31-82de8df9700e'),
	(66, '2025-05-01 14:06:04.622231+00', 64, 5, 5, 7, 200, NULL, NULL, NULL, NULL, 'b9c64484-356b-40aa-8d31-82de8df9700e', 'b9c64484-356b-40aa-8d31-82de8df9700e'),
	(67, '2025-05-01 14:06:24.875897+00', 65, 5, 1, 15, 450, NULL, NULL, NULL, '861861044650953', 'b9c64484-356b-40aa-8d31-82de8df9700e', '08d9105d-c455-419d-92f4-49907f19c324'),
	(13, '2025-04-30 14:45:34.866947+00', 12, 2, 2, 10, 300, NULL, NULL, NULL, '861861044535113', '08d9105d-c455-419d-92f4-49907f19c324', '08d9105d-c455-419d-92f4-49907f19c324'),
	(14, '2025-04-30 14:46:01.21991+00', 13, 2, 2, 10, 300, NULL, NULL, NULL, '861861044744244', '08d9105d-c455-419d-92f4-49907f19c324', '08d9105d-c455-419d-92f4-49907f19c324'),
	(20, '2025-04-30 15:10:25.490681+00', 19, 1, 1, 10, 300, NULL, NULL, NULL, '861861044411935', '08d9105d-c455-419d-92f4-49907f19c324', '08d9105d-c455-419d-92f4-49907f19c324'),
	(25, '2025-04-30 19:07:37.193627+00', 24, 1, 1, 9, 180, NULL, NULL, NULL, '861861044651233', '08d9105d-c455-419d-92f4-49907f19c324', '08d9105d-c455-419d-92f4-49907f19c324'),
	(26, '2025-04-30 19:08:05.463917+00', 25, 5, 5, 15, 450, NULL, NULL, NULL, '861861043743114', 'b9c64484-356b-40aa-8d31-82de8df9700e', 'b9c64484-356b-40aa-8d31-82de8df9700e'),
	(28, '2025-04-30 19:09:17.449164+00', 27, 2, 1, 15, 450, NULL, NULL, NULL, '861861043871485', '08d9105d-c455-419d-92f4-49907f19c324', '08d9105d-c455-419d-92f4-49907f19c324'),
	(31, '2025-04-30 20:46:17.060882+00', 30, 1, 1, 10, 260, NULL, NULL, NULL, '861861044750043', '08d9105d-c455-419d-92f4-49907f19c324', '08d9105d-c455-419d-92f4-49907f19c324'),
	(36, '2025-04-30 20:51:23.440585+00', 35, 2, 1, 15, 450, NULL, NULL, NULL, '861861043741787', '08d9105d-c455-419d-92f4-49907f19c324', '08d9105d-c455-419d-92f4-49907f19c324'),
	(37, '2025-04-30 20:51:43.692128+00', 36, 2, 1, 10, 260, NULL, NULL, NULL, '861861043743270', '08d9105d-c455-419d-92f4-49907f19c324', '08d9105d-c455-419d-92f4-49907f19c324'),
	(38, '2025-04-30 20:51:57.455375+00', 37, 2, 1, 10, 300, NULL, NULL, NULL, '861861044535212', '08d9105d-c455-419d-92f4-49907f19c324', '08d9105d-c455-419d-92f4-49907f19c324'),
	(62, '2025-05-01 14:03:43.927261+00', 61, 1, 1, 15, 450, NULL, NULL, NULL, '861861043741738', '08d9105d-c455-419d-92f4-49907f19c324', '08d9105d-c455-419d-92f4-49907f19c324'),
	(68, '2025-05-01 14:07:14.829734+00', 66, 5, 1, 15, 450, NULL, NULL, NULL, '861861044702754', 'b9c64484-356b-40aa-8d31-82de8df9700e', '08d9105d-c455-419d-92f4-49907f19c324'),
	(69, '2025-05-01 14:07:36.907401+00', 67, 5, 1, 15, 450, NULL, NULL, NULL, '861861044633702', 'b9c64484-356b-40aa-8d31-82de8df9700e', '08d9105d-c455-419d-92f4-49907f19c324'),
	(70, '2025-05-01 14:07:51.229179+00', 68, 5, 1, 15, 450, NULL, NULL, NULL, '861861044696865', 'b9c64484-356b-40aa-8d31-82de8df9700e', '08d9105d-c455-419d-92f4-49907f19c324'),
	(73, '2025-05-01 14:10:11.130347+00', 71, 5, 5, 7, 100, NULL, NULL, NULL, '861861044670167', 'b9c64484-356b-40aa-8d31-82de8df9700e', 'b9c64484-356b-40aa-8d31-82de8df9700e'),
	(74, '2025-05-01 14:10:26.242999+00', 72, 5, 5, 7, 100, NULL, NULL, NULL, '862255063934308', 'b9c64484-356b-40aa-8d31-82de8df9700e', 'b9c64484-356b-40aa-8d31-82de8df9700e'),
	(75, '2025-05-01 14:11:06.958737+00', 73, 5, 5, 7, 100, NULL, NULL, NULL, '862255063872300', 'b9c64484-356b-40aa-8d31-82de8df9700e', 'b9c64484-356b-40aa-8d31-82de8df9700e'),
	(76, '2025-05-01 14:11:23.337227+00', 74, 5, 5, 7, 100, NULL, NULL, NULL, NULL, 'b9c64484-356b-40aa-8d31-82de8df9700e', 'b9c64484-356b-40aa-8d31-82de8df9700e'),
	(77, '2025-05-01 14:12:21.310939+00', 75, 5, 5, 7, 150, NULL, NULL, NULL, '862255065890359', 'b9c64484-356b-40aa-8d31-82de8df9700e', 'b9c64484-356b-40aa-8d31-82de8df9700e'),
	(78, '2025-05-01 14:12:41.374311+00', 76, 5, 5, 10, 140, NULL, NULL, NULL, '861861044527755', 'b9c64484-356b-40aa-8d31-82de8df9700e', 'b9c64484-356b-40aa-8d31-82de8df9700e'),
	(79, '2025-05-01 14:13:02.079264+00', 77, 5, 5, 10, 285, NULL, NULL, NULL, '861861044651217', 'b9c64484-356b-40aa-8d31-82de8df9700e', 'b9c64484-356b-40aa-8d31-82de8df9700e'),
	(80, '2025-05-01 14:14:59.848998+00', 78, 5, 5, 10, 285, NULL, NULL, NULL, '861861044538992', 'b9c64484-356b-40aa-8d31-82de8df9700e', 'b9c64484-356b-40aa-8d31-82de8df9700e'),
	(84, '2025-05-01 14:17:12.538174+00', 82, 5, 5, 10, 285, NULL, NULL, NULL, '862255065046234', 'b9c64484-356b-40aa-8d31-82de8df9700e', 'b9c64484-356b-40aa-8d31-82de8df9700e'),
	(85, '2025-05-01 14:17:29.675475+00', 83, 5, 5, 10, 285, NULL, NULL, NULL, '862255065077957', 'b9c64484-356b-40aa-8d31-82de8df9700e', 'b9c64484-356b-40aa-8d31-82de8df9700e'),
	(86, '2025-05-01 14:18:09.186555+00', 84, 5, 5, 10, 285, NULL, NULL, NULL, '862255065053735', 'b9c64484-356b-40aa-8d31-82de8df9700e', 'b9c64484-356b-40aa-8d31-82de8df9700e'),
	(88, '2025-05-01 14:18:44.935996+00', 85, 5, 5, 10, 285, NULL, NULL, NULL, '862255065058494', 'b9c64484-356b-40aa-8d31-82de8df9700e', 'b9c64484-356b-40aa-8d31-82de8df9700e'),
	(91, '2025-05-01 14:20:05.495826+00', 88, 5, 5, 10, 285, NULL, NULL, NULL, '862255064984211', 'b9c64484-356b-40aa-8d31-82de8df9700e', 'b9c64484-356b-40aa-8d31-82de8df9700e'),
	(92, '2025-05-01 14:20:21.873513+00', 89, 5, 5, 10, 285, NULL, NULL, NULL, '862255065032457', 'b9c64484-356b-40aa-8d31-82de8df9700e', 'b9c64484-356b-40aa-8d31-82de8df9700e'),
	(93, '2025-05-01 14:20:45.528168+00', 90, 5, 5, 15, 450, NULL, NULL, NULL, '862255062518219', 'b9c64484-356b-40aa-8d31-82de8df9700e', 'b9c64484-356b-40aa-8d31-82de8df9700e'),
	(71, '2025-05-01 14:08:23.550716+00', 69, 1, 1, 15, 450, NULL, NULL, NULL, '861861044412198', '08d9105d-c455-419d-92f4-49907f19c324', '08d9105d-c455-419d-92f4-49907f19c324'),
	(89, '2025-05-01 14:19:23.84754+00', 86, 5, 5, 10, 285, NULL, NULL, NULL, '862255065858018', 'b9c64484-356b-40aa-8d31-82de8df9700e', 'b9c64484-356b-40aa-8d31-82de8df9700e'),
	(90, '2025-05-01 14:19:43.602069+00', 87, 5, 5, 10, 1, NULL, NULL, NULL, NULL, '3098970e-cee5-4e00-88c3-a07abd534577', '3098970e-cee5-4e00-88c3-a07abd534577');


--
-- Data for Name: Events; Type: TABLE DATA; Schema: public; Owner: postgres
--

INSERT INTO "public"."Events" ("event_id", "created_at", "event_name", "setup_start", "event_start", "event_end", "teardown_end", "total_seats", "seven_row", "ten_row", "fifteen_row", "lenient", "booked", "notes", "must_be_clean", "hsl_hue", "goodshuffle_url", "created_by_user_id", "address_uuid") VALUES
	(75, '2025-06-16 19:02:37.93168+00', 'GA-Conyers- Rancho 2025', '2025-07-11', '2025-07-12', '2025-07-12', '2025-07-13', 0, 0, 2, 0, false, true, '', false, 129, NULL, NULL, '71b3d092-f437-4a4b-8884-c6d4b95f2a10'),
	(128, '2025-08-07 14:54:40.548496+00', 'Lombardy Rodeo', '2025-09-18', '2025-09-19', '2025-09-21', '2025-09-22', 0, 0, 4, 0, false, true, '', false, 305, NULL, NULL, '18fac886-c337-4e25-8e99-3add9a89f44d'),
	(236, '2025-11-25 15:54:51.644593+00', 'Annual Inspection / Repairs ', NULL, '2025-12-09', '2026-01-17', NULL, 0, 0, 0, 1, false, true, '', false, 359, NULL, 13, '6485e713-b116-499a-854e-43f4b0d37961'),
	(20, '2025-05-22 15:46:54.002487+00', 'ON-Catherine Richard-Pow Wow', '2025-05-29', '2025-05-30', '2025-05-31', '2025-06-01', 0, 0, 2, 0, false, true, '', false, 88, NULL, NULL, '4fc0a664-1109-45a2-831e-65757c856baa'),
	(48, '2025-06-04 17:03:16.473535+00', 'TX - Fort Worth - APHA 2025 Event', NULL, '2025-06-16', '2025-07-07', NULL, 0, 0, 2, 0, false, true, '', false, 235, NULL, NULL, '40535c45-9d16-4c68-8a19-7ac1e1bfcdc2'),
	(66, '2025-06-13 19:49:21.90852+00', 'ON-Norfolk Pro Rodeo ', '2025-07-16', '2025-07-17', '2025-07-20', '2025-07-21', 0, 2, 1, 7, false, true, '8 Row ', false, 217, NULL, NULL, '549c946b-e0b6-445d-bae5-a80290f1ca8d'),
	(44, '2025-05-22 19:26:46.992093+00', 'NY-Rome- Graduation', '2025-06-25', '2025-06-26', '2025-06-29', '2025-07-02', 0, 0, 0, 6, false, true, '', true, 1, NULL, NULL, '1b5fbb49-1c50-4901-a06b-36f410721658'),
	(19, '2025-05-22 15:44:41.077977+00', 'ON-Orangeville Blues & Jazz Fest 2025', '2025-05-29', '2025-05-30', '2025-06-01', '2025-06-02', 0, 0, 1, 0, false, true, '', false, 199, NULL, NULL, 'd6c2af82-40e1-4e1a-bf36-1a8d09a5f6c5'),
	(27, '2025-05-22 16:11:34.157863+00', 'ON-Clinton- Fair ', '2025-06-05', '2025-06-06', '2025-06-08', '2025-06-09', 0, 0, 1, 3, false, true, '', false, 344, NULL, NULL, '0ee63420-996e-4e9d-bfea-1ef0aa333db7'),
	(31, '2025-05-22 16:53:35.023152+00', 'ON-Toronto- Porsche Experience Grand Opening ', '2025-06-09', '2025-06-10', '2025-06-10', NULL, 0, 3, 0, 0, false, true, '', false, 151, NULL, NULL, '004f7493-2e10-4f10-a4be-5e732b941c6b'),
	(30, '2025-05-22 16:47:09.19041+00', 'TX-Lockhart- Chisholm Trail Rodeo 2025', '2025-06-10', '2025-06-11', '2025-06-14', '2025-06-15', 0, 0, 0, 6, false, true, '', false, 298, NULL, NULL, 'a274113b-5aa4-4d43-a885-535db8fd2fc9'),
	(5, '2025-05-01 14:34:00.58478+00', 'LA-Baton Rogue-Rodeo 2025', '2025-05-01', '2025-05-02', '2025-05-04', '2025-05-05', 0, 1, 0, 3, false, true, '9 Row', false, 141, NULL, NULL, 'cc72944f-2f38-45ea-92c5-72a3c1bf26c5'),
	(7, '2025-05-22 14:22:01.444603+00', 'ON-Ottawa-St Patricks School', NULL, '2025-05-23', '2025-05-23', NULL, 0, 0, 1, 0, false, false, '', false, 309, NULL, NULL, '8104580b-0f42-457a-b5cb-a6ddb6a06eae'),
	(56, '2025-06-13 18:43:39.144389+00', 'TX-Whitesboro- WRC Annual 4th', '2025-07-02', '2025-07-03', '2025-07-06', '2025-07-07', 0, 0, 0, 2, false, true, '', false, 304, NULL, NULL, '6ea64d9e-3152-47d3-8ad1-0e53dccdd593'),
	(10, '2025-05-22 14:39:11.797308+00', 'ON-Ottawa- 46th Annual Pow-Wow', NULL, '2025-05-24', '2025-05-25', NULL, 0, 0, 2, 0, false, true, '', false, 264, NULL, NULL, 'f509d824-c8cc-442e-8bea-507861d7d823'),
	(11, '2025-05-22 14:48:26.642751+00', 'ON-Grey Highlands Rodeo 2025', '2025-05-22', '2025-05-23', '2025-05-26', NULL, 0, 0, 0, 3, false, true, '', false, 355, NULL, NULL, '7aeaef54-2239-4ad0-af62-a63f53483d25'),
	(12, '2025-05-22 15:13:06.023698+00', 'OK- Boley- Boley Rodeo 2025', '2025-05-22', '2025-05-23', '2025-05-24', '2025-05-25', 0, 0, 0, 4, false, true, '', false, 180, NULL, NULL, '3c217bea-5e7d-4b5f-abea-d0fafe9b6713'),
	(13, '2025-05-22 15:16:36.008553+00', 'TX-Fort Worth-May 2025 Event ', '2025-05-21', '2025-05-22', '2025-05-25', '2025-05-26', 0, 0, 3, 1, false, true, '', false, 106, NULL, NULL, '34335c7a-d319-4a12-97ca-69b9dabc34d6'),
	(14, '2025-05-22 15:18:25.979062+00', 'FL-Odessa- Seal N Lock Event ', '2025-05-22', '2025-05-23', '2025-05-23', '2025-05-24', 0, 0, 1, 0, false, true, '', false, 241, NULL, NULL, '1ac92cb1-109a-469b-a12c-feaa6e98cbb7'),
	(15, '2025-05-22 15:21:17.572515+00', 'AL-Birmingham- USA Judo Senior Nationals ', '2025-05-20', '2025-05-21', '2025-05-24', '2025-05-25', 0, 0, 0, 2, false, true, '', false, 332, NULL, NULL, '65d2c8c4-3c8c-4e96-8112-896fdd4db485'),
	(16, '2025-05-22 15:25:06.468487+00', 'GA- Hiawassee- SRC Rodeo (2nd May Event)', '2025-05-23', '2025-05-24', '2025-05-25', '2025-05-26', 0, 0, 0, 2, false, true, '', false, 287, NULL, NULL, '557203f2-273f-4221-89f9-1464a8088127'),
	(17, '2025-05-22 15:30:52.541753+00', 'FL-Cocoa- Graduation ', '2025-05-26', '2025-05-27', '2025-05-27', '2025-05-28', 0, 0, 2, 0, false, true, '', false, 18, NULL, NULL, '24735299-1f08-49ed-9b4c-0e45a9c98166'),
	(18, '2025-05-22 15:41:31.556056+00', 'ON-Woodbridge- Rodeo', '2025-05-29', '2025-05-30', '2025-06-01', '2025-06-02', 0, 0, 1, 0, false, true, '', false, 161, NULL, NULL, 'f65c67ce-476e-4909-8eca-2ded2af3a1fd'),
	(21, '2025-05-22 15:53:13.957772+00', 'VA-Virginia Beach- PPR Oceanfront', '2025-06-02', '2025-06-03', '2025-06-30', '2025-07-01', 0, 0, 2, 0, false, true, '', false, 124, NULL, NULL, '1090fe90-4e9c-447d-b6b3-f11368947374'),
	(22, '2025-05-22 15:56:21.631975+00', 'GA-Dahlonega-R Ranch 2035', '2025-06-05', '2025-06-06', '2025-06-07', '2025-06-08', 0, 0, 0, 4, false, true, '', false, 230, NULL, NULL, '5986a6f6-5cb8-43f7-922e-7a3a44835495'),
	(23, '2025-05-22 15:58:30.900414+00', 'NJ- Liberty State Park- Redpeg Event ', '2025-06-04', '2025-06-05', '2025-06-08', '2025-06-09', 0, 2, 0, 0, false, true, '', false, 253, NULL, NULL, '6bd2cfde-842e-4091-86ec-16703bfb2288'),
	(24, '2025-05-22 16:01:51.035336+00', 'ON-Niagara Regional Agricultural Society- 2025', '2025-06-05', '2025-06-06', '2025-06-08', '2025-06-09', 0, 0, 3, 0, false, true, '', false, 276, NULL, NULL, 'a62a715c-0356-4410-8e5a-c380088f8d21'),
	(25, '2025-05-22 16:04:16.149228+00', 'ON-Donnybrook- Tractor Pull ', '2025-06-05', '2025-06-06', '2025-06-07', '2025-06-08', 0, 0, 0, 2, false, true, '', false, 321, NULL, NULL, '8a397f9d-a985-484e-9ee8-5f65e92f91a2'),
	(26, '2025-05-22 16:07:29.753088+00', 'ON-Toronto- Track & Field Championships', '2025-06-04', '2025-06-05', '2025-06-07', '2025-06-08', 0, 0, 1, 0, false, true, '', false, 344, NULL, NULL, '419b88d2-a76e-43b0-977f-429ecf9b31d7'),
	(28, '2025-05-22 16:14:05.50705+00', 'ON-Brampton-Cycling Event 2025', '2025-06-06', '2025-06-07', '2025-06-07', '2025-06-08', 0, 0, 2, 0, false, true, '', false, 7, NULL, NULL, 'b3ed4221-d94c-493d-9bf8-d9d14596ad05'),
	(29, '2025-05-22 16:36:49.645431+00', 'NJ-Atlantic City- Truck Meet ', '2025-06-05', '2025-06-06', '2025-06-07', '2025-06-08', 0, 0, 0, 1, false, true, '', false, 29, NULL, NULL, '9e436ce4-61d0-4f43-913f-8362f695eb1b'),
	(36, '2025-05-22 18:46:55.134196+00', 'ON-Toronto-Dance Performance ', '2025-06-11', '2025-06-12', '2025-06-15', '2025-06-16', 0, 1, 0, 0, false, true, '', false, 97, NULL, NULL, '9b35ed95-8ab9-4d34-ba9e-d1e0f5153ed4'),
	(37, '2025-05-22 18:52:20.552279+00', 'ON-Mississauga- Neil Darragh Event ', '2025-06-12', '2025-06-13', '2025-06-19', '2025-06-20', 0, 1, 0, 0, false, true, '', false, 115, NULL, NULL, '3a739b2d-2dfa-4c26-95ec-6fff0472e5ca'),
	(40, '2025-05-22 19:10:39.697414+00', 'ON-Burlington-Devil Rays Aquatics', '2025-06-19', '2025-06-20', '2025-06-22', '2025-06-23', 0, 1, 0, 0, false, true, 'VIP 8 ', false, 247, NULL, NULL, '29d53d3a-3281-46dc-b096-9c0fcadd9a16'),
	(42, '2025-05-22 19:21:07.190254+00', 'KS- Kansas City- Mass Plastic ', '2025-06-23', '2025-06-24', '2025-06-26', '2025-06-27', 0, 0, 1, 0, false, true, '', false, 315, NULL, NULL, 'bc773113-23cf-4ab4-bc15-c6e2e1418013'),
	(43, '2025-05-22 19:24:14.541947+00', 'TX-Waco-2025 USA Gymnastics for All GymFest', '2025-06-24', '2025-06-25', '2025-06-28', '2025-06-29', 0, 0, 0, 3, false, true, '', false, 338, NULL, NULL, '9ac48547-0ba9-4296-97f1-663970b2a519'),
	(46, '2025-05-22 19:36:58.092627+00', 'MS-Olive Branch- Milwaukee Tool Culture Meeting ', '2025-05-29', '2025-05-30', '2025-06-02', '2025-06-03', 0, 0, 1, 0, false, true, '', false, 13, NULL, NULL, 'c4ea1f04-4947-4a4e-bebb-38dc901d22d0'),
	(57, '2025-06-13 18:47:10.513058+00', 'GA- Atlanta- MLB All Star Village', '2025-07-05', '2025-07-06', '2025-07-16', '2025-07-17', 0, 0, 1, 0, false, true, '', false, 142, NULL, NULL, 'd3919c78-f21e-4086-a425-16a9be93800f'),
	(39, '2025-05-22 19:04:15.180735+00', 'ON-Toronto-Na Ma Rea Pow Wow ', '2025-06-18', '2025-06-19', '2025-06-22', '2025-06-23', 0, 2, 0, 0, false, true, '', false, 224, NULL, NULL, '547ac30b-9e02-4b43-b318-c554bdf3e8b3'),
	(38, '2025-05-22 18:56:00.160585+00', 'LA-Amite-Tangipahoa Parish Pro Rodeo 2025', '2025-06-12', '2025-06-13', '2025-06-14', '2025-06-15', 0, 0, 2, 1, false, true, 'Bobby is setting up his own bleachers for this event and he will tear them down after the event.', false, 133, NULL, NULL, 'a2fa5b55-9905-4472-994c-2cc3f0f53896'),
	(45, '2025-05-22 19:30:23.49631+00', 'ON-Aylmer- Tractor Pull 2025', '2025-06-26', '2025-06-27', '2025-06-29', '2025-06-30', 0, 0, 1, 3, false, true, 'Test', false, 13, 'https://pro.goodshuffle.com/app/project/detail?id=230079903&tab=contract', NULL, '4c3887d0-9c45-4f5a-be43-66014cb7e3f2'),
	(47, '2025-05-23 14:20:04.635723+00', 'Test Event', '2025-05-27', '2025-05-30', '2025-06-02', NULL, 3000, 0, 2, 2, false, false, 'they are willing to swap 15 rows for 10 rows ', false, 24, NULL, NULL, '02b381e7-dfea-4da1-b5b1-4d70beee878c'),
	(33, '2025-05-22 17:33:40.326269+00', 'ON-Lucknow Tractor Pull 2025', '2025-06-10', '2025-06-13', '2025-06-15', '2025-06-16', 0, 0, 7, 5, false, true, '', false, 190, NULL, NULL, 'c8cc54a2-fff1-46c1-badc-598c9bc77d75'),
	(32, '2025-05-22 17:07:24.730312+00', 'ON-Alvinston-2025 Rodeo ', '2025-06-12', '2025-06-13', '2025-06-15', '2025-06-16', 0, 0, 1, 5, false, true, '', false, 171, NULL, NULL, '4c122969-75af-473e-ad7a-749ba7ccea2b'),
	(34, '2025-05-22 18:15:44.095805+00', 'ON-Shedden- Keystone Complex 2025 Tractor Pull', '2025-06-12', '2025-06-13', '2025-06-15', '2025-06-16', 0, 0, 2, 3, false, true, '', false, 209, NULL, NULL, '27560a09-d94b-43d5-b219-cd749a68fb43'),
	(52, '2025-06-13 18:08:05.618509+00', 'ON- Caledon Fair 2025', '2025-06-12', '2025-06-13', '2025-06-15', '2025-06-16', 0, 0, 3, 0, false, true, '', false, 79, NULL, NULL, '835dd928-39dd-469a-8047-abea6416fabd'),
	(53, '2025-06-13 18:11:17.864452+00', 'Maintenance', NULL, '2025-06-16', '2025-07-02', NULL, 0, 0, 0, 1, false, true, '', false, 282, NULL, NULL, '08bf50f0-1760-4cac-ac98-ee79d2351c38'),
	(60, '2025-06-13 19:12:21.944653+00', 'ON-Listowell Fair 2025', '2025-07-12', '2025-07-18', '2025-07-20', '2025-07-21', 0, 0, 0, 2, false, true, '', false, 350, NULL, NULL, 'f76fcb73-3ce5-435e-9988-26f7421d141f'),
	(71, '2025-06-13 20:08:25.487881+00', 'ON-Grand River Pow Wow 2025', '2025-07-24', '2025-07-25', '2025-07-27', '2025-07-29', 0, 0, 2, 4, false, true, '', false, 178, NULL, NULL, 'b0e34d35-bcc0-497f-8783-331176cb739b'),
	(63, '2025-06-13 19:35:02.74381+00', 'FL-Dover-Hillsborough', '2025-07-17', '2025-07-18', '2025-07-19', '2025-07-20', 0, 0, 6, 3, false, true, '1 x 9 Row ', false, 185, NULL, NULL, '4823b316-0520-4b44-bae3-5cfba8604be0'),
	(64, '2025-06-13 19:39:22.820123+00', 'GA-Carrollton- SRC Rodeo', '2025-07-17', '2025-07-18', '2025-07-19', '2025-07-20', 0, 0, 0, 2, false, true, '', false, 204, NULL, NULL, '36b2d73c-48a5-4f28-ac66-9bb75020359c'),
	(65, '2025-06-13 19:43:29.636097+00', 'TX-Seminole-Jenkins Rodeo', '2025-07-17', '2025-07-18', '2025-07-20', '2025-07-21', 0, 0, 0, 2, false, true, '', false, 75, NULL, NULL, '83c2b1f1-d52e-49a8-8ecb-182ee97fcae1'),
	(68, '2025-06-13 19:57:00.880843+00', 'ON-Lansdowne-Lansdowne Fair', '2025-07-15', '2025-07-16', '2025-07-20', '2025-07-21', 0, 0, 2, 0, false, true, '', false, 93, NULL, NULL, '04968b79-01fa-4f06-8cab-6c6704ef757c'),
	(62, '2025-06-13 19:22:56.413138+00', 'NY-Salamanca-MJC Veterans Pow Wow ', '2025-07-15', '2025-07-16', '2025-07-20', '2025-07-21', 0, 7, 0, 0, false, true, '', false, 166, NULL, NULL, 'c497d596-615a-4cc2-88cd-cad905bfdfe9'),
	(76, '2025-06-16 19:04:18.123074+00', 'MO- Ste. Genevieve- County Fair 2025', '2025-07-10', '2025-07-11', '2025-07-13', '2025-07-14', 0, 0, 1, 0, false, true, '', false, 138, NULL, NULL, 'f72dfc54-2d21-45e8-9c69-c241ff66abea'),
	(67, '2025-06-13 19:54:02.473021+00', 'ON-GLencoe Tractor Pull 2025', '2025-07-17', '2025-07-18', '2025-07-19', '2025-07-20', 0, 0, 0, 2, false, true, '', false, 84, NULL, NULL, 'cd7fc06d-e6cf-4d1c-970f-1ec6df636ca2'),
	(74, '2025-06-13 20:25:22.116467+00', 'TX- San Antonio- Texas Band Masters 2025', '2025-07-23', '2025-07-24', '2025-07-25', '2025-07-26', 0, 0, 0, 2, false, true, '', false, 310, NULL, NULL, '95f33e9e-ddaf-4cda-a1e3-51c96db6fa1d'),
	(41, '2025-05-22 19:14:15.593152+00', 'ON- Pain Court- Tractor Pull 2025', '2025-06-19', '2025-06-20', '2025-06-22', '2025-06-23', 0, 0, 0, 6, false, true, '', false, 270, 'https://pro.goodshuffle.com/app/project/detail?id=230275048&tab=contract', NULL, 'aaa2f0c6-cbb1-4bbb-af48-dac4974d773a'),
	(55, '2025-06-13 18:39:29.257606+00', 'ON-Dungannon Pro Rodeo 2025', '2025-07-02', '2025-07-04', '2025-07-06', '2025-07-07', 0, 0, 0, 3, false, true, '', false, 293, NULL, NULL, 'd82aa64e-ff28-4ba3-82c7-6acfb8ca2373'),
	(73, '2025-06-13 20:22:06.847394+00', 'ON-Kingsville- Kingsville Pro Rodeo 2025', '2025-07-24', '2025-07-25', '2025-07-27', '2025-07-28', 0, 0, 0, 8, false, true, '', false, 120, NULL, NULL, 'a75408e7-428d-4c31-84c8-333f39904bb3'),
	(61, '2025-06-13 19:15:11.219887+00', 'ON-Listowell Fair 2025', '2025-07-17', '2025-07-18', '2025-07-20', '2025-07-21', 0, 0, 0, 2, false, true, '', false, 156, NULL, NULL, 'a4b60ba9-d891-47a0-b116-a586dd649df9'),
	(69, '2025-06-13 20:00:20.887872+00', 'ON-Mount Forest Fireworks', '2025-07-17', '2025-07-18', '2025-07-20', '2025-07-21', 0, 0, 1, 2, false, true, '', false, 102, NULL, NULL, '8045c0f3-46ab-482b-8a05-22c7d854c1f2'),
	(70, '2025-06-13 20:03:51.435482+00', 'ON-Cambridge-Cambridge Scottish Festival', '2025-07-17', '2025-07-18', '2025-07-20', '2025-07-21', 0, 0, 2, 0, false, true, '', false, 111, NULL, NULL, '86d174eb-0bae-4042-8af4-298f0b434a4d'),
	(72, '2025-06-13 20:14:12.615415+00', 'ON-Calabogie Motorsports Park- 2025 Events ', '2025-07-24', '2025-07-25', '2025-07-27', '2025-07-28', 0, 2, 6, 4, false, true, '', false, 241, NULL, NULL, 'bd43a7c8-ffed-4a2f-bb65-4b5249156699'),
	(77, '2025-06-16 19:08:33.342349+00', 'MO-Columbia- Boone County Fair 2025', '2025-07-15', '2025-07-16', '2025-07-19', '2025-07-20', 0, 0, 0, 2, false, true, '', false, 147, NULL, NULL, '7ccf1f89-7a13-4a14-884d-75ab150c2873'),
	(79, '2025-06-16 19:12:27.022113+00', 'AL- Gadsden- P21 Rodeo', '2025-07-29', '2025-07-30', '2025-08-02', '2025-08-03', 0, 0, 4, 0, false, true, '', false, 265, NULL, NULL, 'b80306f6-7dbb-456c-a964-8a3f594d56aa'),
	(78, '2025-06-16 19:10:32.626664+00', 'AL-Robertsdale- Jennifer Moore Foundation Rodeo 2025', '2025-07-30', '2025-07-31', '2025-08-02', '2025-08-03', 0, 0, 0, 4, false, true, '', false, 19, NULL, NULL, '451855e3-eaa1-43d7-9ae5-f79d43df5dab'),
	(95, '2025-07-28 15:41:04.555203+00', 'ON-West Niagara Fair ', '2025-09-03', '2025-09-05', '2025-09-07', '2025-09-09', 0, 2, 3, 2, false, true, '', false, 277, 'https://pro.goodshuffle.com/app/project/detail?id=229979516&tab=contract', NULL, 'b13f2685-17d2-485b-a78a-2beffa8bfde0'),
	(99, '2025-07-29 19:43:05.087593+00', 'ON-New Hamburg Fair', '2025-09-11', '2025-09-12', '2025-09-14', '2025-09-15', 0, 0, 1, 0, false, true, '', false, 195, 'https://pro.goodshuffle.com/app/project/detail?id=230176968&tab=contract', NULL, '61ef1a3a-973b-45f9-8f2e-7f5082ea1178'),
	(110, '2025-07-30 15:30:16.62383+00', 'ON-Exeter Rodeo', '2025-08-07', '2025-08-08', '2025-08-10', '2025-08-11', 0, 0, 2, 1, false, true, '', false, 323, 'https://pro.goodshuffle.com/app/project/detail?id=230112261&tab=contract', NULL, '9e174783-a045-4a02-9c1e-7b547787ce79'),
	(80, '2025-06-27 18:42:42.184894+00', 'storage', '2025-06-25', '2025-06-26', '2025-06-27', '2025-06-28', 0, 2, 0, 0, false, true, '', false, 35, NULL, NULL, 'afea3ce3-346f-4da4-9b9f-6db48b57e8b1'),
	(82, '2025-06-30 15:05:26.83962+00', 'Gopher Dunes', '2025-07-03', '2025-07-04', '2025-07-06', '2025-07-07', 0, 0, 1, 2, false, true, '', false, 195, NULL, NULL, 'c7fdf33e-f473-484f-a043-5eb732ce052d'),
	(81, '2025-06-30 14:58:59.975025+00', 'ON-Kincardine-Scottish Fest', '2025-07-03', '2025-07-04', '2025-07-06', '2025-07-07', 0, 1, 0, 0, false, true, '', false, 259, 'https://pro.goodshuffle.com/app/project/detail?id=230583733&tab=contract', NULL, '6f78e661-2b7d-4fef-bf13-02ce83773518'),
	(83, '2025-07-02 16:37:39.062984+00', 'ON-Mississauga-Jackalope Fest', '2025-07-08', '2025-07-11', '2025-07-13', '2025-07-14', 0, 0, 5, 0, false, true, '', false, 213, 'https://pro.goodshuffle.com/app/project/detail?id=230508763&tab=contract', NULL, '1c2078cb-3f3d-4c12-bc75-32e12cce2ee5'),
	(58, '2025-06-13 18:57:44.657366+00', 'ON-Woodstock- Bulls and Bikes 2025', '2025-07-10', '2025-07-11', '2025-07-13', '2025-07-14', 0, 0, 0, 2, false, true, '', false, 327, 'https://pro.goodshuffle.com/app/project/detail?id=230095768&tab=contract', NULL, '5c666d81-4689-4797-964c-ba4f54d7486b'),
	(103, '2025-07-30 12:10:40.271992+00', 'ON-Fergus Fair', '2025-09-11', '2025-09-12', '2025-09-14', '2025-09-15', 0, 0, 3, 3, false, true, '', false, 34, 'https://pro.goodshuffle.com/app/project/detail?id=230057487&tab=contract', NULL, '08e880f0-4735-4188-b621-df108c2ee55e'),
	(88, '2025-07-28 14:12:40.019552+00', 'Aylmer Fair 2025', '2025-08-07', '2025-08-08', '2025-08-10', '2025-08-11', 0, 0, 1, 3, false, true, '', false, 27, 'https://pro.goodshuffle.com/app/project/detail?id=230179700&tab=contract', NULL, '63e5d59d-fbfe-4eaa-957a-3f00f97d86b1'),
	(85, '2025-07-28 14:02:01.593205+00', 'Matawa Fairgrounds', '2025-07-30', '2025-07-31', '2025-09-01', '2025-09-02', 0, 0, 4, 0, false, true, '', false, 288, 'https://pro.goodshuffle.com/app/project/detail?id=230627633&tab=contract', NULL, '39cc5c0e-870d-4118-90ad-fae9b7f41016'),
	(90, '2025-07-28 14:19:05.418262+00', 'Walkerton Rodeo', '2025-07-30', '2025-08-01', '2025-08-03', '2025-08-04', 0, 1, 2, 6, false, true, 'note: the 7 row is our VIP 8 row unit.', false, 89, 'https://pro.goodshuffle.com/app/project/detail?id=230113278&tab=contract', NULL, '9436d32b-4ddd-4b0f-9f03-085f2479b968'),
	(91, '2025-07-28 15:31:01.375171+00', 'Ottawa- WW2 Days', NULL, '2025-08-08', '2025-08-10', NULL, 0, 0, 1, 0, false, true, '', false, 7, 'https://pro.goodshuffle.com/app/project/detail?id=230470135&tab=contract', NULL, 'c45e3937-d305-41d3-9920-fa5371f30a55'),
	(92, '2025-07-28 15:32:49.855626+00', 'ON-Tilsonburg-Fair 2025', '2025-08-14', '2025-08-15', '2025-08-17', '2025-08-18', 0, 0, 2, 0, false, true, 'canopy as one of the 10 rows ', false, 253, 'https://pro.goodshuffle.com/app/project/detail?id=230257987&tab=contract', NULL, 'ec3b3d61-b273-4b11-848b-11530434498b'),
	(96, '2025-07-28 15:42:43.489483+00', 'ON-St Catherines-Firefit ', NULL, '2025-09-10', '2025-09-15', '2025-09-16', 0, 0, 2, 0, false, true, '', false, 299, 'https://pro.goodshuffle.com/app/project/detail?id=229771213&tab=contract', NULL, 'cdf559b5-701f-422c-847e-97c70bfbdbdd'),
	(104, '2025-07-30 12:15:40.035065+00', 'ON-Wasaga Beach Rodeo', '2025-10-02', '2025-10-04', '2025-10-05', '2025-10-07', 0, 0, 0, 2, false, true, '', false, 102, 'https://pro.goodshuffle.com/app/project/detail?id=230312810&tab=contract', NULL, '950bc371-22b6-4294-b076-898932405c5c'),
	(119, '2025-08-07 12:17:17.147015+00', 'ON-Petrolia Fair', '2025-09-04', '2025-09-05', '2025-09-07', '2025-09-08', 0, 0, 1, 1, false, true, '', false, 283, 'https://pro.goodshuffle.com/app/project/detail?id=230373501&tab=contract', NULL, '8dbfe212-7e7c-432c-8f33-4d8a8d2643e1'),
	(111, '2025-08-04 12:40:41.3341+00', 'NFLD- Canada Summer Games ', '2025-08-03', '2025-08-04', '2025-08-16', '2025-08-18', 0, 0, 0, 2, false, true, '', false, 182, 'https://pro.goodshuffle.com/app/project/detail?id=230168925&tab=contract', NULL, '73099c7a-0f46-4e7a-83af-aa2fed0033dc'),
	(105, '2025-07-30 12:17:36.181684+00', 'ON-Lombardy Fair', '2025-07-31', '2025-08-01', '2025-08-03', '2025-08-05', 0, 0, 2, 0, false, true, '', false, 107, NULL, NULL, '4f1e4840-093d-4d7d-a57e-0aaa5a786fd3'),
	(106, '2025-07-30 12:19:12.358424+00', 'NY-Seneca Concert Event', '2025-07-31', '2025-08-01', '2025-08-03', '2025-08-04', 0, 0, 0, 4, false, true, '', false, 334, NULL, NULL, '950ef915-50f7-40dd-b243-5a6da7fdedcf'),
	(87, '2025-07-28 14:09:57.978907+00', 'Carninval Toronto', '2025-07-30', '2025-08-01', '2025-08-02', '2025-08-03', 0, 0, 7, 5, false, true, '', false, 356, 'https://pro.goodshuffle.com/app/project/detail?id=230479594&tab=contract', NULL, '7424774c-cf04-4fae-8474-1f89a29e4476'),
	(114, '2025-08-05 19:12:29.83023+00', 'ON-Thornhill-Camp Days ', NULL, '2025-08-06', '2025-08-07', NULL, 0, 0, 1, 0, false, true, '', false, 221, 'https://pro.goodshuffle.com/app/project/detail?id=230699582&tab=contract', NULL, '08d81354-9c3e-4405-b250-983629ea5917'),
	(108, '2025-07-30 14:54:20.750407+00', 'ON-Navan Fair', '2025-08-07', '2025-08-08', '2025-08-10', '2025-08-11', 0, 0, 2, 0, false, true, '', false, 23, 'https://pro.goodshuffle.com/app/project/detail?id=230392842&tab=contract', NULL, '1b17164c-0bb8-4f25-9fd2-7f527bd9a491'),
	(107, '2025-07-30 14:11:48.430546+00', 'ON-Joe Rodeo#3', '2025-08-01', '2025-08-02', '2025-08-03', '2025-08-05', 0, 2, 0, 0, false, true, '', false, 200, 'https://pro.goodshuffle.com/app/project/detail?id=230499636&tab=contract', NULL, 'adce5d51-c787-4154-ad6c-77af0b8b30e8'),
	(115, '2025-08-06 14:30:33.422039+00', 'ON-Toronto-Beach Volleyball', '2025-08-08', '2025-08-09', '2025-08-10', '2025-08-11', 0, 1, 0, 0, false, true, '10 x 4 rows', false, 274, 'https://pro.goodshuffle.com/app/project/detail?id=230642059&tab=contract', NULL, 'bebfda78-e7f4-4b20-8b46-9026fb592c03'),
	(109, '2025-07-30 15:28:24.719158+00', 'ON-Drayton Fair', '2025-08-07', '2025-08-08', '2025-08-10', '2025-08-11', 0, 0, 0, 3, false, true, '', false, 230, 'https://pro.goodshuffle.com/app/project/detail?id=230172026&tab=contract', NULL, '88acf75c-ccd7-47b5-8458-e997ad881537'),
	(112, '2025-08-04 15:15:57.086207+00', 'ON-Brantford-Rugby Club', '2025-08-07', '2025-08-08', '2025-08-10', '2025-08-11', 0, 0, 0, 1, false, true, '', false, 31, 'https://pro.goodshuffle.com/app/project/detail?id=230552280&tab=contract', NULL, 'c8379554-3909-45da-a38d-ca1fa7c5cb89'),
	(113, '2025-08-04 18:17:23.025138+00', 'ON-Toronto-CNE', '2025-08-11', '2025-08-12', '2025-09-01', '2025-09-02', 0, 4, 6, 6, false, true, '', false, 345, 'https://pro.goodshuffle.com/app/project/detail?id=230294237&tab=contract', NULL, '2b821251-7e77-41e0-8948-43a43f9f6c80'),
	(93, '2025-07-28 15:35:44.234992+00', 'ON-Barrie Fair', '2025-08-19', '2025-08-22', '2025-08-24', '2025-08-25', 0, 0, 8, 0, false, true, '', false, 172, 'https://pro.goodshuffle.com/app/project/detail?id=230113277&tab=contract', NULL, 'eeb67155-c2f4-47d2-b022-aa9cbdc48337'),
	(116, '2025-08-06 14:32:53.690674+00', 'ON-Toronto-Basketball Event', '2025-08-08', '2025-08-09', '2025-08-10', '2025-08-11', 0, 1, 0, 0, false, true, '', false, 4, 'https://pro.goodshuffle.com/app/project/detail?id=230553022&tab=contract', NULL, 'd8f7abfc-99c2-4276-9115-a9a48678cf7c'),
	(94, '2025-07-28 15:38:33.88355+00', 'ON-Mitchell Fair', '2025-08-27', '2025-08-29', '2025-08-31', '2025-09-02', 0, 0, 3, 0, false, true, '', false, 340, 'https://pro.goodshuffle.com/app/project/detail?id=229323323&tab=contract', NULL, '5cf4948e-107e-417a-9afb-1b40de5218ab'),
	(118, '2025-08-06 14:38:22.620487+00', 'ON-Toronto-Beach Nationals', '2025-08-14', '2025-08-15', '2025-08-17', '2025-08-18', 0, 1, 0, 0, false, true, '', false, 10, 'https://pro.goodshuffle.com/app/project/detail?id=230470332&tab=contract', NULL, '0b93d7fc-a4d4-4a60-8d34-f3a9aa57eac8'),
	(101, '2025-07-30 11:54:00.702841+00', 'Rutherford Farm Event', '2025-08-06', '2025-08-07', '2025-08-07', '2025-08-08', 0, 0, 0, 1, false, true, '', false, 161, 'https://pro.goodshuffle.com/app/project/detail?id=230293255&tab=contract', NULL, 'b87ee656-e465-449c-a5b7-ed9a0cfca907'),
	(97, '2025-07-28 16:37:40.107127+00', 'ON-Ancaster Fair', '2025-09-18', '2025-09-19', '2025-09-21', '2025-09-22', 0, 5, 5, 4, false, true, '', false, 270, 'https://pro.goodshuffle.com/app/project/detail?id=230085045&tab=contract', NULL, 'ade5161a-d6e7-4c31-990e-1d67e5e7ba1b'),
	(86, '2025-07-28 14:06:25.220511+00', 'Brampton Fair ', '2025-09-10', '2025-09-11', '2025-09-14', '2025-09-15', 0, 0, 4, 0, false, true, '', false, 330, 'https://pro.goodshuffle.com/app/project/detail?id=230050536&tab=contract', NULL, '03eada1f-eb4b-45cb-8c0c-9e880829c7de'),
	(235, '2025-11-25 14:14:29.727435+00', 'Annual Inspection / Repairs', NULL, '2025-12-05', '2026-01-17', NULL, 0, 0, 0, 1, false, true, '', false, 359, NULL, 13, '6f3c77e8-12ed-4159-b898-25089e418358'),
	(117, '2025-08-06 14:35:57.956994+00', 'ON-Toronto-CMEE', NULL, '2025-08-11', '2025-08-13', NULL, 0, 1, 0, 0, false, true, '', false, 152, 'https://pro.goodshuffle.com/app/project/detail?id=230644444&tab=contract', NULL, '95b4dd81-4699-418f-8729-ddf0260d85ff'),
	(98, '2025-07-29 19:36:43.273459+00', 'ON-Georgetown Fair', '2025-09-03', '2025-09-05', '2025-09-07', '2025-09-08', 0, 0, 8, 0, false, true, '', false, 319, 'https://pro.goodshuffle.com/app/project/detail?id=230039012&tab=contract', NULL, 'cfac8889-6290-4d7c-aec7-1af0dd7215fb'),
	(102, '2025-07-30 11:56:55.59552+00', 'MI-Nova State Fair', '2025-08-22', '2025-08-25', '2025-09-01', '2025-09-02', 0, 0, 0, 4, false, true, '', false, 247, 'https://pro.goodshuffle.com/app/project/detail?id=230127896&tab=contract', NULL, '3d868c10-b40e-4c05-ac38-4ad30026d61a'),
	(120, '2025-08-07 12:23:53.701551+00', 'ON-Curve Lake Pow Wow', '2025-09-18', '2025-09-19', '2025-09-21', '2025-09-22', 0, 2, 0, 1, false, true, '', false, 42, 'https://pro.goodshuffle.com/app/project/detail?id=230429888&tab=contract', NULL, 'c3b431ee-84ec-45f8-8924-364dbc32c868'),
	(89, '2025-07-28 14:16:01.035062+00', 'Laurier Season 2025', '2025-08-26', '2025-08-27', '2025-11-10', '2025-11-11', 0, 0, 2, 4, false, true, '', false, 226, 'https://pro.goodshuffle.com/app/project/detail?id=230580069&tab=contract', NULL, 'ca067299-049a-46fb-8dc6-3667434031df'),
	(124, '2025-08-07 14:45:09.464848+00', 'ON-Binbrook Fair', '2025-09-11', '2025-09-12', '2025-09-14', '2025-09-15', 0, 2, 0, 0, false, true, '', false, 236, 'https://pro.goodshuffle.com/app/project/detail?id=230147151&tab=contract', NULL, '3537a7b7-9415-4803-a959-cc72d494a7d0'),
	(153, '2025-08-18 19:45:43.900149+00', 'ON-Toronto-NFL Kickoff', '2025-09-05', '2025-09-06', '2025-09-07', '2025-09-08', 0, 1, 0, 0, false, true, '', false, 134, 'https://pro.goodshuffle.com/app/project/detail?id=230722721&tab=contract', NULL, '63ff8ec0-7aa0-42b7-bb1c-35a551779733'),
	(127, '2025-08-07 14:53:19.558309+00', 'ON-Vanleek Fair ( Ottawa)', '2025-08-13', '2025-08-14', '2025-08-17', '2025-08-18', 0, 0, 2, 0, false, true, '', false, 16, 'https://pro.goodshuffle.com/app/project/detail?id=230275492&tab=contract', NULL, 'd066dc22-94eb-457e-89bb-5ebd9f5d986c'),
	(150, '2025-08-15 14:16:51.006475+00', 'FL - Naples - First Baptist Academy 2025', '2025-09-03', '2025-09-05', '2025-10-24', '2025-10-25', 0, 2, 0, 0, false, true, '9 and 7 row ( 24, 53 )', false, 37, 'https://pro.goodshuffle.com/app/project/detail?id=230663017&tab=contract', NULL, '9c344d9c-3fd4-4320-8007-6de8ea267498'),
	(138, '2025-08-07 15:52:38.366874+00', 'ON-Orillia-Dog Days', '2025-09-11', '2025-09-12', '2025-09-14', '2025-09-15', 0, 0, 1, 0, false, true, '', false, 124, 'https://pro.goodshuffle.com/app/project/detail?id=230454318&tab=contract', NULL, '50f85f87-1c42-434e-9768-7d3598ab2dc1'),
	(133, '2025-08-07 15:46:38.408773+00', 'ON-Western Fair', '2025-09-04', '2025-09-05', '2025-09-15', '2025-09-16', 0, 3, 0, 0, false, true, '', false, 270, 'https://pro.goodshuffle.com/app/project/detail?id=230084788&tab=contract', NULL, 'ab9ef0cc-c138-4549-affa-21808609cb01'),
	(134, '2025-08-07 15:49:42.422983+00', 'ON-Toronto-TIFF', NULL, '2025-09-02', '2025-09-13', '2025-09-14', 0, 1, 0, 0, false, true, '', false, 315, 'https://pro.goodshuffle.com/app/project/detail?id=230344809&tab=contract', NULL, 'bbf44a89-e5dc-493e-a7eb-4957ac0031b0'),
	(135, '2025-08-07 15:49:42.443213+00', 'ON-Toronto-TIFF', NULL, '2025-09-02', '2025-09-13', '2025-09-14', 0, 1, 0, 0, false, true, '', false, 315, 'https://pro.goodshuffle.com/app/project/detail?id=230344809&tab=contract', NULL, '708c025b-ff83-4b6a-bedf-5dff2862a7f7'),
	(136, '2025-08-07 15:49:42.491083+00', 'ON-Toronto-TIFF', NULL, '2025-09-02', '2025-09-13', '2025-09-14', 0, 1, 0, 0, false, true, '', false, 315, 'https://pro.goodshuffle.com/app/project/detail?id=230344809&tab=contract', NULL, '3ce7bfe3-6823-41e2-a79d-8d15ce2b65e9'),
	(137, '2025-08-07 15:50:43.279879+00', 'ON-Toronto-TIFF', NULL, '2025-09-02', '2025-09-13', '2025-09-14', 0, 1, 0, 0, false, true, '', false, 0, 'https://pro.goodshuffle.com/app/project/detail?id=230344809&tab=contract', NULL, '010d7322-12d9-4e5f-b46b-f906d32a0fd7'),
	(143, '2025-08-12 11:38:53.392852+00', 'ON-Toronto-Outdoor Event', '2025-08-22', '2025-08-23', '2025-08-23', '2025-08-24', 0, 1, 0, 0, false, true, '', false, 81, 'https://pro.goodshuffle.com/app/project/detail?id=230641167&tab=contract', NULL, '916b8a1c-ebda-4d43-8053-22f4366d9400'),
	(139, '2025-08-07 15:57:46.473448+00', 'ON-London-Western Hoco', '2025-09-25', '2025-09-26', '2025-09-28', '2025-09-29', 0, 0, 4, 0, false, true, '', false, 147, 'https://pro.goodshuffle.com/app/project/detail?id=230523559&tab=contract', NULL, '41ee4a1d-a134-4ea2-869e-3fddc3c8f43a'),
	(125, '2025-08-07 14:48:28.026823+00', 'ON-Merritville Speedway', '2025-09-11', '2025-09-12', '2025-09-14', '2025-09-15', 0, 3, 2, 1, false, true, '', false, 294, 'https://pro.goodshuffle.com/app/project/detail?id=230682625&tab=contract', NULL, '0ebc9768-6ed6-443c-827a-449e18a04d98'),
	(142, '2025-08-08 12:08:40.950841+00', 'Haggersville Baseball Event', NULL, '2025-08-15', '2025-08-17', '2025-08-18', 0, 1, 0, 0, false, true, '', false, 175, 'https://pro.goodshuffle.com/app/project/detail?id=230612715&tab=contract', NULL, '08eadeca-e441-4498-86d4-1bf4def10f32'),
	(126, '2025-08-07 14:51:15.467076+00', 'ON-Milton Fair', '2025-09-25', '2025-09-26', '2025-09-28', '2025-09-29', 0, 0, 2, 0, false, true, '', false, 211, 'https://pro.goodshuffle.com/app/project/detail?id=230164777&tab=contract', NULL, '7dadba06-3d91-4e26-a496-f9028b1aac18'),
	(140, '2025-08-07 16:00:38.276281+00', 'ON-Toronto-Ethan Latimer', '2025-09-23', '2025-09-24', '2025-09-28', '2025-09-29', 0, 0, 1, 0, false, true, '', false, 167, 'https://pro.goodshuffle.com/app/project/detail?id=230494940&tab=contract', NULL, '0c0ac9ad-98f0-45a4-a96a-4bbdae6cc34d'),
	(147, '2025-08-15 13:23:19.254638+00', 'ON-Toronto-Bloor Fest', '2025-09-10', '2025-09-12', '2025-09-14', NULL, 0, 1, 0, 0, false, true, '', false, 13, 'https://pro.goodshuffle.com/app/project/detail?id=230728110&tab=contract', NULL, 'ff3103e0-c211-4734-909a-5a06cdf0b8eb'),
	(141, '2025-08-07 16:16:10.816734+00', 'ON-Kingston Fair', '2025-09-09', '2025-09-10', '2025-09-14', '2025-09-15', 0, 0, 4, 0, false, true, '', false, 208, 'https://pro.goodshuffle.com/app/project/detail?id=230259779&tab=contract', NULL, '445c5bf6-7f74-41b2-8acb-f7c5b8965903'),
	(152, '2025-08-18 17:45:39.143174+00', 'ON-Petawawa-Black Creek Rodeo', '2025-08-21', '2025-08-22', '2025-08-24', '2025-08-25', 0, 0, 3, 0, false, true, '', false, 98, 'https://pro.goodshuffle.com/app/project/detail?id=230273038&tab=contract', NULL, '1cb91ea1-6baa-4304-b0ae-28255f81c315'),
	(163, '2025-09-11 14:17:49.72604+00', 'ON-Toronto-Hyrox Fitness', '2025-10-01', '2025-10-03', '2025-10-05', '2025-10-06', 0, 0, 1, 0, false, true, '', false, 353, 'https://pro.goodshuffle.com/app/project/detail?id=230773809&tab=contract', NULL, '904ffdfd-23c1-44b7-9a2b-4daf3a36a852'),
	(155, '2025-08-21 16:33:34.175632+00', 'ON-Paris Fair', '2025-08-28', '2025-08-29', '2025-08-31', '2025-09-01', 0, 3, 0, 0, false, true, '', false, 244, 'https://pro.goodshuffle.com/app/project/detail?id=230255663&tab=contract', NULL, 'f9b13745-f468-4c7d-8c53-5db5b4e2e65a'),
	(132, '2025-08-07 15:40:21.982904+00', 'ON-Niagara-Plowing Match', '2025-09-15', '2025-09-16', '2025-09-21', '2025-09-22', 0, 2, 1, 0, false, true, '', false, 116, 'https://pro.goodshuffle.com/app/project/detail?id=230704792&tab=contract', NULL, 'a6e4fc07-4898-48d2-ad99-dd2e89ca15b4'),
	(131, '2025-08-07 15:32:33.170826+00', 'NS-Truro Stampede', '2025-09-17', '2025-09-19', '2025-09-21', '2025-09-22', 0, 0, 0, 2, false, true, '', false, 17, 'https://pro.goodshuffle.com/app/project/detail?id=229964499&tab=contract', NULL, '12dff6f8-7aea-4e53-af37-ec36a891faa5'),
	(156, '2025-08-26 14:34:24.32026+00', 'ON-North York- KG and A Event', NULL, '2025-09-10', '2025-09-10', NULL, 0, 0, 1, 0, false, true, '', false, 233, 'https://pro.goodshuffle.com/app/project/detail?id=230683212&tab=contract', NULL, '6511d767-fdf7-41af-b0ad-c72323ff3ea3'),
	(157, '2025-08-26 14:40:54.27224+00', 'ON-Dundas- School sports day', '2025-09-03', '2025-09-04', '2025-09-04', '2025-09-05', 0, 1, 0, 0, false, true, '', false, 250, 'https://pro.goodshuffle.com/app/project/detail?id=230752920&tab=contract', NULL, 'f9774421-e9d7-4068-a341-104329f40c80'),
	(130, '2025-08-07 14:58:36.926824+00', 'ON-Donnybrook Fair', '2025-09-18', '2025-09-19', '2025-09-21', '2025-09-22', 0, 1, 1, 0, false, true, '', false, 190, 'https://pro.goodshuffle.com/app/project/detail?id=230613593&tab=contract', NULL, '6bdc5edb-7915-499d-b7de-04a17515f941'),
	(158, '2025-09-03 11:32:03.833826+00', 'ON-Oakville-Pickleball', NULL, '2025-09-05', '2025-09-07', '2025-09-08', 0, 1, 0, 0, false, true, '', false, 256, 'https://pro.goodshuffle.com/app/project/detail?id=230730913&tab=contract', NULL, 'a58cbc2b-6bf6-465a-9aba-f5cdb80ae36a'),
	(162, '2025-09-10 18:38:52.265665+00', 'ON-Milton-GFS Rodeo', '2025-09-19', '2025-09-20', '2025-09-21', '2025-09-22', 0, 1, 0, 0, false, true, '', false, 85, 'https://pro.goodshuffle.com/app/project/detail?id=230519570&tab=contract', NULL, 'aff01d0e-9d3e-4455-bb8c-c7b6be2be60e'),
	(121, '2025-08-07 12:28:10.294079+00', 'ON-Vaughn-Monster Truck Show', '2025-09-12', '2025-09-13', '2025-09-14', '2025-09-16', 0, 0, 2, 6, false, true, '', false, 259, 'https://pro.goodshuffle.com/app/project/detail?id=230574983&tab=contract', NULL, '2bc67377-6b2f-401c-b23d-b94894501baf'),
	(122, '2025-08-07 14:39:45.051275+00', 'ON-Forest Fall Fair', '2025-09-18', '2025-09-19', '2025-09-21', '2025-09-22', 0, 0, 2, 7, false, true, '', false, 141, 'https://pro.goodshuffle.com/app/project/detail?id=230260065&tab=contract', NULL, '1728eed7-b078-4c2e-a399-81f5047c8005'),
	(165, '2025-09-12 17:54:14.13688+00', 'ON-Rodney-Fair 2025', NULL, '2025-09-12', '2025-09-14', '2025-09-16', 0, 0, 1, 1, false, true, '', false, 262, 'https://pro.goodshuffle.com/app/project/detail?id=230083874&tab=contract', NULL, '08c6a2b6-5b3c-4032-8e78-e9717f9bb62b'),
	(166, '2025-09-15 11:44:15.185037+00', 'ON-Barrie-Car Auction', '2025-09-11', '2025-09-12', '2025-09-15', '2025-09-16', 0, 0, 1, 0, false, true, '', false, 280, 'https://pro.goodshuffle.com/app/project/detail?id=230775500&tab=contract', NULL, '143f7b5b-ffc3-4c91-a044-477b23975021'),
	(167, '2025-09-15 11:47:42.749643+00', 'ON-Toronto-Peter Movie Shoot', NULL, '2025-09-14', '2025-09-21', '2025-09-23', 0, 1, 0, 0, false, true, '', false, 138, 'https://pro.goodshuffle.com/app/project/detail?id=230806078&tab=contract', NULL, 'cfd921c0-679c-45b7-aecc-1b31b243d70d'),
	(168, '2025-09-16 01:08:56.275931+00', 'NY-Niagara Falls Convention Center', '2025-10-24', '2025-10-25', '2025-10-31', '2025-11-01', 0, 0, 4, 0, false, true, '', false, 310, 'https://pro.goodshuffle.com/app/project/detail?id=230171354&tab=contract', NULL, 'fa2af4b9-fa9f-441f-b93a-b9d310e625d6'),
	(164, '2025-09-11 17:32:18.538046+00', 'ON-Brantford-Mckormick Cup', '2025-10-03', '2025-10-04', '2025-10-05', '2025-10-06', 0, 0, 2, 0, false, true, '', false, 202, 'https://pro.goodshuffle.com/app/project/detail?id=230552291&tab=contract', NULL, '98e0f383-a1f5-44d0-ad17-064d5ac1dac2'),
	(159, '2025-09-03 19:45:21.791318+00', 'ON-Brigden Fair', '2025-10-08', '2025-10-10', '2025-10-13', '2025-10-14', 0, 0, 3, 1, false, true, '', false, 90, 'https://pro.goodshuffle.com/app/project/detail?id=230711257&tab=contract', NULL, 'fd0e606a-e32a-46ff-a9cb-a0ebe2830532'),
	(160, '2025-09-04 16:32:46.282924+00', 'ON-Thornhill-Renissance Festival', '2025-09-25', '2025-09-26', '2025-09-28', '2025-09-29', 0, 0, 2, 0, false, true, '', false, 216, 'https://pro.goodshuffle.com/app/project/detail?id=230741843&tab=contract', NULL, 'f90892f7-c4e6-43fc-baff-a6cc02bc31e0'),
	(129, '2025-08-07 14:55:54.820267+00', 'ON-Carp Fair (Ottawa)', '2025-09-25', '2025-09-26', '2025-09-28', '2025-09-29', 0, 0, 4, 1, false, true, '', true, 78, 'https://pro.goodshuffle.com/app/project/detail?id=230274600&tab=contract', NULL, '45be7eb2-8ae5-4909-8dff-8e613265e01e'),
	(149, '2025-08-15 13:36:16.367218+00', 'MD-La Plata- Monster Truck Wars', NULL, '2025-10-16', '2025-10-20', NULL, 0, 0, 0, 1, false, true, '', false, 157, 'https://pro.goodshuffle.com/app/project/detail?id=230709651&tab=contract', NULL, '6cec8c70-c7b3-4b0f-9059-33d5a881d15c'),
	(161, '2025-09-06 11:20:29.775917+00', 'ON-Rockton World Fair', '2025-10-09', '2025-10-10', '2025-10-12', '2025-10-13', 0, 0, 2, 2, false, true, '', false, 109, 'https://pro.goodshuffle.com/app/project/detail?id=230752125&tab=contract', NULL, 'eb238b90-a380-419a-a8fc-f92dcc4e7161'),
	(154, '2025-08-19 13:34:27.975244+00', 'ON-Alvinston Fall Fair', '2025-09-25', '2025-09-26', '2025-09-28', '2025-09-29', 0, 0, 3, 0, false, true, '', false, 129, 'https://pro.goodshuffle.com/app/project/detail?id=230737276&tab=contract', NULL, '008d749c-69d4-4200-9935-4a66257e7faf'),
	(169, '2025-09-18 15:54:52.641059+00', 'ON-Brantford-Remembrance Day', NULL, '2025-11-11', '2025-11-11', NULL, 0, 2, 0, 0, false, true, '', false, 179, 'https://pro.goodshuffle.com/app/project/detail?id=230819450&tab=contract', NULL, 'a81a75af-7b48-42f9-9511-270913a4f478'),
	(170, '2025-09-22 17:34:25.069473+00', 'ON-London-Pickleball', '2025-10-03', '2025-10-04', '2025-10-05', '2025-10-06', 0, 1, 0, 0, false, true, '', false, 335, 'https://pro.goodshuffle.com/app/project/detail?id=230811641&tab=contract', NULL, '6d456ac6-e567-4896-b0e5-b305f29d312d'),
	(175, '2025-09-25 12:28:38.899975+00', 'ON-Guelph-Homecoming Football Game', '2025-10-03', '2025-10-04', '2025-10-05', '2025-10-06', 0, 0, 1, 0, false, true, '', false, 94, 'https://pro.goodshuffle.com/app/project/detail?id=230686739&tab=contract', NULL, '59edc249-8c8f-4765-8c86-cf5788acf149'),
	(176, '2025-09-25 19:23:59.157954+00', 'ON-Oakville - Swim Meet', '2025-10-17', '2025-10-18', '2025-10-19', '2025-10-20', 0, 1, 0, 0, false, true, '', false, 7, 'https://pro.goodshuffle.com/app/project/detail?id=230840013&tab=contract', NULL, '6a8546e2-ba8c-4680-938a-78b564ba3928'),
	(179, '2025-10-07 13:51:52.263341+00', 'ON-Niagara Falls Marathon', '2025-10-24', '2025-10-25', '2025-10-26', '2025-10-27', 0, 1, 0, 0, false, true, '', false, 173, 'https://pro.goodshuffle.com/app/project/detail?id=230759342&tab=contract', 12, '8427b398-2798-42a3-b281-9383379df493'),
	(180, '2025-10-14 14:16:14.450952+00', 'MA-Southwick-River Brewing', '2026-07-10', '2026-07-11', '2026-07-14', '2026-07-15', 0, 0, 0, 2, false, false, '', false, 153, 'https://pro.goodshuffle.com/app/project/detail?id=230878365&tab=contract', 18, 'b0c4da97-3642-4ca3-b78c-f468930227e2'),
	(207, '2025-11-14 17:58:28.847448+00', 'FL - Myakka City - Dakin Dairy Bull Bash 2025', NULL, '2025-12-06', '2025-12-06', NULL, 0, 0, 1, 4, false, true, '', false, 206, 'https://pro.goodshuffle.com/app/project/detail?id=230931928&tab=contract', 21, '997446d8-dff2-4668-bbd6-b25d022c49db'),
	(173, '2025-09-23 11:27:38.278206+00', 'ON-Ancaster-Ram Championships', '2025-10-16', '2025-10-17', '2025-10-19', '2025-10-20', 0, 3, 0, 2, false, true, '', false, 26, 'https://pro.goodshuffle.com/app/project/detail?id=230830892&tab=contract', NULL, 'a54df568-2f93-4912-b562-cede527e7af8'),
	(195, '2025-10-31 19:40:54.415118+00', 'ON-Woodstock-Holiday Train', NULL, '2025-11-21', '2025-11-21', NULL, 0, 0, 1, 0, false, true, '', false, 292, 'https://pro.goodshuffle.com/app/project/detail?id=230929677&tab=contract', 12, '804b24bb-002e-48db-a880-6dc07b377a75'),
	(182, '2025-10-16 13:23:48.097411+00', 'Triple Crown- Ancaster', NULL, '2025-10-24', '2025-10-26', NULL, 0, 3, 2, 0, false, true, '', true, 185, 'https://pro.goodshuffle.com/app/project/detail?id=230262270&tab=contract', 12, '6ef4ae14-0a34-40ac-80a5-afcd4119e5c3'),
	(190, '2025-10-28 18:44:42.972365+00', 'IL-Du Quoin- Cord McCoy Rodeo 2026', NULL, '2026-03-27', '2026-03-28', NULL, 0, 0, 0, 1, false, true, '', false, 153, 'https://pro.goodshuffle.com/app/project/detail?id=230897779&tab=contract', 12, 'b0347415-cdba-4c28-8ed3-206a6caa4651'),
	(192, '2025-10-29 14:09:25.459265+00', 'ON-Fergus Fair 2026', NULL, '2026-09-18', '2026-09-20', NULL, 0, 0, 1, 5, false, false, '', false, 235, 'https://pro.goodshuffle.com/app/project/detail?id=230926346&tab=contract', 12, '2fecafff-f881-4b05-bf0e-ee992dfd67f9'),
	(191, '2025-10-29 13:51:47.563331+00', 'ON-Woodstock-Bulls and Bikes ', NULL, '2026-07-11', '2026-07-12', NULL, 0, 0, 0, 2, false, true, '', false, 318, 'https://pro.goodshuffle.com/app/project/detail?id=230926218&tab=contract', 12, '310df9f3-8e16-4a6d-817c-f3a0f62a997f'),
	(208, '2025-11-14 18:00:28.417884+00', 'GA - Warner Robins - Oakland Baptist Church', NULL, '2025-12-12', '2025-12-14', NULL, 0, 0, 2, 0, false, true, '', false, 145, 'https://pro.goodshuffle.com/app/project/detail?id=230169354&tab=contract', 21, '71ef35ef-b1a5-4a8d-80df-26c21df84954'),
	(202, '2025-11-14 16:58:02.516516+00', 'GA - Duluth - Major League Table Tennis Nov 2025', NULL, '2025-11-13', '2025-11-16', NULL, 0, 0, 1, 0, false, true, '', false, 323, 'https://pro.goodshuffle.com/app/project/detail?id=230864759&tab=contract', 21, '67d85749-afbb-41b2-b08c-9662053f1dc7'),
	(196, '2025-10-31 19:55:32.052726+00', 'IL-Chicago-Hyrox Fitness ', NULL, '2025-11-11', '2025-11-16', NULL, 0, 0, 1, 0, false, true, '', false, 28, 'https://pro.goodshuffle.com/app/project/detail?id=230893868&tab=contract', 12, '9fe8e3ac-488c-4011-9189-595ae92cf06c'),
	(197, '2025-11-03 17:27:51.916569+00', 'ON-Burlington-Nelson Football Game', NULL, '2025-11-06', '2025-11-06', NULL, 0, 0, 1, 0, false, true, '', false, 277, 'https://pro.goodshuffle.com/app/project/detail?id=230894478&tab=contract', 12, '42c63469-b30d-45a4-8d1c-27a0bcffab03'),
	(172, '2025-09-22 17:54:41.308521+00', 'ON-Royal Winter Fair ', '2025-11-06', '2025-11-07', '2025-11-16', '2025-11-17', 0, 0, 7, 5, false, true, '', true, 344, 'https://pro.goodshuffle.com/app/project/detail?id=230515648&tab=contract', 12, 'b9a4994c-866b-44f5-9ab3-f01d29744655'),
	(194, '2025-10-31 12:30:14.458583+00', 'ON-Burlington-Football Playoffs ', NULL, '2025-11-07', '2025-11-09', NULL, 0, 0, 2, 0, false, true, '', false, 253, 'https://pro.goodshuffle.com/app/project/detail?id=230915102&tab=contract', 12, '56cc1214-dd70-47aa-a6a6-007ccc04ed06'),
	(181, '2025-10-14 17:09:55.076745+00', 'NJ-Haddon Heights Football Game', '2025-11-25', '2025-11-26', '2025-11-28', NULL, 0, 0, 0, 1, false, true, '', false, 279, 'https://pro.goodshuffle.com/app/project/detail?id=230833393&tab=contract', 12, 'bab1e606-b138-4c06-8c9c-9ab6051b8080'),
	(199, '2025-11-07 19:51:48.203055+00', 'ON-York- Brilliant Minds Series Shoot', NULL, '2025-11-09', '2025-11-17', NULL, 0, 1, 0, 0, false, true, '', false, 41, 'https://pro.goodshuffle.com/app/project/detail?id=230945547&tab=contract', 12, '07b398aa-db58-4cff-8643-6ccb0edb6604'),
	(171, '2025-09-22 17:51:44.537412+00', 'ON-Cambridge-Holiday Train', '2025-11-20', '2025-11-21', '2025-11-23', '2025-11-24', 0, 0, 0, 2, false, true, '', false, 248, 'https://pro.goodshuffle.com/app/project/detail?id=230762851&tab=contract', NULL, 'a8bc4cb5-a673-4a27-a457-f39f1cfc8f98'),
	(203, '2025-11-14 17:01:35.051768+00', 'GA- Tifton-ABAC PCA Pro Rodeo', NULL, '2025-11-12', '2025-11-17', NULL, 0, 0, 0, 2, false, true, '', false, 242, 'https://pro.goodshuffle.com/app/project/detail?id=230780766&tab=contract', 21, '9ef28c40-9699-4326-a513-27fb560844b2'),
	(204, '2025-11-14 17:44:11.305118+00', 'FL - Bradenton - Freedom Factory (1st Nov. Event 2025 )', NULL, '2025-11-14', '2025-11-15', NULL, 0, 0, 0, 3, false, true, '', false, 0, 'https://pro.goodshuffle.com/app/project/detail?id=230539805&tab=contract', 21, 'a5f211dd-b976-4418-9a1f-3720b7e35532'),
	(205, '2025-11-14 17:47:19.459101+00', 'FL - Elkton - Monster Truck Show', NULL, '2025-11-22', '2025-11-22', NULL, 0, 1, 4, 0, false, true, 'And a 9 Row', false, 265, 'https://pro.goodshuffle.com/app/project/detail?id=230794420&tab=contract', 21, 'dd186ec8-a610-499a-b1fc-0182fdeabe94'),
	(206, '2025-11-14 17:50:10.174205+00', 'FL - Bradenton - Freedom Factory (2nd Nov. Event 2025 )', NULL, '2025-11-28', '2025-11-29', NULL, 0, 0, 0, 3, false, true, '', false, 17, 'https://pro.goodshuffle.com/app/project/detail?id=230539816&tab=contract', 21, '1b9446d5-9f15-432e-9e70-3cd66df44b11'),
	(212, '2025-11-14 18:12:41.940316+00', 'FL - North Fort Myers - Posse Cracker Rodeo 2026', NULL, '2026-01-23', '2026-01-24', NULL, 0, 0, 2, 0, false, true, '', false, 328, 'https://pro.goodshuffle.com/app/project/detail?id=230599614&tab=contract', 21, '1c12e85c-8bda-4677-bfd4-f1c46d6bac2c'),
	(213, '2025-11-14 18:14:51.152886+00', 'AL - Rainsville - Rickey West Bucking Bulls 2026', NULL, '2026-01-24', '2026-01-25', NULL, 0, 0, 0, 2, false, true, '', false, 252, 'https://pro.goodshuffle.com/app/project/detail?id=230225071&tab=contract', 21, '093ed320-39cb-43d3-b2de-39cf25612836'),
	(200, '2025-11-12 15:40:55.473902+00', 'On-Toronto- Soccer ', NULL, '2025-11-13', '2025-11-20', NULL, 0, 0, 2, 0, false, false, '', false, 121, 'https://pro.goodshuffle.com/app/project/detail?id=230771855&tab=contract', 12, '5ce58087-4947-4537-870f-e32edff2b5d5'),
	(214, '2025-11-14 18:20:45.484223+00', 'FL - Tampa - 2026 Florida State Fair', NULL, '2026-02-01', '2026-02-17', NULL, 0, 3, 7, 3, false, true, '2 7 rows, 1 9 row, 6 4 rows', false, 290, 'https://pro.goodshuffle.com/app/project/detail?id=230637583&tab=contract', 21, '4d59454d-c46b-437a-a442-bd89fff60722'),
	(219, '2025-11-17 15:53:52.94556+00', 'ON-Niagara- Battle at the Border Cheer', NULL, '2026-02-21', '2026-02-22', NULL, 0, 0, 0, 4, false, true, '', false, 271, 'https://pro.goodshuffle.com/app/project/detail?id=230976403&tab=contract', 12, '1e083ae9-fc94-486b-87a4-cbe43cd72f6e'),
	(209, '2025-11-14 18:03:27.561325+00', 'FL - West Palm Beach - South Florida Fair 2026 (15 Rows )', NULL, '2026-01-01', '2026-02-01', NULL, 0, 0, 0, 3, false, true, '', false, 96, 'https://pro.goodshuffle.com/app/project/detail?id=230641145&tab=contract', 21, 'fca71feb-864e-4b0e-843e-bc8ea03603b1'),
	(210, '2025-11-14 18:05:52.377864+00', 'FL - Winter Springs - Central Florida Scottish Highland Games 2026', NULL, '2026-01-14', '2026-01-19', NULL, 0, 1, 3, 0, false, true, '9 row, not a 7 row.', false, 176, 'https://pro.goodshuffle.com/app/project/detail?id=230722028&tab=contract', 21, '7910c148-cdad-40c4-822f-e79f3ea8f17a'),
	(217, '2025-11-14 18:31:24.946934+00', 'FL - Green Cove Springs - Clay County Fair 2026', NULL, '2026-03-21', '2026-04-12', NULL, 0, 0, 2, 1, false, true, '', false, 194, 'https://pro.goodshuffle.com/app/project/detail?id=230635206&tab=contract', 21, '1d500838-4c45-4bd7-8676-51774e1fe76d'),
	(215, '2025-11-14 18:24:12.787676+00', 'FL - Dade City - Pasco County Fair 2026', NULL, '2026-02-11', '2026-02-22', NULL, 0, 0, 2, 6, false, true, '', false, 4, 'https://pro.goodshuffle.com/app/project/detail?id=230924613&tab=contract', 21, '02e9e7f2-b89b-423a-83a5-2438743b55a0'),
	(216, '2025-11-14 18:27:21.277943+00', 'FL - Bradenton - FL Man Games 2026', NULL, '2026-02-21', '2026-02-21', NULL, 0, 0, 0, 3, false, true, '', false, 125, 'https://pro.goodshuffle.com/app/project/detail?id=230618273&tab=contract', 21, 'b1d1796c-7812-486c-9a60-e40c2ed13dda'),
	(221, '2025-11-19 14:53:51.810591+00', 'ON-Dungannon Rodeo 2026', NULL, '2026-07-04', '2026-07-05', NULL, 0, 0, 0, 6, false, true, '3 x 15 rows are self pickup from Lucknow- as per agreement and pricing', false, 112, 'https://pro.goodshuffle.com/app/project/detail?id=230926409&tab=contract', 12, 'e17ee854-3a44-4894-b26e-f1c6836ceda7'),
	(226, '2025-11-20 19:36:22.534595+00', 'NC - Charlotte - Providence Day School 2025', NULL, '2025-08-22', '2025-12-10', NULL, 0, 0, 1, 0, false, true, '', false, 73, 'https://pro.goodshuffle.com/app/project/detail?id=230684949&tab=contract', 21, 'a9d11523-a893-458d-b645-c6d6de2bb9a8'),
	(232, '2025-11-25 13:23:20.967673+00', 'ON-Ancaster Fair- 2026', NULL, '2026-09-24', '2026-09-27', NULL, 0, 5, 6, 4, false, true, '', false, 62, 'https://pro.goodshuffle.com/app/project/detail?id=230828267&tab=contract', 12, '0e6d0a2c-e63c-48ba-9b2c-edfd42a0436d'),
	(233, '2025-11-25 13:28:13.787122+00', 'ON-Kingsville Pro Rodeo', NULL, '2026-07-24', '2026-07-26', NULL, 0, 0, 3, 8, false, true, '', false, 277, 'https://pro.goodshuffle.com/app/project/detail?id=230710818&tab=contract', 12, '2cbec6c5-cf2c-47c1-b932-03ca39c393c9'),
	(234, '2025-11-25 13:33:04.750013+00', 'ON-Lucknow-Tractor Pull 26''', NULL, '2026-06-19', '2026-06-21', NULL, 0, 0, 7, 5, false, true, '', false, 194, 'https://pro.goodshuffle.com/app/project/detail?id=230662929&tab=contract', 12, '0723fb27-8f74-4560-8619-1f925a761e8e'),
	(231, '2025-11-21 15:02:59.04007+00', 'test zeeno & josh', NULL, '2025-11-22', '2025-11-23', NULL, 0, 0, 0, 0, false, true, '', true, 339, 'https://pro.goodshuffle.com/app/project/detail?id=230967857&tab=contract', 11, '6c990bd5-2cf1-40c7-bd6b-2bce7b8e94c0'),
	(248, '2025-12-18 18:19:31.96472+00', 'GA - Ringgold - All Star Monster Truck Tour 2026', NULL, '2026-04-11', '2026-04-12', NULL, 0, 0, 2, 0, false, true, '', false, 98, 'https://pro.goodshuffle.com/app/project/detail?id=230886624&tab=contract', 21, '2c31cd17-9bfa-4579-8564-c09fd61488e0'),
	(237, '2025-11-27 17:24:11.123597+00', 'ON-Toronto-Crave Film Shoot', NULL, '2025-12-09', '2025-12-12', NULL, 0, 0, 1, 0, false, true, '', false, 196, 'https://pro.goodshuffle.com/app/project/detail?id=230982756&tab=contract', 12, '0aebec5d-2359-486e-bee3-0fa29a76c910'),
	(238, '2025-12-05 20:57:39.03979+00', 'MS - Laurel - Battle of the Bands (#231026906)', NULL, '2026-07-23', '2026-07-27', NULL, 0, 0, 0, 1, false, false, '', false, 340, 'https://pro.goodshuffle.com/app/project/detail?id=231026906&tab=contract', 34, 'e30eeea0-3eb6-4643-b70b-36bc31c0df78'),
	(239, '2025-12-08 18:37:48.554329+00', 'MI-Novi State Fair 2026', NULL, '2026-09-03', '2026-09-07', NULL, 0, 0, 0, 4, false, true, '', false, 194, 'https://pro.goodshuffle.com/app/project/detail?id=230960012&tab=contract', 12, 'a348cefd-334e-447f-9a1e-b1824271390d'),
	(241, '2025-12-10 13:55:05.206125+00', 'ON-Norfolk Rodeo 2026', NULL, '2026-07-17', '2026-07-19', NULL, 0, 3, 1, 7, false, true, '', false, 91, NULL, 12, '9d15158a-7d83-4e33-9db1-15656fd4aaaf'),
	(242, '2025-12-10 14:07:33.320223+00', 'ON-Chatham- Cheer Challenge', NULL, '2026-02-01', '2026-02-02', NULL, 0, 0, 0, 2, false, true, '', false, 27, NULL, 12, '6d62dce5-4bd0-4d1e-8a79-76ea9676fdad'),
	(243, '2025-12-12 16:11:36.502554+00', 'ON-Calaboogie-Nascar 2026', NULL, '2026-07-17', '2026-07-19', NULL, 0, 0, 0, 3, false, true, '', false, 256, 'https://pro.goodshuffle.com/app/project/detail?id=230760936&tab=contract', 12, '7f508b5b-d2ae-4750-b56b-a16961159469'),
	(189, '2025-10-27 15:21:18.716869+00', 'ON-Ancaster-Difasco Xmas Party', NULL, '2025-12-11', '2025-12-19', NULL, 0, 0, 2, 0, false, true, '', false, 133, 'https://pro.goodshuffle.com/app/project/detail?id=230558758&tab=contract', 12, '58a45f6b-3ed8-4281-b6be-d9097e6fe438'),
	(244, '2025-12-15 15:44:39.915505+00', 'LA - Hammond - Tractor Pull 2026 (#230470430)', NULL, '2026-03-20', '2026-03-21', NULL, 0, 0, 2, 1, false, false, '', false, 223, 'https://pro.goodshuffle.com/app/project/detail?id=230470430&tab=contract', 34, '230f0609-798a-4b8a-b0bf-dc80656c7ee8'),
	(245, '2025-12-15 17:51:33.890684+00', 'LA - Zwolle - Zwolle Loggers and Forestry Festival (#230911562)', NULL, '2026-04-14', '2026-04-19', NULL, 0, 0, 1, 1, false, false, '', false, 127, 'https://pro.goodshuffle.com/app/project/detail?id=230911562&tab=contract', 34, '5cf18891-27e9-4cc5-a52d-385562029355'),
	(246, '2025-12-17 01:47:29.403052+00', 'ON-Alvinston- Rodeo 2026', NULL, '2026-06-12', '2026-06-14', NULL, 0, 0, 0, 6, false, true, '', false, 287, 'https://pro.goodshuffle.com/app/project/detail?id=231053179&tab=contract', 12, '03bfbf29-5143-4037-8ba6-eb56c330c546'),
	(247, '2025-12-18 18:14:04.628945+00', 'SC - Awendaw - Rodeo 2026', NULL, '2026-03-27', '2026-03-29', NULL, 0, 0, 1, 4, false, true, '', false, 309, 'https://pro.goodshuffle.com/app/project/detail?id=230402590&tab=contract', 21, 'd108f0b8-31cb-448c-b6d5-4c8acc448efd'),
	(252, '2025-12-18 19:07:00.181184+00', 'FL - Viera - Space Coast Bulls & Barrels', NULL, '2026-05-15', '2026-05-16', NULL, 0, 0, 0, 4, false, true, '', false, 270, 'https://pro.goodshuffle.com/app/project/detail?id=230891214&tab=contract', 21, 'fe361fcf-1d06-43c1-9658-1d78050f0904'),
	(253, '2025-12-18 19:47:30.568185+00', 'GA - Dahlonega - R Ranch 2026', NULL, '2026-06-06', '2026-06-07', NULL, 0, 0, 0, 4, false, false, '', false, 174, 'https://pro.goodshuffle.com/app/project/detail?id=231057607&tab=contract', 21, '191e6c93-70be-40d1-b8a3-405b62b93d3b'),
	(254, '2025-12-18 19:51:23.735017+00', 'VA - Hampton - Sail 250', NULL, '2026-06-19', '2026-06-21', NULL, 0, 0, 4, 0, false, true, '', false, 215, 'https://pro.goodshuffle.com/app/project/detail?id=229848010&tab=contract', 21, 'd8be5761-bacb-40c3-9062-3ff38df2d87e'),
	(255, '2025-12-18 19:56:02.961295+00', 'AL - Robertsdale - Jennifer Moore Foundation Rodeo 2026', NULL, '2026-08-06', '2026-08-08', NULL, 0, 0, 0, 4, false, true, '', false, 7, 'https://pro.goodshuffle.com/app/project/detail?id=230761055&tab=contract', 21, 'd21c2bd5-1852-40bb-96db-d7c66df50cad'),
	(256, '2025-12-18 20:00:04.403548+00', 'FL - Branford - SRRC Rodeo 2026', NULL, '2026-09-26', '2026-09-27', NULL, 0, 0, 0, 2, false, true, '', false, 132, 'https://pro.goodshuffle.com/app/project/detail?id=230884146&tab=contract', 21, '87f7b545-acbb-428d-8ca4-70755551fd5f'),
	(257, '2025-12-19 14:11:28.43816+00', 'ON-First Robotics 2026', NULL, '2026-04-16', '2026-04-19', NULL, 0, 0, 0, 8, false, true, '', false, 43, 'https://pro.goodshuffle.com/app/project/detail?id=230807538&tab=contract', 12, 'de91d611-042c-4fba-984c-88ff4ed42003'),
	(258, '2025-12-19 14:16:25.233235+00', 'ON-Volleyball', NULL, '2026-04-13', '2026-04-26', NULL, 0, 0, 4, 0, false, true, '', false, 234, 'https://pro.goodshuffle.com/app/project/detail?id=230601786&tab=contract', 12, '313a9a3c-2270-40bb-917d-fca9ae6d4da0'),
	(260, '2025-12-19 16:14:53.366436+00', 'LA - Saint Bernard - Rodeo 2026 (#230645436)', NULL, '2026-10-23', '2026-10-25', NULL, 0, 0, 2, 1, false, false, '', false, 318, 'https://pro.goodshuffle.com/app/project/detail?id=230645436&tab=contract', 34, '2f4105fc-f72c-4292-8b81-1b4be52d5aff'),
	(224, '2025-11-20 17:58:35.162872+00', 'PA-Hersey-Sugar Rush 2026', NULL, '2026-01-05', '2026-01-06', NULL, 0, 0, 0, 2, false, true, '', false, 161, 'https://pro.goodshuffle.com/app/project/detail?id=230404175&tab=contract', 12, 'a84ec327-7470-406d-9165-72d647849469'),
	(220, '2025-11-17 16:17:06.404048+00', 'ON-Missisaagua-All Star Cheer', NULL, '2026-04-10', '2026-04-13', NULL, 0, 0, 0, 8, false, true, '', false, 327, 'https://pro.goodshuffle.com/app/project/detail?id=230976504&tab=contract', 12, 'fd154b0d-310e-42e5-85c3-d340f9d2c001'),
	(218, '2025-11-14 18:35:21.781248+00', 'FL - Fruitland Park - 2026 Rodeo', NULL, '2026-03-22', '2026-03-23', NULL, 0, 0, 0, 6, false, true, '', false, 174, 'https://pro.goodshuffle.com/app/project/detail?id=230353811&tab=contract', 21, 'ea7ed459-9ed1-4c47-8611-0724a9419c74'),
	(250, '2025-12-18 18:47:10.683925+00', 'FL - Daytona - Varsity Spirits 2026', NULL, '2026-04-07', '2026-04-12', NULL, 0, 0, 2, 0, false, true, '', false, 344, 'https://pro.goodshuffle.com/app/project/detail?id=230631005&tab=contract', 21, '426293cf-add5-494b-b885-f266d30bbba0'),
	(249, '2025-12-18 18:31:19.016918+00', 'FL - Dover -Hillsborough County Fairgrounds (April 2026)', NULL, '2026-04-10', '2026-04-11', NULL, 0, 0, 4, 7, false, true, '', false, 253, 'https://pro.goodshuffle.com/app/project/detail?id=230550075&tab=contract', 21, '6c8cfe5c-a750-477d-9ae4-068fdec226eb'),
	(211, '2025-11-14 18:08:47.461012+00', 'FL - Dover - Hillsborough County Fair (Jan 2026)', NULL, '2026-01-16', '2026-01-17', NULL, 0, 0, 2, 10, false, true, '', false, 224, 'https://pro.goodshuffle.com/app/project/detail?id=230269199&tab=contract', 21, '337bf68f-2884-4842-a81b-e59d3c476739'),
	(223, '2025-11-19 18:56:13.719432+00', 'On-Lansdowne-Rodeo 2026', NULL, '2026-05-29', '2026-05-30', NULL, 0, 0, 2, 3, false, true, '', false, 1, 'https://pro.goodshuffle.com/app/project/detail?id=230951317&tab=contract', 12, '3a0338a0-0870-4c30-85bb-9df0020eed32'),
	(177, '2025-10-06 12:31:17.183198+00', 'ON-Grey Highlands Rodeo 2026', '2026-05-21', '2026-05-22', '2026-05-24', '2026-05-25', 0, 0, 0, 3, false, true, '', false, 235, 'https://pro.goodshuffle.com/app/project/detail?id=230838056&tab=contract', NULL, '7ecd6474-2892-4a81-90b0-32b527781a9f'),
	(222, '2025-11-19 18:52:22.560195+00', 'ON-Calabogie-Guitars and Gasoline', NULL, '2026-06-05', '2026-06-07', NULL, 0, 0, 0, 3, false, true, '', false, 33, 'https://pro.goodshuffle.com/app/project/detail?id=230760881&tab=contract', 12, 'a7b11ccf-80fb-4cb6-b906-fe11c72538ce'),
	(240, '2025-12-09 14:41:30.518586+00', 'Repairs ', NULL, '2025-11-10', '2026-01-17', NULL, 0, 0, 1, 0, false, true, 'Bleacher wont close. Waiting on parts from Kaypark. ', false, 359, NULL, 13, 'b9f92ca7-2641-4098-b0b3-e765c4f7a09d'),
	(259, '2025-12-19 15:55:06.892192+00', 'LA - Marksville - Wild West Show (#230724014)', NULL, '2026-05-01', '2026-05-03', NULL, 0, 0, 4, 0, false, false, '', false, 113, 'https://pro.goodshuffle.com/app/project/detail?id=230724014&tab=contract', 34, '7e70dfd3-c0ad-4d20-94a8-af3c32334061'),
	(261, '2025-12-19 16:43:03.58354+00', 'LA - Baton Rouge - Rodeo 2026 (#230584408)', NULL, '2026-05-01', '2026-05-02', NULL, 0, 0, 0, 3, false, false, '', false, 84, 'https://pro.goodshuffle.com/app/project/detail?id=230584408&tab=contract', 34, 'acb0e782-f5cc-4be1-baee-8833947ab420'),
	(264, '2025-12-19 20:49:39.024915+00', 'FL - Palmetto - Big Water Pro Rodeo 2026', NULL, '2026-02-06', '2026-02-07', NULL, 0, 0, 0, 2, false, true, '', false, 344, 'https://pro.goodshuffle.com/app/project/detail?id=230617757&tab=contract', 21, '5f380869-75b5-4ee8-983e-6e4830c7433c'),
	(251, '2025-12-18 18:49:33.391208+00', 'FL - Green Cove Springs - Demo Derby 2026', NULL, '2026-04-09', '2026-04-09', NULL, 0, 0, 0, 2, false, true, '', false, 19, 'https://pro.goodshuffle.com/app/project/detail?id=230635173&tab=contract', 21, 'c143d4bd-5025-4dfe-a6c5-88a4203f30f8'),
	(265, '2025-12-22 01:59:26.08434+00', 'LA - Amite - Tangipahoa Parish Pro Rodeo 2026 (#231029698)', NULL, '2026-06-12', '2026-06-13', NULL, 0, 0, 2, 1, false, false, '', false, 303, 'https://pro.goodshuffle.com/app/project/detail?id=231029698&tab=contract', 34, 'b9169586-a387-409e-b142-79212bd9ca2a'),
	(262, '2025-12-19 20:44:46.757441+00', 'FL - West Palm Beach - South Florida Fair 2026 ( 10 Rows )', NULL, '2026-01-01', '2026-02-01', NULL, 0, 0, 2, 0, false, true, '', false, 109, 'https://pro.goodshuffle.com/app/project/detail?id=230644429&tab=contract', 21, '4ef3535b-baa8-4318-b389-4f4125fa0b9b'),
	(263, '2025-12-19 20:47:21.907674+00', 'FL- Zellwood- Southern Spring', NULL, '2026-03-13', '2026-03-14', NULL, 0, 0, 0, 3, false, true, '', false, 209, 'https://pro.goodshuffle.com/app/project/detail?id=230775406&tab=contract', 21, '93f51dae-c98a-4f1e-a945-0f274a834c31'),
	(266, '2025-12-22 21:53:22.396929+00', 'GA - Ringgold - All Star Monster Truck Tour 2026', NULL, '2026-04-11', '2026-04-12', NULL, 0, 0, 2, 0, false, true, '', false, 140, 'https://pro.goodshuffle.com/app/project/detail?id=230886624&tab=contract', 21, '00638b73-8353-42be-986a-540610c30bfd'),
	(267, '2025-12-23 14:43:18.963501+00', 'ON-Burgesville- Jisk Farm Event', NULL, '2026-07-18', '2026-07-19', NULL, 0, 0, 2, 0, false, true, '', false, 57, 'https://pro.goodshuffle.com/app/project/detail?id=231043679&tab=contract', 12, '6507606c-14d3-49ae-bb50-a499a4e610fc'),
	(269, '2025-12-30 20:30:21.931084+00', 'GA - Dahlonega - R Ranch 2026', NULL, '2026-06-06', '2026-06-07', NULL, 0, 0, 0, 4, false, true, '', false, 164, 'https://pro.goodshuffle.com/app/project/detail?id=231057607&tab=contract', 21, '634196a7-1ca7-4982-abff-f92785c2935e'),
	(271, '2026-01-05 19:47:25.934959+00', 'GA - Atlanta - The Basketball Festival', NULL, '2027-11-22', '2027-11-24', NULL, 0, 0, 10, 6, false, false, '', false, 235, 'https://pro.goodshuffle.com/app/project/detail?id=230630845&tab=contract', 21, '461fa735-39b7-4628-8605-86c0442e0e4a'),
	(272, '2026-01-06 14:22:43.09854+00', 'LA - Pearl River - Fights at the Mansion (#231081259)', NULL, '2026-01-08', '2026-01-12', NULL, 0, 0, 1, 0, false, false, '', false, 85, 'https://pro.goodshuffle.com/app/project/detail?id=231081259&tab=contract', 34, '14fed438-5fde-484a-8179-00dc12c3c69f'),
	(273, '2026-01-07 14:53:04.458474+00', 'QB-Robotics 2026', NULL, '2026-04-08', '2026-04-15', NULL, 0, 0, 4, 0, false, true, '', true, 184, 'https://pro.goodshuffle.com/app/project/detail?id=230930123&tab=contract', 12, 'd5e6327a-cbd3-4f7b-98c5-cfaf0fb696e5'),
	(274, '2026-01-07 20:52:56.08744+00', 'ON-Mitchell Fair ', NULL, '2026-09-04', '2026-09-06', NULL, 0, 0, 3, 0, false, true, '', false, 174, 'https://pro.goodshuffle.com/app/project/detail?id=231088316&tab=contract', 26, '4f9db35e-3a9d-4cb0-8e5c-f0b9280c6682'),
	(268, '2025-12-30 13:36:05.289283+00', 'ON-Mississauga- MotorCross ', NULL, '2026-01-09', '2026-01-11', NULL, 0, 0, 0, 7, false, true, '', false, 308, 'https://pro.goodshuffle.com/app/project/detail?id=230380981&tab=contract', 12, '35c039af-824e-4a71-8e31-c46b236aec48');


--
-- Data for Name: BleacherEvents; Type: TABLE DATA; Schema: public; Owner: postgres
--

INSERT INTO "public"."BleacherEvents" ("created_at", "bleacher_id", "event_id", "setup_text", "setup_confirmed", "teardown_text", "teardown_confirmed") VALUES
	('2025-07-02 12:12:01.838998+00', 70, 82, 'Justin from Aylmer', true, '', false),
	('2025-06-24 18:33:19.728119+00', 10, 45, 'justin', true, '', false),
	('2025-06-24 17:40:34.885917+00', 3, 45, 'Joe blow - ', true, '', false),
	('2025-06-13 18:08:05.728276+00', 91, 52, NULL, false, NULL, false),
	('2025-06-13 18:08:05.728276+00', 92, 52, NULL, false, NULL, false),
	('2025-06-13 18:08:05.728276+00', 50, 52, NULL, false, NULL, false),
	('2025-06-13 18:21:37.953655+00', 56, 41, NULL, false, NULL, false),
	('2025-06-13 18:21:37.953655+00', 67, 41, NULL, false, NULL, false),
	('2025-06-13 18:21:37.953655+00', 68, 41, NULL, false, NULL, false),
	('2025-06-13 18:21:37.953655+00', 69, 41, NULL, false, NULL, false),
	('2025-06-13 18:21:37.953655+00', 70, 41, NULL, false, NULL, false),
	('2025-05-08 12:58:04.006713+00', 94, 5, NULL, false, NULL, false),
	('2025-05-08 12:58:04.006713+00', 52, 5, NULL, false, NULL, false),
	('2025-05-08 12:58:04.006713+00', 55, 5, NULL, false, NULL, false),
	('2025-05-08 12:58:04.006713+00', 30, 5, NULL, false, NULL, false),
	('2025-06-19 14:42:06.546201+00', 65, 39, NULL, false, NULL, false),
	('2025-05-22 14:22:01.535541+00', 53, 7, NULL, false, NULL, false),
	('2025-06-19 14:42:06.546201+00', 66, 39, NULL, false, NULL, false),
	('2025-05-27 21:32:39.133724+00', 5, 47, NULL, false, NULL, false),
	('2025-05-27 21:32:39.133724+00', 8, 47, NULL, false, NULL, false),
	('2025-05-27 21:32:39.133724+00', 45, 47, NULL, false, NULL, false),
	('2025-05-22 14:39:35.59668+00', 48, 10, NULL, false, NULL, false),
	('2025-05-22 14:39:35.59668+00', 53, 10, NULL, false, NULL, false),
	('2025-05-22 14:48:26.722702+00', 55, 11, NULL, false, NULL, false),
	('2025-05-22 14:48:26.722702+00', 57, 11, NULL, false, NULL, false),
	('2025-05-22 14:48:26.722702+00', 59, 11, NULL, false, NULL, false),
	('2025-05-22 15:13:06.152882+00', 27, 12, NULL, false, NULL, false),
	('2025-05-22 15:13:06.152882+00', 35, 12, NULL, false, NULL, false),
	('2025-05-22 15:13:06.152882+00', 52, 12, NULL, false, NULL, false),
	('2025-05-22 15:13:06.152882+00', 61, 12, NULL, false, NULL, false),
	('2025-05-22 15:16:36.075366+00', 33, 13, NULL, false, NULL, false),
	('2025-05-22 15:16:36.075366+00', 34, 13, NULL, false, NULL, false),
	('2025-05-22 15:16:36.075366+00', 40, 13, NULL, false, NULL, false),
	('2025-05-22 15:16:36.075366+00', 60, 13, NULL, false, NULL, false),
	('2025-05-22 15:18:26.044799+00', 39, 14, NULL, false, NULL, false),
	('2025-05-22 15:21:17.686246+00', 67, 15, NULL, false, NULL, false),
	('2025-05-22 15:21:17.686246+00', 70, 15, NULL, false, NULL, false),
	('2025-05-22 15:25:06.553914+00', 68, 16, NULL, false, NULL, false),
	('2025-05-22 15:25:06.553914+00', 69, 16, NULL, false, NULL, false),
	('2025-05-22 15:30:52.606829+00', 39, 17, NULL, false, NULL, false),
	('2025-05-22 15:30:52.606829+00', 31, 17, NULL, false, NULL, false),
	('2025-05-22 15:41:31.683478+00', 50, 18, NULL, false, NULL, false),
	('2025-05-22 15:41:31.683478+00', 80, 18, NULL, false, NULL, false),
	('2025-05-27 21:32:39.133724+00', 44, 47, NULL, false, NULL, false),
	('2025-06-03 00:10:24.391475+00', 19, 38, NULL, false, NULL, false),
	('2025-06-03 00:10:24.391475+00', 29, 38, NULL, false, NULL, false),
	('2025-05-22 15:53:14.040973+00', 14, 21, NULL, false, NULL, false),
	('2025-05-22 15:53:14.040973+00', 1, 21, NULL, false, NULL, false),
	('2025-05-22 15:56:21.702792+00', 28, 22, NULL, false, NULL, false),
	('2025-05-22 15:56:21.702792+00', 36, 22, NULL, false, NULL, false),
	('2025-05-22 15:56:21.702792+00', 68, 22, NULL, false, NULL, false),
	('2025-05-22 15:56:21.702792+00', 69, 22, NULL, false, NULL, false),
	('2025-05-22 15:58:30.989676+00', 73, 23, NULL, false, NULL, false),
	('2025-05-22 15:58:30.989676+00', 75, 23, NULL, false, NULL, false),
	('2025-05-22 16:01:51.129653+00', 5, 24, NULL, false, NULL, false),
	('2025-05-22 16:01:51.129653+00', 84, 24, NULL, false, NULL, false),
	('2025-05-22 16:01:51.129653+00', 85, 24, NULL, false, NULL, false),
	('2025-05-22 16:04:16.226267+00', 93, 25, NULL, false, NULL, false),
	('2025-05-22 16:04:16.226267+00', 10, 25, NULL, false, NULL, false),
	('2025-05-22 16:07:29.8289+00', 50, 26, NULL, false, NULL, false),
	('2025-06-27 18:42:42.325912+00', 73, 80, NULL, false, '', true),
	('2025-05-22 16:14:05.577148+00', 79, 28, NULL, false, NULL, false),
	('2025-05-22 16:14:05.577148+00', 80, 28, NULL, false, NULL, false),
	('2025-05-22 16:36:49.723342+00', 56, 29, NULL, false, NULL, false),
	('2025-06-03 00:10:24.391475+00', 94, 38, NULL, false, NULL, false),
	('2025-06-27 18:42:42.325912+00', 74, 80, NULL, false, '', true),
	('2025-06-13 18:21:37.953655+00', 93, 41, NULL, false, 'Justin', true),
	('2025-06-13 18:39:29.357014+00', 55, 55, 'KDR Wednesday ', true, 'KDR', false),
	('2025-06-04 17:03:29.399681+00', 40, 48, NULL, false, NULL, false),
	('2025-07-02 12:12:01.838998+00', 5, 82, 'Justin from Aylmer', true, 'Justin to Farm', false),
	('2025-07-02 16:38:28.646191+00', 84, 83, 'Mitch Tuesday set up', true, '', false),
	('2025-07-02 16:38:28.646191+00', 89, 83, 'Justin Tuesday', true, '', false),
	('2025-07-02 16:38:28.646191+00', 90, 83, 'KDR Tuesday', true, '', false),
	('2025-07-02 16:38:28.646191+00', 92, 83, 'Devin Tuesday', true, '', false),
	('2025-07-02 16:43:18.923174+00', 44, 61, '', false, '', false),
	('2025-07-02 16:43:18.923174+00', 57, 61, '', false, '', false),
	('2025-07-02 16:44:58.517376+00', 55, 69, '', false, '', false),
	('2025-07-02 16:44:58.517376+00', 59, 69, '', false, '', false),
	('2025-06-13 19:36:52.113605+00', 20, 63, NULL, false, NULL, false),
	('2025-06-13 19:36:52.113605+00', 25, 63, NULL, false, NULL, false),
	('2025-07-02 16:35:06.127857+00', 56, 58, 'Jake', false, '', false),
	('2025-07-02 12:12:01.838998+00', 26, 82, 'Jake  from Aylmer', true, 'Justin to Farm', false),
	('2025-07-02 17:36:15.420299+00', 95, 62, 'Matt', false, '', false),
	('2025-07-02 17:36:15.420299+00', 96, 62, 'Matt', false, '', false),
	('2025-07-02 16:38:28.646191+00', 78, 83, 'Justin on Wednesday', true, '', false),
	('2025-07-28 13:49:43.387474+00', 1, 71, '', false, 'Justin to Matawa', true),
	('2025-07-28 13:54:06.482111+00', 11, 73, '', false, '', false),
	('2025-05-22 18:46:55.201244+00', 65, 36, NULL, false, NULL, false),
	('2025-05-22 18:52:20.606014+00', 76, 37, NULL, false, NULL, false),
	('2025-07-28 13:54:06.482111+00', 55, 73, '', false, '', false),
	('2025-07-28 13:54:06.482111+00', 56, 73, '', false, '', false),
	('2025-07-28 13:54:06.482111+00', 68, 73, '', false, '', false),
	('2025-07-28 13:54:06.482111+00', 69, 73, '', false, '', false),
	('2025-07-28 13:54:06.482111+00', 79, 73, '', false, '', false),
	('2025-05-22 19:10:39.79478+00', 46, 40, NULL, false, NULL, false),
	('2025-07-28 13:54:06.482111+00', 80, 73, '', false, '', false),
	('2025-07-28 13:56:43.571855+00', 57, 72, '', false, '', false),
	('2025-07-28 13:56:43.571855+00', 76, 72, '', false, '', false),
	('2025-05-22 19:21:30.194922+00', 42, 42, NULL, false, NULL, false),
	('2025-05-22 19:24:14.5974+00', 52, 43, NULL, false, NULL, false),
	('2025-05-22 19:24:14.5974+00', 61, 43, NULL, false, NULL, false),
	('2025-05-22 19:24:14.5974+00', 72, 43, NULL, false, NULL, false),
	('2025-06-13 19:36:52.113605+00', 31, 63, NULL, false, NULL, false),
	('2025-06-13 19:36:52.113605+00', 37, 63, NULL, false, NULL, false),
	('2025-06-13 19:36:52.113605+00', 38, 63, NULL, false, NULL, false),
	('2025-06-13 19:36:52.113605+00', 39, 63, NULL, false, NULL, false),
	('2025-06-13 19:36:52.113605+00', 41, 63, NULL, false, NULL, false),
	('2025-05-22 19:37:39.667513+00', 84, 20, NULL, false, NULL, false),
	('2025-05-22 19:37:39.667513+00', 85, 20, NULL, false, NULL, false),
	('2025-05-23 14:16:20.880057+00', 79, 19, NULL, false, NULL, false),
	('2025-05-23 14:27:16.223745+00', 65, 31, NULL, false, NULL, false),
	('2025-05-23 14:27:16.223745+00', 66, 31, NULL, false, NULL, false),
	('2025-05-23 14:27:16.223745+00', 76, 31, NULL, false, NULL, false),
	('2025-05-23 14:37:04.269511+00', 27, 30, NULL, false, NULL, false),
	('2025-05-23 14:37:04.269511+00', 35, 30, NULL, false, NULL, false),
	('2025-05-23 14:37:04.269511+00', 52, 30, NULL, false, NULL, false),
	('2025-05-23 14:37:04.269511+00', 60, 30, NULL, false, NULL, false),
	('2025-05-23 14:37:04.269511+00', 61, 30, NULL, false, NULL, false),
	('2025-05-23 14:37:04.269511+00', 72, 30, NULL, false, NULL, false),
	('2025-05-23 18:41:18.423924+00', 29, 46, NULL, false, NULL, false),
	('2025-06-13 17:52:02.805339+00', 26, 34, NULL, false, NULL, false),
	('2025-06-13 17:52:02.805339+00', 56, 34, NULL, false, NULL, false),
	('2025-06-13 17:52:02.805339+00', 68, 34, NULL, false, NULL, false),
	('2025-06-13 17:52:02.805339+00', 80, 34, NULL, false, NULL, false),
	('2025-06-13 17:52:02.805339+00', 84, 34, NULL, false, NULL, false),
	('2025-06-13 18:11:17.936316+00', 27, 53, NULL, false, NULL, false),
	('2025-06-19 14:43:59.245712+00', 67, 44, NULL, false, NULL, false),
	('2025-06-13 18:43:39.226525+00', 61, 56, NULL, false, NULL, false),
	('2025-06-06 14:54:51.465499+00', 59, 27, NULL, false, NULL, false),
	('2025-06-06 14:54:51.465499+00', 67, 27, NULL, false, NULL, false),
	('2025-06-06 14:54:51.465499+00', 70, 27, NULL, false, NULL, false),
	('2025-06-06 14:54:51.465499+00', 47, 27, NULL, false, NULL, false),
	('2025-06-13 18:43:39.226525+00', 72, 56, NULL, false, NULL, false),
	('2025-06-13 18:47:19.655215+00', 14, 57, NULL, false, NULL, false),
	('2025-06-19 14:43:59.245712+00', 68, 44, NULL, false, NULL, false),
	('2025-06-19 14:43:59.245712+00', 69, 44, NULL, false, NULL, false),
	('2025-06-19 20:21:06.719494+00', 26, 45, 'Justin Set up', true, NULL, false),
	('2025-06-19 14:43:59.245712+00', 44, 44, 'justin', true, NULL, false),
	('2025-06-27 17:34:42.718001+00', 70, 45, '', false, '', false),
	('2025-06-19 14:43:59.245712+00', 56, 44, 'Stu', true, 'direct to next event', false),
	('2025-07-02 16:42:37.264173+00', 10, 66, '', false, '', false),
	('2025-07-28 14:02:59.263877+00', 1, 85, 'Justin set up', true, 'right to Georgetown Monday', true),
	('2025-06-13 19:35:26.508881+00', 75, 62, 'Matt', false, NULL, false),
	('2025-06-13 17:00:27.214482+00', 11, 33, NULL, false, NULL, false),
	('2025-06-13 17:00:27.214482+00', 44, 33, NULL, false, NULL, false),
	('2025-06-13 17:00:27.214482+00', 45, 33, NULL, false, NULL, false),
	('2025-06-13 17:00:27.214482+00', 47, 33, NULL, false, NULL, false),
	('2025-06-13 17:00:27.214482+00', 49, 33, NULL, false, NULL, false),
	('2025-06-13 17:00:27.214482+00', 55, 33, NULL, false, NULL, false),
	('2025-06-13 17:00:27.214482+00', 57, 33, NULL, false, NULL, false),
	('2025-06-13 17:00:27.214482+00', 59, 33, NULL, false, NULL, false),
	('2025-06-13 17:00:27.214482+00', 88, 33, NULL, false, NULL, false),
	('2025-06-13 17:00:27.214482+00', 90, 33, NULL, false, NULL, false),
	('2025-06-13 17:00:27.214482+00', 85, 33, NULL, false, NULL, false),
	('2025-06-13 17:00:27.214482+00', 86, 33, NULL, false, NULL, false),
	('2025-06-13 19:36:52.113605+00', 51, 63, NULL, false, NULL, false),
	('2025-06-13 19:36:52.113605+00', 62, 63, NULL, false, NULL, false),
	('2025-06-13 19:36:52.113605+00', 71, 63, NULL, false, NULL, false),
	('2025-06-13 19:39:22.898552+00', 28, 64, NULL, false, NULL, false),
	('2025-06-13 19:39:22.898552+00', 36, 64, NULL, false, NULL, false),
	('2025-06-13 19:43:29.723125+00', 52, 65, NULL, false, NULL, false),
	('2025-06-13 19:43:29.723125+00', 61, 65, NULL, false, NULL, false),
	('2025-06-13 19:49:21.993865+00', 26, 66, NULL, false, NULL, false),
	('2025-06-13 19:49:21.993865+00', 46, 66, NULL, false, NULL, false),
	('2025-06-13 19:49:21.993865+00', 56, 66, NULL, false, NULL, false),
	('2025-09-03 19:45:21.964464+00', 88, 159, '', true, 'mitch', true),
	('2025-06-13 19:49:21.993865+00', 65, 66, NULL, false, NULL, false),
	('2025-06-13 19:49:21.993865+00', 66, 66, NULL, false, NULL, false),
	('2025-06-13 19:49:21.993865+00', 78, 66, NULL, false, NULL, false),
	('2025-06-13 19:49:21.993865+00', 93, 66, NULL, false, NULL, false),
	('2025-09-03 19:45:21.964464+00', 85, 159, '', true, 'mitch', true),
	('2025-06-13 19:54:02.548243+00', 45, 67, NULL, false, NULL, false),
	('2025-06-13 19:57:00.971727+00', 48, 68, NULL, false, NULL, false),
	('2025-06-13 19:57:00.971727+00', 53, 68, NULL, false, NULL, false),
	('2025-06-13 20:00:20.990862+00', 49, 69, NULL, false, NULL, false),
	('2025-07-02 16:33:05.100441+00', 75, 81, 'KDR', true, '', false),
	('2025-06-13 20:14:12.766467+00', 48, 72, NULL, false, NULL, false),
	('2025-06-13 20:14:12.766467+00', 53, 72, NULL, false, NULL, false),
	('2025-06-13 20:14:12.766467+00', 70, 72, NULL, false, NULL, false),
	('2025-06-13 20:14:12.766467+00', 73, 72, NULL, false, NULL, false),
	('2025-06-13 20:22:06.92218+00', 45, 73, NULL, false, NULL, false),
	('2025-06-13 20:22:06.92218+00', 47, 73, NULL, false, NULL, false),
	('2025-06-13 20:22:06.92218+00', 59, 73, NULL, false, NULL, false),
	('2025-06-13 20:22:06.92218+00', 84, 73, NULL, false, NULL, false),
	('2025-06-13 20:22:06.92218+00', 86, 73, NULL, false, NULL, false),
	('2025-06-13 20:22:06.92218+00', 90, 73, NULL, false, NULL, false),
	('2025-06-13 20:22:06.92218+00', 91, 73, NULL, false, NULL, false),
	('2025-06-13 20:22:06.92218+00', 93, 73, NULL, false, NULL, false),
	('2025-07-02 16:43:58.903595+00', 11, 67, '', false, '', false),
	('2025-07-02 16:42:37.264173+00', 68, 66, '', false, '', false),
	('2025-07-02 16:42:37.264173+00', 69, 66, '', false, '', false),
	('2025-06-16 19:04:18.200009+00', 17, 76, NULL, false, NULL, false),
	('2025-06-16 19:04:47.680135+00', 13, 75, NULL, false, NULL, false),
	('2025-06-16 19:04:47.680135+00', 38, 75, NULL, false, NULL, false),
	('2025-06-16 19:08:33.41473+00', 27, 77, NULL, false, NULL, false),
	('2025-06-16 19:08:33.41473+00', 60, 77, NULL, false, NULL, false),
	('2025-07-02 16:42:37.264173+00', 70, 66, '', false, '', false),
	('2025-07-02 16:45:35.716184+00', 84, 70, '', false, '', false),
	('2025-07-02 16:45:35.716184+00', 89, 70, '', false, '', false),
	('2025-07-02 16:35:29.422999+00', 68, 58, 'Mitch', false, '', false),
	('2025-06-16 19:12:27.125859+00', 13, 79, NULL, false, NULL, false),
	('2025-06-16 19:12:27.125859+00', 14, 79, NULL, false, NULL, false),
	('2025-06-16 19:12:27.125859+00', 37, 79, NULL, false, NULL, false),
	('2025-06-16 19:12:27.125859+00', 38, 79, NULL, false, NULL, false),
	('2025-06-16 19:12:45.328359+00', 28, 78, NULL, false, NULL, false),
	('2025-06-16 19:12:45.328359+00', 36, 78, NULL, false, NULL, false),
	('2025-06-16 19:12:45.328359+00', 51, 78, NULL, false, NULL, false),
	('2025-06-16 19:12:45.328359+00', 62, 78, NULL, false, NULL, false),
	('2025-06-30 14:54:25.140226+00', 11, 55, 'KDR Wednesday Set up', true, 'KDR', false),
	('2025-06-13 19:35:26.508881+00', 76, 62, 'Matt', false, NULL, false),
	('2025-06-13 19:35:26.508881+00', 74, 62, 'Matt', false, NULL, false),
	('2025-06-13 19:35:26.508881+00', 73, 62, 'Matt', false, NULL, false),
	('2025-06-18 17:06:17.995812+00', 61, 74, NULL, false, NULL, false),
	('2025-06-18 17:06:17.995812+00', 72, 74, NULL, false, NULL, false),
	('2025-06-13 19:35:26.508881+00', 8, 62, 'Matt ', false, NULL, false),
	('2025-06-19 20:18:54.080911+00', 10, 32, NULL, false, NULL, false),
	('2025-06-19 20:18:54.080911+00', 67, 32, NULL, false, NULL, false),
	('2025-06-19 20:18:54.080911+00', 70, 32, NULL, false, NULL, false),
	('2025-06-19 20:18:54.080911+00', 93, 32, NULL, false, NULL, false),
	('2025-06-19 20:18:54.080911+00', 69, 32, NULL, false, NULL, false),
	('2025-06-19 20:18:54.080911+00', 89, 32, NULL, false, NULL, false),
	('2025-06-19 20:18:54.080911+00', 79, 32, NULL, false, NULL, false),
	('2025-06-30 14:54:25.140226+00', 59, 55, 'KDR', true, 'KDR', false),
	('2025-06-13 20:14:12.766467+00', 8, 72, NULL, false, 'Timberfell Home', true),
	('2025-06-13 20:14:12.766467+00', 9, 72, NULL, false, 'Timberfell Home', true),
	('2025-06-13 20:08:25.58117+00', 10, 71, NULL, false, 'Jake to Farm Monday, Jake to Toronto Tuesday', true),
	('2025-07-28 13:51:05.615962+00', 26, 71, '', false, '', false),
	('2025-07-28 13:51:05.615962+00', 44, 71, '', false, '', false),
	('2025-06-19 20:21:06.719494+00', 5, 45, 'On site- - Justin to set up ', true, NULL, false),
	('2025-07-28 13:54:55.765534+00', 67, 71, '', false, '', false),
	('2025-07-28 13:56:43.571855+00', 88, 72, '', false, '', false),
	('2025-07-28 13:56:43.571855+00', 89, 72, '', false, '', false),
	('2025-07-28 14:02:59.263877+00', 89, 85, 'Mitch set up', true, 'Vannessa Hill', true),
	('2025-07-28 14:02:59.263877+00', 88, 85, 'Mitch set up', true, 'Mitch', true),
	('2025-07-28 14:02:59.263877+00', 50, 85, 'Devin delivered early ', true, 'Jake right to Georgetown', true),
	('2025-07-29 19:41:23.814544+00', 93, 95, 'Stu to Niagara', true, '', true),
	('2025-07-28 15:41:04.666699+00', 5, 95, 'Jake and Stu set', true, 'Stu', true),
	('2025-07-28 14:09:58.083074+00', 79, 87, NULL, false, NULL, false),
	('2025-06-13 20:08:25.58117+00', 5, 71, NULL, false, 'Jake fold up Monday, Justin to drop @ Carnival Tuesday ', true),
	('2025-07-28 15:41:04.666699+00', 86, 95, 'set up thursday', true, 'Stu', true),
	('2025-07-28 15:41:04.666699+00', 73, 95, 'set up thursday', true, 'Justin to farm Wednesday', true),
	('2025-07-30 12:10:40.371589+00', 56, 103, 'KDR', true, '', true),
	('2025-09-18 15:54:52.775537+00', 76, 169, NULL, false, NULL, false),
	('2025-07-30 12:10:40.371589+00', 50, 103, 'Devin to Fergus', true, '', true),
	('2025-07-28 14:19:05.530694+00', 59, 90, NULL, false, NULL, false),
	('2025-07-28 14:19:05.530694+00', 68, 90, NULL, false, NULL, false),
	('2025-07-28 14:19:05.530694+00', 69, 90, NULL, false, NULL, false),
	('2025-07-28 14:19:05.530694+00', 80, 90, NULL, false, NULL, false),
	('2025-07-28 14:19:05.530694+00', 85, 90, NULL, false, NULL, false),
	('2025-07-28 15:32:49.949145+00', 49, 92, '', true, 'Justin', true),
	('2025-09-10 18:38:52.412966+00', 109, 162, '', true, '', true),
	('2025-07-28 15:43:29.306385+00', 86, 96, '9th delivery 10 am', true, '', false),
	('2025-07-28 16:37:40.265753+00', 44, 97, NULL, false, NULL, false),
	('2025-07-28 16:37:40.265753+00', 45, 97, NULL, false, NULL, false),
	('2025-09-12 17:54:14.278351+00', 49, 165, NULL, false, 'Justin to donnybrook', true),
	('2025-09-10 12:34:33.689729+00', 88, 132, 'Devin', true, '', true),
	('2025-07-28 16:37:40.265753+00', 93, 97, NULL, false, NULL, false),
	('2025-07-28 16:37:40.265753+00', 76, 97, '', true, 'Vanessa Hill', true),
	('2025-09-09 12:22:33.810422+00', 89, 97, '', true, 'Devin', true),
	('2025-07-28 15:42:43.631179+00', 5, 96, '9th delivery 10 am- Stu', true, 'Claire drop on monday', true),
	('2025-07-30 12:10:40.371589+00', 45, 103, 'KDR', true, 'Mitch', true),
	('2025-07-29 19:43:05.252819+00', 1, 99, 'KDR', true, '', true),
	('2025-09-10 18:38:52.412966+00', 110, 162, '', true, '', true),
	('2025-07-29 20:14:03.706955+00', 26, 87, '', false, 'Right to Hall D for CNE', true),
	('2025-07-28 14:09:58.083074+00', 44, 87, NULL, false, 'To teen ranch', true),
	('2025-07-28 14:09:58.083074+00', 8, 87, 'Tim Drop on Wednesday, Just set up Thursday', true, 'TIm taking home', true),
	('2025-07-28 15:35:44.353787+00', 86, 93, 'KDR Wedesday', true, 'Mitch', true),
	('2025-07-28 14:09:58.083074+00', 5, 87, '', true, 'Stu to Aylmer', true),
	('2025-07-28 14:09:58.083074+00', 45, 87, NULL, false, 'to teen ranch', true),
	('2025-07-28 14:19:05.530694+00', 46, 90, NULL, false, '', true),
	('2025-07-28 14:19:05.530694+00', 47, 90, NULL, false, '', true),
	('2025-07-30 12:17:36.29065+00', 48, 105, NULL, false, '', true),
	('2025-07-28 14:09:58.083074+00', 49, 87, NULL, false, 'KDR to farm', true),
	('2025-07-30 12:17:36.29065+00', 53, 105, NULL, false, '', true),
	('2025-07-30 12:19:12.448789+00', 55, 106, NULL, false, 'Justin to Farm', true),
	('2025-07-28 14:19:05.530694+00', 56, 90, NULL, false, 'KDR Home', true),
	('2025-07-30 12:19:12.448789+00', 58, 106, NULL, false, 'Devin to farm', true),
	('2025-07-30 12:19:12.448789+00', 67, 106, NULL, false, 'Clair Home', true),
	('2025-07-30 12:19:12.448789+00', 70, 106, NULL, false, 'Stu to farm', true),
	('2025-07-28 14:12:40.115926+00', 70, 88, 'Justin to Aylmer', true, '', true),
	('2025-07-28 14:09:58.083074+00', 91, 87, NULL, false, 'hall D', true),
	('2025-07-28 14:09:58.083074+00', 84, 87, NULL, false, 'right to Hall D', true),
	('2025-07-28 14:09:58.083074+00', 93, 87, NULL, false, 'hall D', true),
	('2025-07-28 14:09:58.083074+00', 92, 87, NULL, false, 'claire to farm', true),
	('2025-07-28 14:12:40.115926+00', 5, 88, 'Jake set up', true, '', true),
	('2025-07-29 19:36:43.460498+00', 88, 98, 'set up wed', true, '', true),
	('2025-07-28 14:19:05.530694+00', 11, 90, NULL, false, '', true),
	('2025-07-28 15:31:01.550131+00', 9, 91, 'Tim Delivery', true, 'TIM TEAR DOWN', true),
	('2025-09-10 18:38:52.412966+00', 111, 162, '', true, '', true),
	('2025-07-28 15:32:49.949145+00', 5, 92, '', true, 'Justin home', true),
	('2025-07-28 16:37:40.265753+00', 73, 97, '', true, 'Stu to farm', true),
	('2025-07-30 11:56:55.689934+00', 56, 102, 'KDR friday', true, 'KDR home', true),
	('2025-07-28 15:41:04.666699+00', 74, 95, 'Stu to West Niagara Thursday', true, 'Stu to Merritville', true),
	('2025-07-28 15:35:44.353787+00', 49, 93, 'Justin Wednesday', true, 'Justin fold up', true),
	('2025-07-28 15:35:44.353787+00', 85, 93, 'already on site', true, 'stu to CNE', true),
	('2025-07-28 14:16:01.128616+00', 10, 89, 'set up day', true, NULL, false),
	('2025-07-28 14:16:01.128616+00', 11, 89, 'set up day', true, NULL, false),
	('2025-07-28 15:35:44.353787+00', 47, 93, 'Mitch drop tuesday', true, 'KDR', true),
	('2025-07-28 15:35:44.353787+00', 92, 93, '', true, 'Justin to farm', true),
	('2025-07-28 16:37:40.265753+00', 50, 97, '', true, 'stay on site', true),
	('2025-07-28 14:16:01.128616+00', 59, 89, 'set up', true, NULL, false),
	('2025-07-28 15:35:44.353787+00', 5, 93, 'Justin drop early, set up Wednesday', true, 'KDR', true),
	('2025-07-28 16:37:40.265753+00', 46, 97, '', true, '', true),
	('2025-07-29 19:36:43.460498+00', 50, 98, 'set up day', true, 'Folded', true),
	('2025-07-29 19:36:43.460498+00', 89, 98, 'set up wed', true, 'Mitch to kingston', true),
	('2025-09-12 17:54:14.278351+00', 69, 165, NULL, false, 'mitch', true),
	('2025-07-30 12:10:40.371589+00', 26, 103, '', true, '', true),
	('2025-07-28 15:38:34.027642+00', 5, 94, 'KDR', true, 'Jake', true),
	('2025-09-10 18:38:52.412966+00', 108, 162, 'Justin', true, 'Stu', true),
	('2025-07-29 19:36:43.460498+00', 1, 98, 'KDR', true, 'KDR', true),
	('2025-09-22 18:47:45.016062+00', 79, 126, '', true, '', true),
	('2025-07-29 19:36:43.460498+00', 9, 98, 'Tim deliver', true, 'Mitch to timberfell', true),
	('2025-07-28 15:38:34.027642+00', 47, 94, 'KDR', true, 'Devin home', true),
	('2025-07-30 11:56:55.689934+00', 45, 102, 'Mitch Friday', true, 'kdr home', true),
	('2025-07-28 16:37:40.265753+00', 5, 97, '', true, 'jake to farm', true),
	('2025-09-18 15:54:52.775537+00', 77, 169, NULL, false, NULL, false),
	('2025-09-22 18:45:22.542593+00', 79, 132, '', false, '', false),
	('2025-09-16 10:58:54.808544+00', 26, 104, '', true, 'Devin home', true),
	('2025-09-09 12:23:51.66507+00', 55, 97, '', true, '', false),
	('2025-08-07 14:39:45.225725+00', 44, 122, '', true, '', true),
	('2025-08-04 12:40:41.43788+00', 3, 111, 'Martin', true, 'Return back to Truro', true),
	('2025-08-05 18:25:26.575295+00', 80, 93, 'Stu wednesday', true, 'Devin home, to CNE Wednesday', true),
	('2025-08-04 12:45:32.249741+00', 66, 107, '', false, '', false),
	('2025-08-06 14:30:33.629249+00', 101, 115, 'Mitch Deliver', true, 'mitch', true),
	('2025-07-30 15:30:16.746724+00', 59, 110, 'KDR', true, '', true),
	('2025-08-07 14:39:45.225725+00', 47, 122, 'KDR', true, 'Mitch', true),
	('2025-08-06 14:30:33.629249+00', 97, 115, 'Mitch Deliver', true, 'mitch', true),
	('2025-08-06 14:32:53.783313+00', 108, 116, 'Mitch Deliver', true, 'Mitch', true),
	('2025-07-30 14:12:12.054178+00', 57, 87, '', false, 'Right into Hall D', true),
	('2025-08-06 14:30:33.629249+00', 103, 115, 'Mitch Deliver', true, 'mitch', true),
	('2025-08-06 14:30:33.629249+00', 102, 115, 'Mitch Deliver', true, 'mitch', true),
	('2025-08-06 14:30:33.629249+00', 105, 115, 'Mitch Deliver', true, 'mitch', true),
	('2025-08-06 14:30:33.629249+00', 106, 115, 'Mitch Deliver', true, 'mitch', true),
	('2025-08-06 14:30:33.629249+00', 107, 115, 'Mitch Deliver', true, 'mitch', true),
	('2025-11-14 18:20:45.598203+00', 62, 214, NULL, false, NULL, false),
	('2025-08-07 14:39:45.225725+00', 56, 122, 'Devin from Fergus', true, '', true),
	('2025-08-07 12:23:53.830204+00', 26, 120, '', true, '', true),
	('2025-07-30 14:11:48.633832+00', 65, 107, NULL, false, 'Devin Home', true),
	('2025-08-05 15:24:45.921912+00', 58, 101, '', false, 'Mitch home', true),
	('2025-08-04 18:17:23.149449+00', 57, 113, 'set up day', true, 'Devin home', true),
	('2025-08-06 14:38:22.783547+00', 105, 118, NULL, false, 'Mitch ', true),
	('2025-07-30 15:30:16.746724+00', 85, 110, 'KDR', true, 'Mitch to farm', true),
	('2025-08-04 15:18:43.481238+00', 69, 88, '', false, '', true),
	('2025-08-06 14:30:33.629249+00', 100, 115, 'Mitch Deliver', true, 'mitch', true),
	('2025-08-06 14:32:53.783313+00', 109, 116, 'Mitch Deliver', true, 'Mitch', true),
	('2025-07-30 14:15:03.590599+00', 68, 88, '', false, '', true),
	('2025-08-04 18:17:23.149449+00', 84, 113, 'set up day', true, 'KDR to Georgetown Wednesday', true),
	('2025-08-04 18:17:23.149449+00', 73, 113, 'KDR Birds of prey', true, 'Justin to Niagara', true),
	('2025-08-06 14:30:33.629249+00', 104, 115, 'Mitch Deliver', true, 'mitch', true),
	('2025-08-04 18:17:23.149449+00', 76, 113, 'Devin birds of prey', true, NULL, false),
	('2025-08-04 18:17:23.149449+00', 74, 113, '', true, '', true),
	('2025-08-07 14:45:09.554811+00', 77, 124, 'Jake', true, 'Jake', true),
	('2025-08-04 15:13:14.398611+00', 44, 109, 'Devin', true, '', true),
	('2025-08-04 15:13:14.398611+00', 45, 109, 'Devin', true, '', true),
	('2025-07-30 15:28:24.880262+00', 56, 109, 'KDR to Drayton', true, '', true),
	('2025-08-07 14:45:09.554811+00', 46, 124, 'Justin', true, '', true),
	('2025-08-05 19:12:30.059105+00', 92, 114, 'Justin', true, 'Devin hom, then to Barrie', true),
	('2025-07-30 15:30:16.746724+00', 80, 110, 'KDR', true, 'Justin to Farm', true),
	('2025-08-05 15:25:56.031527+00', 58, 113, 'Mitch to CNE', true, 'Vanessa hill farms', true),
	('2025-07-30 14:54:20.874134+00', 48, 108, 'CHris Delivery', true, 'chris pick up', true),
	('2025-08-04 18:17:23.149449+00', 91, 113, 'set up day', true, 'KDR WED', true),
	('2025-07-30 14:54:20.874134+00', 53, 108, 'Chris  Deliver', true, '', true),
	('2025-08-04 18:17:23.149449+00', 80, 113, 'this delivery not until August 27th****', false, 'Mitch to Niagara', true),
	('2025-08-07 12:17:17.284279+00', 26, 119, 'Just set when brings unit #2', true, '', true),
	('2025-08-04 18:17:23.149449+00', 93, 113, 'already on site', true, 'stu wed', true),
	('2025-08-04 18:17:23.149449+00', 26, 113, 'set up day', true, '', true),
	('2025-08-06 14:30:33.629249+00', 99, 115, 'Mitch Deliver', true, 'Mitch', true),
	('2025-08-04 18:17:23.149449+00', 75, 113, '', true, '', true),
	('2025-08-07 14:39:45.225725+00', 93, 122, '', true, '', true),
	('2025-09-10 12:44:13.842916+00', 86, 132, 'Stu', true, 'Stu to farm', true),
	('2025-09-16 10:45:26.259652+00', 88, 126, '', true, '', true),
	('2025-09-10 16:31:46.387151+00', 55, 122, '', true, 'stay on site ', true),
	('2025-08-07 12:28:10.380089+00', 58, 121, 'vanessa Hill farms', true, '', true),
	('2025-09-15 11:44:15.310091+00', 8, 166, NULL, false, '', true),
	('2025-08-05 15:24:17.945467+00', 55, 112, 'Justin', true, 'Justin sunday', true),
	('2025-08-06 14:35:58.101332+00', 97, 117, 'Mitch drop Monday Morning', true, 'stu', true),
	('2025-08-06 14:38:22.783547+00', 97, 118, NULL, false, 'Mitch ', true),
	('2025-08-06 14:38:22.783547+00', 100, 118, NULL, false, 'Mitch ', true),
	('2025-08-06 14:38:22.783547+00', 101, 118, NULL, false, 'Mitch ', true),
	('2025-08-06 14:38:22.783547+00', 102, 118, NULL, false, 'Mitch ', true),
	('2025-08-06 14:38:22.783547+00', 104, 118, NULL, false, 'Mitch ', true),
	('2025-08-06 14:38:22.783547+00', 103, 118, NULL, false, 'Mitch ', true),
	('2025-08-06 14:38:22.783547+00', 99, 118, NULL, false, 'Mitch ', true),
	('2025-08-06 14:38:22.783547+00', 106, 118, NULL, false, 'Mitch ', true),
	('2025-08-06 14:38:22.783547+00', 107, 118, NULL, false, 'Mitch ', true),
	('2025-08-06 14:38:22.783547+00', 108, 118, NULL, false, 'KDR', true),
	('2025-08-06 14:38:22.783547+00', 109, 118, NULL, false, 'KDR', true),
	('2025-08-06 14:38:22.783547+00', 110, 118, NULL, false, 'KDR', true),
	('2025-08-06 14:38:22.783547+00', 111, 118, NULL, false, 'KDR', true),
	('2025-08-06 14:38:22.783547+00', 112, 118, NULL, false, 'KDR', true),
	('2025-08-06 14:38:22.783547+00', 113, 118, NULL, false, 'KDR', true),
	('2025-08-06 14:38:22.783547+00', 114, 118, NULL, false, 'KDR', true),
	('2025-08-06 14:38:22.783547+00', 115, 118, NULL, false, 'KDR', true),
	('2025-08-06 14:38:22.783547+00', 116, 118, NULL, false, 'KDR', true),
	('2025-08-06 14:38:22.783547+00', 117, 118, NULL, false, 'KDR', true),
	('2025-08-06 14:38:22.783547+00', 118, 118, NULL, false, 'KDR', true),
	('2025-08-06 14:38:22.783547+00', 119, 118, NULL, false, 'KDR', true),
	('2025-08-04 12:40:41.43788+00', 2, 111, 'Mitch ', true, 'Return back to Truro', true),
	('2025-08-05 18:25:26.575295+00', 79, 93, 'Mitch Wednesday', true, 'Devin home', true),
	('2025-08-04 18:17:23.149449+00', 92, 113, NULL, false, 'Mitch to farm', true),
	('2025-08-04 18:17:23.149449+00', 55, 113, 'Justin', true, 'Justin', true),
	('2025-08-07 12:28:10.380089+00', 55, 121, 'Justin', true, 'Justin Tuesday', true),
	('2025-08-07 14:39:45.225725+00', 45, 122, '', true, 'Mitch', true),
	('2025-08-07 14:39:45.225725+00', 57, 122, 'Justin', true, 'kdr home', true),
	('2025-08-07 12:23:53.830204+00', 65, 120, '', true, '', true),
	('2025-09-20 21:41:23.472653+00', 49, 130, '', false, '', false),
	('2025-08-15 13:24:39.120301+00', 114, 147, '', true, '', true),
	('2025-08-07 15:46:38.488805+00', 75, 133, 'Mitch to Western Fair', true, 'Jake Monday', true),
	('2025-08-18 19:45:44.063717+00', 108, 153, 'Mitch friday', true, 'KDR', true),
	('2025-08-07 15:50:44.057775+00', 76, 137, 'Mitch Wednesday', true, 'Mitch- right to Ancaster?', true),
	('2025-08-18 19:45:44.063717+00', 112, 153, '', true, '', true),
	('2025-08-18 19:45:44.063717+00', 111, 153, '', true, '', true),
	('2025-08-18 19:45:44.063717+00', 110, 153, '', true, '', true),
	('2025-08-18 19:45:44.063717+00', 109, 153, '', true, '', true),
	('2025-08-18 19:45:44.063717+00', 113, 153, '', true, '', true),
	('2025-08-07 14:58:37.050686+00', 81, 130, 'jake setup', true, 'jake', true),
	('2025-08-15 13:24:39.120301+00', 110, 147, '', true, '', true),
	('2025-08-15 13:24:39.120301+00', 111, 147, '', true, '', true),
	('2025-08-15 13:24:39.120301+00', 112, 147, '', true, '', true),
	('2025-08-08 12:11:38.660262+00', 99, 117, 'Mitch', true, 'stu', true),
	('2025-08-15 14:16:51.221992+00', 25, 150, NULL, false, NULL, false),
	('2025-08-07 14:53:19.658665+00', 53, 127, 'chris deliver', true, NULL, false),
	('2025-08-12 11:38:53.535099+00', 99, 143, NULL, false, NULL, false),
	('2025-08-12 11:38:53.535099+00', 100, 143, NULL, false, NULL, false),
	('2025-08-12 11:38:53.535099+00', 101, 143, NULL, false, NULL, false),
	('2025-08-07 15:32:33.287167+00', 58, 131, 'KDR', true, '', true),
	('2025-08-15 13:24:39.120301+00', 113, 147, '', true, '', true),
	('2025-08-07 14:53:19.658665+00', 48, 127, 'Chris deliver', true, NULL, false),
	('2025-08-15 14:16:51.221992+00', 54, 150, NULL, false, NULL, false),
	('2025-08-15 13:24:39.120301+00', 108, 147, 'Mitch', true, 'kdr', true),
	('2025-08-15 13:24:39.120301+00', 109, 147, '', true, '', true),
	('2025-08-07 15:38:38.597716+00', 75, 97, '', true, 'Vanessa Hill', true),
	('2025-08-07 16:19:36.407988+00', 70, 121, 'Stu', true, 'Mitch thursday', true),
	('2025-08-18 17:45:39.271088+00', 53, 152, 'Ottawa heavy haul', true, NULL, false),
	('2025-08-07 15:46:38.488805+00', 78, 133, 'KDR', true, '', true),
	('2025-08-12 11:38:53.535099+00', 97, 143, 'Devin 6am on 23rd', true, 'Devin 11pm on 23rd', true),
	('2025-08-14 16:34:29.292166+00', 86, 139, 'Mitch', true, 'Mitch to farm', true),
	('2025-08-07 14:48:28.153937+00', 74, 125, '', true, 'Stu', true),
	('2025-09-10 12:21:26.909283+00', 84, 141, '', false, 'justin', true),
	('2025-11-14 18:20:45.598203+00', 71, 214, NULL, false, NULL, false),
	('2025-08-08 12:08:41.110609+00', 81, 142, 'Justin ', true, 'Justin tear down 11 am ', true),
	('2025-08-07 16:16:10.932772+00', 89, 141, 'set up day', true, 'mitch', true),
	('2025-08-18 17:45:39.271088+00', 8, 152, 'Tim ', true, 'Tim', true),
	('2025-08-07 15:57:46.554974+00', 91, 139, 'Stu', true, 'Vanessa Hill', true),
	('2025-08-19 19:03:59.882398+00', 85, 113, '', false, 'Devin to Georgetown', true),
	('2025-08-07 14:48:28.153937+00', 93, 125, '', true, '', true),
	('2025-08-21 16:33:34.339705+00', 81, 155, 'Mitch', true, '', true),
	('2025-08-19 12:20:18.664099+00', 49, 89, 'KDR to Laurier', true, '', false),
	('2025-08-04 18:17:23.149449+00', 86, 113, 'these bleacher are not going to the CNE until the 27th!!', false, 'Stu to West Niagara', true),
	('2025-08-21 16:33:34.339705+00', 77, 155, 'Jake', true, '', true),
	('2025-08-20 17:17:24.451086+00', 65, 94, 'Devin', true, 'Vanessa Hill Farms', true),
	('2025-08-07 16:19:12.445013+00', 67, 89, 'Justin', true, '', false),
	('2025-08-18 17:45:39.271088+00', 48, 152, 'Ottawa Heavy Haul', true, 'on site  @ Black Creek', true),
	('2025-08-26 11:10:39.415796+00', 68, 102, '', false, 'KDR home', true),
	('2025-08-14 16:35:27.202075+00', 89, 140, 'Devin Wednesday', true, 'Stu to Farm', true),
	('2025-08-21 16:33:34.339705+00', 66, 155, '', true, '', true),
	('2025-08-07 15:46:38.488805+00', 100, 133, '', true, '', true),
	('2025-08-07 15:46:38.488805+00', 101, 133, '', true, '', true),
	('2025-08-07 15:46:38.488805+00', 102, 133, '', true, '', true),
	('2025-08-07 15:46:38.488805+00', 103, 133, '', true, '', true),
	('2025-08-07 15:46:38.488805+00', 105, 133, '', true, '', true),
	('2025-08-07 15:46:38.488805+00', 104, 133, '', true, '', true),
	('2025-08-07 15:46:38.488805+00', 106, 133, '', true, '', true),
	('2025-08-07 15:46:38.488805+00', 107, 133, '', true, '', true),
	('2025-08-07 15:01:32.456177+00', 57, 121, 'set up day', true, 'Justin thursday', true),
	('2025-08-07 15:46:38.488805+00', 99, 133, '', true, '', true),
	('2025-08-20 17:17:24.451086+00', 78, 94, '', true, 'KDR', true),
	('2025-08-20 12:00:25.686532+00', 70, 113, '', false, 'Claire to Niagara Wednesday', true),
	('2025-08-07 15:44:35.306079+00', 74, 97, '', true, 'Stu to farm', true),
	('2025-08-07 14:48:28.153937+00', 65, 125, '', true, '', true),
	('2025-08-07 14:54:40.648514+00', 9, 128, '', true, 'KDR', true),
	('2025-08-07 15:46:38.488805+00', 97, 133, 'on site', true, '', true),
	('2025-08-07 15:04:04.688308+00', 44, 102, 'KDR', true, 'kdr home', true),
	('2025-08-07 14:55:54.922305+00', 48, 129, '', true, NULL, false),
	('2025-08-19 13:34:28.171843+00', 85, 154, '', true, '', true),
	('2025-08-07 14:55:54.922305+00', 8, 129, '', true, 'Timberfell home', true),
	('2025-09-15 11:47:42.843116+00', 115, 167, '', true, NULL, false),
	('2025-09-15 11:47:42.843116+00', 116, 167, '', true, NULL, false),
	('2025-09-15 11:47:42.843116+00', 117, 167, '', true, NULL, false),
	('2025-08-07 14:54:40.648514+00', 8, 128, '', true, 'Ottawa heavy haul', true),
	('2025-09-11 17:32:18.718618+00', 92, 164, 'Mitch', true, 'KDR', true),
	('2025-08-07 15:40:22.227805+00', 77, 132, 'Jake', true, 'Stu to farm', true),
	('2025-09-22 17:34:25.222786+00', 97, 170, 'Mitch', true, 'Mitch', true),
	('2025-09-07 14:50:21.107006+00', 92, 97, '', true, 'Justin to farm, clean needed', true),
	('2025-09-07 14:51:03.541537+00', 84, 97, '', true, 'Justin to farm', true),
	('2025-08-07 15:57:46.554974+00', 92, 139, 'Justin', true, 'Vanessa Hill', true),
	('2025-09-22 17:34:25.222786+00', 99, 170, '', true, '', true),
	('2025-08-07 14:54:40.648514+00', 53, 128, '', true, 'KDR', true),
	('2025-08-07 14:54:40.648514+00', 48, 128, '', true, 'KDR', true),
	('2025-08-07 14:55:54.922305+00', 53, 129, '', true, NULL, false),
	('2025-08-07 16:20:13.772034+00', 70, 122, 'Mitch', true, 'kdr home', true),
	('2025-09-22 17:34:25.222786+00', 100, 170, '', true, '', true),
	('2025-09-22 17:34:25.222786+00', 101, 170, '', true, '', true),
	('2025-09-22 17:34:25.222786+00', 102, 170, '', true, '', true),
	('2025-09-11 17:32:18.718618+00', 91, 164, 'Justin', true, 'Justin to farm', true),
	('2025-09-17 18:28:05.346481+00', 44, 160, '', true, '', true),
	('2025-08-26 11:13:10.707076+00', 69, 89, '', false, '', false),
	('2025-08-27 13:45:52.411605+00', 80, 125, '', true, '', false),
	('2025-09-25 12:20:30.268032+00', 44, 161, '', true, '', false),
	('2025-08-28 13:24:07.716746+00', 118, 153, '', true, '', true),
	('2025-08-28 13:24:07.716746+00', 119, 153, '', true, '', true),
	('2025-09-12 13:09:34.675337+00', 85, 122, 'Stu ', true, 'Mitch', true),
	('2025-08-28 13:24:07.716746+00', 120, 153, '', true, '', true),
	('2025-08-28 13:24:07.716746+00', 121, 153, '', true, '', true),
	('2025-09-03 11:32:03.966439+00', 122, 158, 'jake', true, '', true),
	('2025-09-03 11:32:03.966439+00', 123, 158, '', true, NULL, false),
	('2025-09-03 11:32:03.966439+00', 124, 158, '', true, NULL, false),
	('2025-09-03 11:32:03.966439+00', 125, 158, '', true, NULL, false),
	('2025-09-03 11:32:03.966439+00', 126, 158, '', true, NULL, false),
	('2025-08-26 14:40:54.37403+00', 114, 157, 'Justin', true, '', true),
	('2025-08-26 14:40:54.37403+00', 115, 157, 'Justin', true, '', true),
	('2025-09-03 11:32:03.966439+00', 127, 158, '', true, NULL, false),
	('2025-08-26 14:40:54.37403+00', 116, 157, 'Justin', true, '', true),
	('2025-08-26 14:40:54.37403+00', 117, 157, 'Justin', true, '', true),
	('2025-09-10 15:17:04.83918+00', 1, 120, '', true, '', true),
	('2025-08-26 11:22:10.253446+00', 85, 98, 'set up wed.', true, 'Justin to Kingston', true),
	('2025-09-26 12:44:25.807262+00', 93, 161, '', true, '', false),
	('2025-08-27 11:55:09.745938+00', 91, 98, '', true, '', true),
	('2025-08-27 11:55:24.558909+00', 92, 119, 'Justin thursday', true, '', true),
	('2025-08-26 11:21:12.132491+00', 84, 98, 'set up wed.', true, 'Jake to fergus', true),
	('2025-08-27 13:43:38.702902+00', 80, 95, 'Stu jake set up', true, 'Stu to Merritville', true),
	('2025-09-22 17:54:41.474642+00', 78, 172, NULL, false, NULL, false),
	('2025-08-26 14:34:24.44255+00', 50, 156, 'Justin', true, '', true),
	('2025-09-22 17:54:41.474642+00', 47, 172, NULL, false, NULL, false),
	('2025-09-22 17:54:41.474642+00', 48, 172, NULL, false, NULL, false),
	('2025-09-22 17:54:41.474642+00', 49, 172, NULL, false, NULL, false),
	('2025-09-22 17:54:41.474642+00', 53, 172, NULL, false, NULL, false),
	('2025-09-22 17:54:41.474642+00', 26, 172, NULL, false, NULL, false),
	('2025-09-22 17:54:41.474642+00', 44, 172, NULL, false, NULL, false),
	('2025-09-10 12:21:44.576975+00', 88, 103, '', false, '', false),
	('2025-09-09 12:16:25.532807+00', 73, 86, 'Mitch', true, 'Devin', true),
	('2025-09-03 11:40:24.271746+00', 85, 141, 'set up day', true, 'Vanessa Hill to farm', true),
	('2025-08-27 13:44:48.864472+00', 47, 138, '', false, 'KDR', true),
	('2025-09-22 17:54:41.474642+00', 45, 172, NULL, false, NULL, false),
	('2025-09-22 17:54:41.474642+00', 55, 172, NULL, false, NULL, false),
	('2025-09-09 12:16:25.532807+00', 9, 86, 'Mitch deliver', true, 'Devin', true),
	('2025-08-27 13:12:33.747249+00', 91, 141, 'Mitch to Kingston', true, '', true),
	('2025-09-09 12:16:25.532807+00', 81, 86, 'Justin', true, 'Jake', true),
	('2025-09-09 12:16:25.532807+00', 66, 86, 'Jake', true, '', true),
	('2025-08-26 11:13:32.865305+00', 68, 121, 'KDR', true, '', true),
	('2025-08-27 13:02:26.616416+00', 70, 95, 'set up thursaday', true, '', true),
	('2025-09-09 12:16:25.532807+00', 44, 86, 'KDR', true, '', true),
	('2025-08-26 11:15:11.344109+00', 68, 131, 'Martin ', true, 'martin to USA', true),
	('2025-09-03 12:48:14.563222+00', 92, 103, 'set up', true, '', true),
	('2025-09-22 18:46:34.542461+00', 80, 130, '', false, '', false),
	('2025-09-22 18:49:16.71572+00', 80, 89, '', false, '', false),
	('2025-09-23 11:27:38.406113+00', 74, 173, NULL, false, NULL, false),
	('2025-09-23 11:27:38.406113+00', 75, 173, NULL, false, NULL, false),
	('2025-09-16 01:08:56.408693+00', 84, 168, '10 am set needed', false, NULL, false),
	('2025-09-16 01:08:56.408693+00', 85, 168, '10 am set needed', false, NULL, false),
	('2025-09-16 01:08:56.408693+00', 86, 168, '10 am set needed', false, NULL, false),
	('2025-09-16 01:08:56.408693+00', 88, 168, '10 am set needed', false, NULL, false),
	('2025-09-17 12:18:24.842781+00', 84, 139, 'Jake', true, 'Mitch to farm', true),
	('2025-09-16 10:45:01.30751+00', 47, 154, '', true, '', true),
	('2025-09-02 12:59:22.245101+00', 45, 154, '', true, 'Mitch to farm', true),
	('2025-09-25 16:59:04.631186+00', 45, 159, '', true, '', false),
	('2025-10-06 12:31:17.299759+00', 26, 177, NULL, false, NULL, false),
	('2025-09-26 12:43:30.072512+00', 93, 160, '', true, '', true),
	('2025-08-07 14:55:54.922305+00', 9, 129, '', true, 'Timberfell home', true),
	('2025-09-22 17:34:25.222786+00', 103, 170, '', true, '', true),
	('2025-09-25 14:24:17.217247+00', 57, 104, 'Kdr Friday', true, 'Mitch to farm', true),
	('2025-09-24 16:35:14.904222+00', 89, 163, 'Justin', true, 'Justin', true),
	('2025-09-25 12:28:38.989836+00', 86, 175, 'Justin', true, 'KDR', true),
	('2025-10-07 13:51:52.420354+00', 97, 179, NULL, false, NULL, false),
	('2025-10-07 13:51:52.420354+00', 99, 179, NULL, false, NULL, false),
	('2025-10-07 13:51:52.420354+00', 100, 179, NULL, false, NULL, false),
	('2025-10-07 13:51:52.420354+00', 101, 179, NULL, false, NULL, false),
	('2025-10-07 13:51:52.420354+00', 102, 179, NULL, false, NULL, false),
	('2025-10-07 13:51:52.420354+00', 103, 179, NULL, false, NULL, false),
	('2025-10-07 13:51:52.420354+00', 104, 179, NULL, false, NULL, false),
	('2025-10-07 13:51:52.420354+00', 105, 179, NULL, false, NULL, false),
	('2025-10-08 15:40:26.833948+00', 45, 149, '', false, '', false),
	('2025-09-25 19:23:59.334171+00', 97, 176, 'devin', true, NULL, false),
	('2025-09-23 11:27:38.406113+00', 73, 173, '1 pm set', false, NULL, false),
	('2025-09-25 19:23:59.334171+00', 99, 176, '', true, NULL, false),
	('2025-09-25 19:23:59.334171+00', 100, 176, '', true, NULL, false),
	('2025-09-25 19:23:59.334171+00', 101, 176, '', true, NULL, false),
	('2025-10-08 15:40:04.119165+00', 44, 173, '', false, '', false),
	('2025-10-14 13:48:59.646129+00', 57, 172, '', false, '', false),
	('2025-10-14 14:16:14.5851+00', 55, 180, NULL, false, NULL, false),
	('2025-10-14 14:16:14.5851+00', 57, 180, NULL, false, NULL, false),
	('2025-10-15 15:25:44.567136+00', 93, 173, '', false, '', false),
	('2025-10-16 13:23:48.388819+00', 65, 182, NULL, false, NULL, false),
	('2025-10-16 13:23:48.388819+00', 66, 182, NULL, false, NULL, false),
	('2025-10-16 13:23:48.388819+00', 46, 182, NULL, false, NULL, false),
	('2025-10-16 13:23:48.388819+00', 78, 182, NULL, false, NULL, false),
	('2025-10-16 13:23:48.388819+00', 91, 182, NULL, false, NULL, false),
	('2025-10-20 19:18:54.766719+00', 50, 172, '', false, '', false),
	('2025-10-22 14:10:05.793672+00', 76, 182, '', false, '', false),
	('2025-10-27 15:21:18.870688+00', 84, 189, NULL, false, NULL, false),
	('2025-10-28 18:44:43.129424+00', 93, 190, NULL, false, NULL, false),
	('2025-10-29 13:51:47.760033+00', 93, 191, NULL, false, NULL, false),
	('2025-10-29 13:51:47.760033+00', 44, 191, NULL, false, NULL, false),
	('2025-10-29 14:09:25.589847+00', 26, 192, NULL, false, NULL, false),
	('2025-10-29 14:09:25.589847+00', 44, 192, NULL, false, NULL, false),
	('2025-10-29 14:09:25.589847+00', 45, 192, NULL, false, NULL, false),
	('2025-10-29 14:09:25.589847+00', 55, 192, NULL, false, NULL, false),
	('2025-10-29 14:09:25.589847+00', 57, 192, NULL, false, NULL, false),
	('2025-10-29 14:09:25.589847+00', 84, 192, NULL, false, NULL, false),
	('2025-10-31 12:30:14.553448+00', 86, 194, NULL, false, NULL, false),
	('2025-10-31 12:49:31.365029+00', 55, 129, '', false, '', false),
	('2025-10-31 19:40:54.529855+00', 84, 195, NULL, false, NULL, false),
	('2025-10-31 19:55:32.126601+00', 92, 196, NULL, false, NULL, false),
	('2025-11-03 17:27:52.057711+00', 86, 197, NULL, false, NULL, false),
	('2025-11-03 17:28:34.844129+00', 84, 194, '', false, '', false),
	('2025-11-04 13:32:05.587322+00', 91, 196, '', false, '', false),
	('2025-11-04 16:19:41.427124+00', 89, 197, '', false, '', false),
	('2025-11-04 16:19:50.278136+00', 85, 172, '', false, '', false),
	('2025-11-04 16:19:59.77247+00', 89, 194, '', false, '', false),
	('2025-11-07 16:57:35.561939+00', 44, 181, '', false, '', false),
	('2025-11-07 19:51:48.353692+00', 65, 199, NULL, false, NULL, false),
	('2025-11-12 14:08:51.252159+00', 69, 171, '', false, '', false),
	('2025-11-12 14:08:51.252159+00', 70, 171, '', false, '', false),
	('2025-11-12 15:40:55.980958+00', 79, 200, NULL, false, NULL, false),
	('2025-11-12 15:40:55.980958+00', 80, 200, NULL, false, NULL, false),
	('2025-11-14 16:58:02.681107+00', 13, 202, NULL, false, NULL, false),
	('2025-11-14 17:01:35.163305+00', 36, 203, NULL, false, NULL, false),
	('2025-11-14 17:01:35.163305+00', 68, 203, NULL, false, NULL, false),
	('2025-11-14 17:44:11.439956+00', 51, 204, NULL, false, NULL, false),
	('2025-11-14 17:44:11.439956+00', 58, 204, NULL, false, NULL, false),
	('2025-11-14 17:44:11.439956+00', 71, 204, NULL, false, NULL, false),
	('2025-11-14 17:47:19.563696+00', 20, 205, NULL, false, NULL, false),
	('2025-11-14 17:47:19.563696+00', 25, 205, NULL, false, NULL, false),
	('2025-11-14 17:47:19.563696+00', 31, 205, NULL, false, NULL, false),
	('2025-11-14 17:47:19.563696+00', 38, 205, NULL, false, NULL, false),
	('2025-11-14 17:47:19.563696+00', 39, 205, NULL, false, NULL, false),
	('2025-11-14 17:50:10.307935+00', 51, 206, NULL, false, NULL, false),
	('2025-11-14 17:50:10.307935+00', 58, 206, NULL, false, NULL, false),
	('2025-11-14 17:50:10.307935+00', 71, 206, NULL, false, NULL, false),
	('2025-11-14 17:58:29.036538+00', 20, 207, NULL, false, NULL, false),
	('2025-11-14 17:58:29.036538+00', 51, 207, NULL, false, NULL, false),
	('2025-11-14 17:58:29.036538+00', 58, 207, NULL, false, NULL, false),
	('2025-11-14 17:58:29.036538+00', 62, 207, NULL, false, NULL, false),
	('2025-11-14 17:58:29.036538+00', 71, 207, NULL, false, NULL, false),
	('2025-11-14 18:00:28.566285+00', 13, 208, NULL, false, NULL, false),
	('2025-11-14 18:00:28.566285+00', 14, 208, NULL, false, NULL, false),
	('2025-11-14 18:03:27.693011+00', 28, 209, NULL, false, NULL, false),
	('2025-11-14 18:05:52.50834+00', 37, 210, NULL, false, NULL, false),
	('2025-11-14 18:05:52.50834+00', 39, 210, NULL, false, NULL, false),
	('2025-11-14 18:05:52.50834+00', 25, 210, NULL, false, NULL, false),
	('2025-11-14 18:08:47.590022+00', 20, 211, NULL, false, NULL, false),
	('2025-11-14 18:08:47.590022+00', 31, 211, NULL, false, NULL, false),
	('2025-11-14 18:08:47.590022+00', 45, 211, NULL, false, NULL, false),
	('2025-11-14 18:08:47.590022+00', 51, 211, NULL, false, NULL, false),
	('2025-11-14 18:08:47.590022+00', 67, 211, NULL, false, NULL, false),
	('2025-11-14 18:08:47.590022+00', 68, 211, NULL, false, NULL, false),
	('2025-11-14 18:08:47.590022+00', 71, 211, NULL, false, NULL, false),
	('2025-11-14 18:12:42.070213+00', 31, 212, NULL, false, NULL, false),
	('2025-11-14 18:12:42.070213+00', 39, 212, NULL, false, NULL, false),
	('2025-11-14 18:14:51.265949+00', 51, 213, NULL, false, NULL, false),
	('2025-11-14 18:14:51.265949+00', 94, 213, NULL, false, NULL, false),
	('2025-11-14 18:20:45.598203+00', 20, 214, NULL, false, NULL, false),
	('2025-11-14 18:20:45.598203+00', 25, 214, NULL, false, NULL, false),
	('2025-11-14 18:20:45.598203+00', 31, 214, NULL, false, NULL, false),
	('2025-11-14 18:20:45.598203+00', 37, 214, NULL, false, NULL, false),
	('2025-11-14 18:20:45.598203+00', 39, 214, NULL, false, NULL, false),
	('2025-11-14 18:20:45.598203+00', 51, 214, NULL, false, NULL, false),
	('2025-11-14 18:20:45.598203+00', 54, 214, NULL, false, NULL, false),
	('2025-11-14 18:24:12.910202+00', 36, 215, NULL, false, NULL, false),
	('2025-11-14 18:24:12.910202+00', 38, 215, NULL, false, NULL, false),
	('2025-11-14 18:24:12.910202+00', 41, 215, NULL, false, NULL, false),
	('2025-11-14 18:24:12.910202+00', 58, 215, NULL, false, NULL, false),
	('2025-11-14 18:24:12.910202+00', 67, 215, NULL, false, NULL, false),
	('2025-11-14 18:24:12.910202+00', 68, 215, NULL, false, NULL, false),
	('2025-11-14 18:27:21.402673+00', 71, 216, NULL, false, NULL, false),
	('2025-11-14 18:27:21.402673+00', 28, 216, NULL, false, NULL, false),
	('2025-11-14 18:31:25.095145+00', 41, 217, NULL, false, NULL, false),
	('2025-11-14 18:35:21.902129+00', 58, 218, NULL, false, NULL, false),
	('2025-11-14 18:35:21.902129+00', 67, 218, NULL, false, NULL, false),
	('2025-11-14 18:35:21.902129+00', 68, 218, NULL, false, NULL, false),
	('2025-11-17 15:53:53.087447+00', 26, 219, NULL, false, NULL, false),
	('2025-11-17 15:53:53.087447+00', 44, 219, NULL, false, NULL, false),
	('2025-11-17 15:54:25.194753+00', 59, 219, '', false, '', false),
	('2025-11-17 16:17:06.514561+00', 26, 220, NULL, false, NULL, false),
	('2025-11-17 16:17:06.514561+00', 44, 220, NULL, false, NULL, false),
	('2025-11-17 16:17:06.514561+00', 59, 220, NULL, false, NULL, false),
	('2025-11-17 16:17:06.514561+00', 93, 220, NULL, false, NULL, false),
	('2025-11-17 20:18:05.848323+00', 51, 216, '', false, '', false),
	('2025-11-19 14:53:51.92381+00', 26, 221, NULL, false, NULL, false),
	('2025-11-19 14:53:51.92381+00', 44, 221, NULL, false, NULL, false),
	('2025-11-19 14:53:51.92381+00', 45, 221, NULL, false, NULL, false),
	('2025-11-19 14:53:51.92381+00', 55, 221, NULL, false, NULL, false),
	('2025-11-19 14:53:51.92381+00', 57, 221, NULL, false, NULL, false),
	('2025-11-19 14:53:51.92381+00', 59, 221, NULL, false, NULL, false),
	('2025-11-19 18:52:22.66318+00', 44, 222, NULL, false, NULL, false),
	('2025-11-19 18:54:24.988933+00', 93, 177, '', false, '', false),
	('2025-11-19 18:56:13.860981+00', 44, 223, NULL, false, NULL, false),
	('2025-11-19 18:56:13.860981+00', 50, 223, NULL, false, NULL, false),
	('2025-11-19 18:56:13.860981+00', 48, 223, NULL, false, NULL, false),
	('2025-11-20 19:36:22.684305+00', 37, 226, NULL, false, NULL, false),
	('2025-11-21 15:02:59.250248+00', 4, 231, NULL, false, NULL, false),
	('2025-11-24 16:39:29.309605+00', 10, 220, '', false, '', false),
	('2025-11-24 20:26:08.636172+00', 86, 161, '', false, '', false),
	('2025-11-24 20:32:58.744601+00', 84, 161, '', false, '', false),
	('2025-11-25 13:23:21.074917+00', 56, 232, NULL, false, NULL, false),
	('2025-11-25 13:23:21.074917+00', 59, 232, NULL, false, NULL, false),
	('2025-11-25 13:23:21.074917+00', 70, 232, NULL, false, NULL, false),
	('2025-11-25 13:23:21.074917+00', 68, 232, NULL, false, NULL, false),
	('2025-11-25 13:23:21.074917+00', 85, 232, NULL, false, NULL, false),
	('2025-11-25 13:23:21.074917+00', 86, 232, NULL, false, NULL, false),
	('2025-11-25 13:23:21.074917+00', 88, 232, NULL, false, NULL, false),
	('2025-11-25 13:23:21.074917+00', 89, 232, NULL, false, NULL, false),
	('2025-11-25 13:23:21.074917+00', 91, 232, NULL, false, NULL, false),
	('2025-11-25 13:23:21.074917+00', 46, 232, NULL, false, NULL, false),
	('2025-11-25 13:23:21.074917+00', 65, 232, NULL, false, NULL, false),
	('2025-11-25 13:23:21.074917+00', 73, 232, NULL, false, NULL, false),
	('2025-11-25 13:23:21.074917+00', 74, 232, NULL, false, NULL, false),
	('2025-11-25 13:23:21.074917+00', 75, 232, NULL, false, NULL, false),
	('2025-11-25 13:23:21.074917+00', 76, 232, NULL, false, NULL, false),
	('2025-11-25 13:28:13.872555+00', 85, 233, NULL, false, NULL, false),
	('2025-11-25 13:28:13.872555+00', 86, 233, NULL, false, NULL, false),
	('2025-11-25 13:28:13.872555+00', 88, 233, NULL, false, NULL, false),
	('2025-11-25 13:28:13.872555+00', 70, 233, NULL, false, NULL, false),
	('2025-11-25 13:28:13.872555+00', 68, 233, NULL, false, NULL, false),
	('2025-11-25 13:28:13.872555+00', 67, 233, NULL, false, NULL, false),
	('2025-11-25 13:28:13.872555+00', 56, 233, NULL, false, NULL, false),
	('2025-11-25 13:28:13.872555+00', 54, 233, NULL, false, NULL, false),
	('2025-11-25 13:28:13.872555+00', 57, 233, NULL, false, NULL, false),
	('2025-11-25 13:28:13.872555+00', 55, 233, NULL, false, NULL, false),
	('2025-11-25 13:28:13.872555+00', 26, 233, NULL, false, NULL, false),
	('2025-11-25 13:33:04.843841+00', 26, 234, NULL, false, NULL, false),
	('2025-11-25 13:33:04.843841+00', 44, 234, NULL, false, NULL, false),
	('2025-11-25 13:33:04.843841+00', 45, 234, NULL, false, NULL, false),
	('2025-11-25 13:33:04.843841+00', 55, 234, NULL, false, NULL, false),
	('2025-11-25 13:33:04.843841+00', 57, 234, NULL, false, NULL, false),
	('2025-11-25 13:33:04.843841+00', 59, 234, NULL, false, NULL, false),
	('2025-11-25 13:33:04.843841+00', 85, 234, NULL, false, NULL, false),
	('2025-11-25 13:33:04.843841+00', 86, 234, NULL, false, NULL, false),
	('2025-11-25 13:33:04.843841+00', 88, 234, NULL, false, NULL, false),
	('2025-11-25 13:33:04.843841+00', 84, 234, NULL, false, NULL, false),
	('2025-11-25 13:33:04.843841+00', 89, 234, NULL, false, NULL, false),
	('2025-11-25 13:33:04.843841+00', 91, 234, NULL, false, NULL, false),
	('2025-11-25 14:14:29.825352+00', 60, 235, NULL, false, NULL, false),
	('2025-11-25 15:54:51.754344+00', 61, 236, NULL, false, NULL, false),
	('2025-11-27 17:24:11.296309+00', 80, 237, NULL, false, NULL, false),
	('2025-12-05 20:57:39.242402+00', 94, 238, NULL, false, NULL, false),
	('2025-12-08 18:37:48.680986+00', 44, 239, NULL, false, NULL, false),
	('2025-12-08 18:38:12.204385+00', 56, 239, '', false, '', false),
	('2025-12-08 18:38:12.204385+00', 57, 239, '', false, '', false),
	('2025-12-08 18:38:12.204385+00', 55, 239, '', false, '', false),
	('2025-12-09 14:41:30.662356+00', 21, 240, NULL, false, NULL, false),
	('2025-12-10 13:55:05.372759+00', 46, 241, NULL, false, NULL, false),
	('2025-12-10 13:55:05.372759+00', 77, 241, NULL, false, NULL, false),
	('2025-12-10 13:55:05.372759+00', 81, 241, NULL, false, NULL, false),
	('2025-12-10 13:55:05.372759+00', 88, 241, NULL, false, NULL, false),
	('2025-12-10 13:55:05.372759+00', 26, 241, NULL, false, NULL, false),
	('2025-12-10 13:55:05.372759+00', 44, 241, NULL, false, NULL, false),
	('2025-12-10 13:55:05.372759+00', 55, 241, NULL, false, NULL, false),
	('2025-12-10 13:55:05.372759+00', 56, 241, NULL, false, NULL, false),
	('2025-12-10 13:55:05.372759+00', 57, 241, NULL, false, NULL, false),
	('2025-12-10 13:55:05.372759+00', 59, 241, NULL, false, NULL, false),
	('2025-12-10 13:55:05.372759+00', 93, 241, NULL, false, NULL, false),
	('2025-12-10 14:07:33.474751+00', 26, 242, NULL, false, NULL, false),
	('2025-12-10 14:07:33.474751+00', 44, 242, NULL, false, NULL, false),
	('2025-12-12 16:11:36.647044+00', 10, 243, NULL, false, NULL, false),
	('2025-12-12 16:11:36.647044+00', 67, 243, NULL, false, NULL, false),
	('2025-12-12 16:11:36.647044+00', 68, 243, NULL, false, NULL, false),
	('2025-12-15 13:24:44.587778+00', 89, 189, '', false, '', false),
	('2025-12-15 15:44:40.355213+00', 19, 244, NULL, false, NULL, false),
	('2025-12-15 15:44:40.355213+00', 29, 244, NULL, false, NULL, false),
	('2025-12-15 15:44:40.355213+00', 94, 244, NULL, false, NULL, false),
	('2025-12-15 17:51:34.07849+00', 19, 245, NULL, false, NULL, false),
	('2025-12-15 17:51:34.07849+00', 94, 245, NULL, false, NULL, false),
	('2025-12-17 01:47:29.578177+00', 93, 246, NULL, false, NULL, false),
	('2025-12-17 01:47:29.578177+00', 56, 246, NULL, false, NULL, false),
	('2025-12-17 01:47:29.578177+00', 55, 246, NULL, false, NULL, false),
	('2025-12-17 01:47:29.578177+00', 59, 246, NULL, false, NULL, false),
	('2025-12-17 01:47:29.578177+00', 26, 246, NULL, false, NULL, false),
	('2025-12-17 01:47:29.578177+00', 10, 246, NULL, false, NULL, false),
	('2025-12-18 18:09:05.901253+00', 51, 218, '', false, '', false),
	('2025-12-18 18:09:35.945354+00', 56, 220, '', false, '', false),
	('2025-12-18 18:12:23.661047+00', 31, 217, '', false, '', false),
	('2025-12-18 18:14:04.855662+00', 28, 247, NULL, false, NULL, false),
	('2025-12-18 18:14:04.855662+00', 36, 247, NULL, false, NULL, false),
	('2025-12-18 18:14:04.855662+00', 51, 247, NULL, false, NULL, false),
	('2025-12-18 18:19:32.160095+00', 13, 248, NULL, false, NULL, false),
	('2025-12-18 18:19:32.160095+00', 14, 248, NULL, false, NULL, false),
	('2025-12-18 18:31:19.201406+00', 20, 249, NULL, false, NULL, false),
	('2025-12-18 18:31:19.201406+00', 25, 249, NULL, false, NULL, false),
	('2025-12-18 18:31:19.201406+00', 28, 249, NULL, false, NULL, false),
	('2025-12-18 18:31:19.201406+00', 38, 249, NULL, false, NULL, false),
	('2025-12-18 18:31:19.201406+00', 51, 249, NULL, false, NULL, false),
	('2025-12-18 18:31:19.201406+00', 58, 249, NULL, false, NULL, false),
	('2025-12-18 18:31:19.201406+00', 60, 249, NULL, false, NULL, false),
	('2025-12-18 18:31:19.201406+00', 62, 249, NULL, false, NULL, false),
	('2025-12-18 18:31:19.201406+00', 67, 249, NULL, false, NULL, false),
	('2025-12-18 18:31:19.201406+00', 71, 249, NULL, false, NULL, false),
	('2025-12-18 18:49:33.558057+00', 68, 251, NULL, false, NULL, false),
	('2025-12-18 19:07:00.393901+00', 51, 252, NULL, false, NULL, false),
	('2025-12-18 19:07:00.393901+00', 58, 252, NULL, false, NULL, false),
	('2025-12-18 19:07:00.393901+00', 62, 252, NULL, false, NULL, false),
	('2025-12-18 19:07:00.393901+00', 71, 252, NULL, false, NULL, false),
	('2025-12-18 19:47:30.791608+00', 62, 253, NULL, false, NULL, false),
	('2025-12-18 19:47:30.791608+00', 51, 253, NULL, false, NULL, false),
	('2025-12-18 19:47:30.791608+00', 36, 253, NULL, false, NULL, false),
	('2025-12-18 19:47:30.791608+00', 28, 253, NULL, false, NULL, false),
	('2025-12-18 19:51:23.905262+00', 13, 254, NULL, false, NULL, false),
	('2025-12-18 19:51:23.905262+00', 14, 254, NULL, false, NULL, false),
	('2025-12-18 19:51:23.905262+00', 37, 254, NULL, false, NULL, false),
	('2025-12-18 19:51:23.905262+00', 41, 254, NULL, false, NULL, false),
	('2025-12-18 19:56:03.182942+00', 28, 255, NULL, false, NULL, false),
	('2025-12-18 19:56:03.182942+00', 36, 255, NULL, false, NULL, false),
	('2025-12-18 19:56:03.182942+00', 51, 255, NULL, false, NULL, false),
	('2025-12-18 19:56:03.182942+00', 58, 255, NULL, false, NULL, false),
	('2025-12-18 20:00:04.568907+00', 62, 256, NULL, false, NULL, false),
	('2025-12-18 20:00:04.568907+00', 71, 256, NULL, false, NULL, false),
	('2025-12-19 14:11:28.593488+00', 10, 257, NULL, false, NULL, false),
	('2025-12-19 14:11:28.593488+00', 26, 257, NULL, false, NULL, false),
	('2025-12-19 14:11:28.593488+00', 44, 257, NULL, false, NULL, false),
	('2025-12-19 14:11:28.593488+00', 55, 257, NULL, false, NULL, false),
	('2025-12-19 14:11:28.593488+00', 56, 257, NULL, false, NULL, false),
	('2025-12-19 14:11:28.593488+00', 57, 257, NULL, false, NULL, false),
	('2025-12-19 14:11:28.593488+00', 59, 257, NULL, false, NULL, false),
	('2025-12-19 14:11:28.593488+00', 93, 257, NULL, false, NULL, false),
	('2025-12-19 14:16:25.345362+00', 84, 258, NULL, false, NULL, false),
	('2025-12-19 14:16:25.345362+00', 85, 258, NULL, false, NULL, false),
	('2025-12-19 14:16:25.345362+00', 86, 258, NULL, false, NULL, false),
	('2025-12-19 14:16:25.345362+00', 88, 258, NULL, false, NULL, false),
	('2025-12-19 15:55:07.092335+00', 18, 259, NULL, false, NULL, false),
	('2025-12-19 15:55:07.092335+00', 19, 259, NULL, false, NULL, false),
	('2025-12-19 15:55:07.092335+00', 21, 259, NULL, false, NULL, false),
	('2025-12-19 15:55:07.092335+00', 29, 259, NULL, false, NULL, false),
	('2025-12-19 16:14:53.53194+00', 19, 260, NULL, false, NULL, false),
	('2025-12-19 16:14:53.53194+00', 29, 260, NULL, false, NULL, false),
	('2025-12-19 16:14:53.53194+00', 94, 260, NULL, false, NULL, false),
	('2025-12-19 16:43:03.763239+00', 60, 261, NULL, false, NULL, false),
	('2025-12-19 16:43:03.763239+00', 72, 261, NULL, false, NULL, false),
	('2025-12-19 16:43:03.763239+00', 94, 261, NULL, false, NULL, false),
	('2025-12-19 18:54:35.728307+00', 57, 224, '', false, '', false),
	('2025-12-19 18:54:35.728307+00', 55, 224, '', false, '', false),
	('2025-12-19 18:54:49.867928+00', 56, 219, '', false, '', false),
	('2025-12-19 20:44:47.011659+00', 38, 262, NULL, false, NULL, false),
	('2025-12-19 20:44:47.011659+00', 41, 262, NULL, false, NULL, false),
	('2025-12-19 20:47:22.115492+00', 67, 263, NULL, false, NULL, false),
	('2025-12-19 20:47:22.115492+00', 68, 263, NULL, false, NULL, false),
	('2025-12-19 20:49:39.203799+00', 58, 264, NULL, false, NULL, false),
	('2025-12-19 20:49:39.203799+00', 67, 264, NULL, false, NULL, false),
	('2025-12-22 01:59:26.302582+00', 94, 265, NULL, false, NULL, false),
	('2025-12-22 18:08:25.554319+00', 69, 220, '', false, '', false),
	('2025-12-22 18:08:25.554319+00', 70, 220, '', false, '', false),
	('2025-12-22 18:08:35.984178+00', 55, 251, '', false, '', false),
	('2025-12-22 18:08:48.008833+00', 57, 217, '', false, '', false),
	('2025-12-22 20:33:38.749953+00', 19, 265, '', false, '', false),
	('2025-12-22 20:33:38.749953+00', 29, 265, '', false, '', false),
	('2025-12-22 21:04:53.513662+00', 13, 211, '', false, '', false),
	('2025-12-22 21:04:53.513662+00', 55, 211, '', false, '', false),
	('2025-12-22 21:04:53.513662+00', 57, 211, '', false, '', false),
	('2025-12-22 21:04:53.513662+00', 58, 211, '', false, '', false),
	('2025-12-22 21:06:36.975893+00', 62, 209, '', false, '', false),
	('2025-12-22 21:06:36.975893+00', 36, 209, '', false, '', false),
	('2025-12-22 21:09:46.777144+00', 14, 210, '', false, '', false),
	('2025-12-22 21:35:12.903198+00', 13, 214, '', false, '', false),
	('2025-12-22 21:35:12.903198+00', 14, 214, '', false, '', false),
	('2025-12-22 21:35:12.903198+00', 162, 214, '', false, '', false),
	('2025-12-22 21:35:48.970352+00', 57, 214, '', false, '', false),
	('2025-12-22 21:36:42.929395+00', 138, 214, '', false, '', false),
	('2025-12-22 21:36:42.929395+00', 139, 214, '', false, '', false),
	('2025-12-22 21:36:42.929395+00', 140, 214, '', false, '', false),
	('2025-12-22 21:36:42.929395+00', 141, 214, '', false, '', false),
	('2025-12-22 21:36:42.929395+00', 142, 214, '', false, '', false),
	('2025-12-22 21:36:42.929395+00', 143, 214, '', false, '', false),
	('2025-12-22 21:39:40.676083+00', 45, 215, '', false, '', false),
	('2025-12-22 21:39:40.676083+00', 55, 215, '', false, '', false),
	('2025-12-22 21:42:29.97114+00', 55, 263, '', false, '', false),
	('2025-12-22 21:44:51.089866+00', 36, 218, '', false, '', false),
	('2025-12-22 21:44:51.089866+00', 55, 218, '', false, '', false),
	('2025-12-22 21:46:47.98461+00', 58, 247, '', false, '', false),
	('2025-12-22 21:46:47.98461+00', 166, 247, '', false, '', false),
	('2025-12-22 21:48:15.540727+00', 13, 250, '', false, '', false),
	('2025-12-22 21:48:15.540727+00', 14, 250, '', false, '', false),
	('2025-12-22 21:50:04.702773+00', 36, 249, '', false, '', false),
	('2025-12-22 21:50:04.702773+00', 168, 249, '', false, '', false),
	('2025-12-22 21:53:22.610138+00', 166, 266, NULL, false, NULL, false),
	('2025-12-22 21:53:22.610138+00', 167, 266, NULL, false, NULL, false),
	('2025-12-23 14:43:19.100464+00', 84, 267, NULL, false, NULL, false),
	('2025-12-23 14:43:19.100464+00', 85, 267, NULL, false, NULL, false),
	('2025-12-29 16:29:31.639061+00', 94, 211, '', false, '', false),
	('2025-12-29 16:35:12.765372+00', 161, 214, '', false, '', false),
	('2025-12-30 13:36:05.446663+00', 69, 268, NULL, false, NULL, false),
	('2025-12-30 13:36:44.034875+00', 59, 268, '', false, '', false),
	('2025-12-30 13:36:44.034875+00', 93, 268, '', false, '', false),
	('2025-12-30 15:16:35.291521+00', 10, 177, '', false, '', false),
	('2025-12-30 15:16:43.78376+00', 59, 223, '', false, '', false),
	('2025-12-30 15:16:50.265729+00', 59, 222, '', false, '', false),
	('2025-12-30 15:17:44.936023+00', 69, 223, '', false, '', false),
	('2025-12-30 15:18:21.018129+00', 69, 222, '', false, '', false),
	('2025-12-30 20:30:22.160205+00', 28, 269, NULL, false, NULL, false),
	('2025-12-30 20:30:22.160205+00', 36, 269, NULL, false, NULL, false),
	('2025-12-30 20:30:22.160205+00', 51, 269, NULL, false, NULL, false),
	('2025-12-30 20:30:22.160205+00', 62, 269, NULL, false, NULL, false),
	('2026-01-02 15:42:17.98903+00', 44, 268, '', false, '', false),
	('2026-01-05 19:47:26.147337+00', 13, 271, NULL, false, NULL, false),
	('2026-01-05 19:47:26.147337+00', 14, 271, NULL, false, NULL, false),
	('2026-01-05 19:47:26.147337+00', 20, 271, NULL, false, NULL, false),
	('2026-01-05 19:47:26.147337+00', 31, 271, NULL, false, NULL, false),
	('2026-01-05 19:47:26.147337+00', 37, 271, NULL, false, NULL, false),
	('2026-01-05 19:47:26.147337+00', 38, 271, NULL, false, NULL, false),
	('2026-01-05 19:47:26.147337+00', 39, 271, NULL, false, NULL, false),
	('2026-01-05 19:47:26.147337+00', 41, 271, NULL, false, NULL, false),
	('2026-01-05 19:47:26.147337+00', 166, 271, NULL, false, NULL, false),
	('2026-01-05 19:47:26.147337+00', 167, 271, NULL, false, NULL, false),
	('2026-01-05 19:47:26.147337+00', 71, 271, NULL, false, NULL, false),
	('2026-01-05 19:47:26.147337+00', 62, 271, NULL, false, NULL, false),
	('2026-01-05 19:47:26.147337+00', 58, 271, NULL, false, NULL, false),
	('2026-01-05 19:47:26.147337+00', 51, 271, NULL, false, NULL, false),
	('2026-01-05 19:47:26.147337+00', 36, 271, NULL, false, NULL, false),
	('2026-01-05 19:47:26.147337+00', 28, 271, NULL, false, NULL, false),
	('2026-01-06 14:22:43.313035+00', 19, 272, NULL, false, NULL, false),
	('2026-01-07 14:53:04.601612+00', 79, 273, NULL, false, NULL, false),
	('2026-01-07 14:53:04.601612+00', 80, 273, NULL, false, NULL, false),
	('2026-01-07 14:53:04.601612+00', 89, 273, NULL, false, NULL, false),
	('2026-01-07 14:53:04.601612+00', 91, 273, NULL, false, NULL, false),
	('2026-01-07 14:53:04.601612+00', 92, 273, NULL, false, NULL, false),
	('2026-01-07 20:52:56.236051+00', 84, 274, NULL, false, NULL, false),
	('2026-01-07 20:53:04.075719+00', 85, 274, '', false, '', false),
	('2026-01-07 20:53:04.075719+00', 86, 274, '', false, '', false),
	('2026-01-08 16:51:52.069998+00', 49, 268, '', false, '', false),
	('2026-01-08 16:51:52.069998+00', 50, 268, '', false, '', false);


--
-- Data for Name: BleacherUsers; Type: TABLE DATA; Schema: public; Owner: postgres
--

INSERT INTO "public"."BleacherUsers" ("bleacher_user_id", "created_at", "user_id", "bleacher_id", "season") VALUES
	(15, '2025-10-27 13:28:34.024325+00', 8, 1, 'SUMMER'),
	(16, '2025-10-27 13:28:34.024325+00', 8, 2, 'SUMMER'),
	(17, '2025-10-27 13:28:34.024325+00', 8, 3, 'SUMMER'),
	(18, '2025-10-27 13:28:34.024325+00', 8, 10, 'SUMMER'),
	(19, '2025-10-27 13:28:34.024325+00', 8, 9, 'SUMMER'),
	(20, '2025-10-27 13:28:34.024325+00', 8, 152, 'SUMMER'),
	(21, '2025-10-27 13:28:34.024325+00', 8, 3, 'WINTER'),
	(22, '2025-10-27 13:28:34.024325+00', 8, 4, 'WINTER'),
	(23, '2025-10-27 13:28:34.024325+00', 8, 5, 'WINTER'),
	(24, '2025-10-30 13:49:55.770272+00', 14, 1, 'SUMMER'),
	(25, '2025-10-30 13:49:55.770272+00', 14, 2, 'SUMMER'),
	(26, '2025-10-30 13:49:55.770272+00', 14, 3, 'SUMMER'),
	(27, '2025-10-30 13:49:55.770272+00', 14, 4, 'SUMMER'),
	(28, '2025-10-30 13:49:55.770272+00', 14, 5, 'SUMMER'),
	(29, '2025-10-30 13:49:55.770272+00', 14, 8, 'SUMMER'),
	(30, '2025-10-30 13:49:55.770272+00', 14, 9, 'SUMMER'),
	(31, '2025-10-30 13:49:55.770272+00', 14, 12, 'SUMMER'),
	(32, '2025-10-30 13:49:55.770272+00', 14, 13, 'SUMMER'),
	(33, '2025-10-30 13:49:55.770272+00', 14, 14, 'SUMMER'),
	(481, '2025-11-17 20:50:21.838929+00', 12, 1, 'SUMMER'),
	(482, '2025-11-17 20:50:21.838929+00', 12, 2, 'SUMMER'),
	(483, '2025-11-17 20:50:21.838929+00', 12, 3, 'SUMMER'),
	(484, '2025-11-17 20:50:21.838929+00', 12, 8, 'SUMMER'),
	(485, '2025-11-17 20:50:21.838929+00', 12, 9, 'SUMMER'),
	(486, '2025-11-17 20:50:21.838929+00', 12, 10, 'SUMMER'),
	(487, '2025-11-17 20:50:21.838929+00', 12, 11, 'SUMMER'),
	(488, '2025-11-17 20:50:21.838929+00', 12, 5, 'SUMMER'),
	(489, '2025-11-17 20:50:21.838929+00', 12, 26, 'SUMMER'),
	(490, '2025-11-17 20:50:21.838929+00', 12, 44, 'SUMMER'),
	(491, '2025-11-17 20:50:21.838929+00', 12, 46, 'SUMMER'),
	(492, '2025-11-17 20:50:21.838929+00', 12, 47, 'SUMMER'),
	(493, '2025-11-17 20:50:21.838929+00', 12, 48, 'SUMMER'),
	(494, '2025-11-17 20:50:21.838929+00', 12, 49, 'SUMMER'),
	(495, '2025-11-17 20:50:21.838929+00', 12, 50, 'SUMMER'),
	(496, '2025-11-17 20:50:21.838929+00', 12, 53, 'SUMMER'),
	(497, '2025-11-17 20:50:21.838929+00', 12, 55, 'SUMMER'),
	(498, '2025-11-17 20:50:21.838929+00', 12, 56, 'SUMMER'),
	(499, '2025-11-17 20:50:21.838929+00', 12, 57, 'SUMMER'),
	(500, '2025-11-17 20:50:21.838929+00', 12, 59, 'SUMMER'),
	(501, '2025-11-17 20:50:21.838929+00', 12, 65, 'SUMMER'),
	(502, '2025-11-17 20:50:21.838929+00', 12, 66, 'SUMMER'),
	(503, '2025-11-17 20:50:21.838929+00', 12, 67, 'SUMMER'),
	(504, '2025-11-17 20:50:21.838929+00', 12, 68, 'SUMMER'),
	(505, '2025-11-17 20:50:21.838929+00', 12, 69, 'SUMMER'),
	(506, '2025-11-17 20:50:21.838929+00', 12, 70, 'SUMMER'),
	(507, '2025-11-17 20:50:21.838929+00', 12, 73, 'SUMMER'),
	(508, '2025-11-17 20:50:21.838929+00', 12, 74, 'SUMMER'),
	(509, '2025-11-17 20:50:21.838929+00', 12, 75, 'SUMMER'),
	(510, '2025-11-17 20:50:21.838929+00', 12, 76, 'SUMMER'),
	(511, '2025-11-17 20:50:21.838929+00', 12, 77, 'SUMMER'),
	(512, '2025-11-17 20:50:21.838929+00', 12, 78, 'SUMMER'),
	(513, '2025-11-17 20:50:21.838929+00', 12, 79, 'SUMMER'),
	(514, '2025-11-17 20:50:21.838929+00', 12, 80, 'SUMMER'),
	(515, '2025-11-17 20:50:21.838929+00', 12, 84, 'SUMMER'),
	(516, '2025-11-17 20:50:21.838929+00', 12, 85, 'SUMMER'),
	(517, '2025-11-17 20:50:21.838929+00', 12, 86, 'SUMMER'),
	(518, '2025-11-17 20:50:21.838929+00', 12, 88, 'SUMMER'),
	(519, '2025-11-17 20:50:21.838929+00', 12, 89, 'SUMMER'),
	(520, '2025-11-17 20:50:21.838929+00', 12, 90, 'SUMMER'),
	(521, '2025-11-17 20:50:21.838929+00', 12, 91, 'SUMMER'),
	(522, '2025-11-17 20:50:21.838929+00', 12, 92, 'SUMMER'),
	(523, '2025-11-17 20:50:21.838929+00', 12, 93, 'SUMMER'),
	(524, '2025-11-17 20:50:21.838929+00', 12, 114, 'WINTER'),
	(525, '2025-11-17 20:50:21.838929+00', 12, 115, 'WINTER'),
	(526, '2025-11-17 20:50:21.838929+00', 12, 116, 'WINTER'),
	(527, '2025-11-17 20:50:21.838929+00', 12, 117, 'WINTER'),
	(528, '2025-11-17 20:50:21.838929+00', 12, 118, 'WINTER'),
	(529, '2025-11-17 20:50:21.838929+00', 12, 119, 'WINTER'),
	(530, '2025-11-17 20:50:21.838929+00', 12, 120, 'WINTER'),
	(531, '2025-11-17 20:50:21.838929+00', 12, 121, 'WINTER'),
	(532, '2025-11-17 20:50:21.838929+00', 12, 122, 'WINTER'),
	(533, '2025-11-17 20:50:21.838929+00', 12, 123, 'WINTER'),
	(534, '2025-11-17 20:50:21.838929+00', 12, 124, 'WINTER'),
	(535, '2025-11-17 20:50:21.838929+00', 12, 125, 'WINTER'),
	(536, '2025-11-17 20:50:21.838929+00', 12, 126, 'WINTER'),
	(537, '2025-11-17 20:50:21.838929+00', 12, 127, 'WINTER'),
	(538, '2025-11-17 20:50:21.838929+00', 12, 128, 'WINTER'),
	(539, '2025-11-17 20:50:21.838929+00', 12, 129, 'WINTER'),
	(540, '2025-11-17 20:50:21.838929+00', 12, 130, 'WINTER'),
	(541, '2025-11-17 20:50:21.838929+00', 12, 131, 'WINTER'),
	(542, '2025-11-17 20:50:21.838929+00', 12, 132, 'WINTER'),
	(543, '2025-11-17 20:50:21.838929+00', 12, 133, 'WINTER'),
	(544, '2025-11-17 20:50:21.838929+00', 12, 134, 'WINTER'),
	(545, '2025-11-17 20:50:21.838929+00', 12, 135, 'WINTER'),
	(546, '2025-11-17 20:50:21.838929+00', 12, 56, 'WINTER'),
	(547, '2025-11-17 20:50:21.838929+00', 12, 1, 'WINTER'),
	(548, '2025-11-17 20:50:21.838929+00', 12, 2, 'WINTER'),
	(549, '2025-11-17 20:50:21.838929+00', 12, 3, 'WINTER'),
	(550, '2025-11-17 20:50:21.838929+00', 12, 8, 'WINTER'),
	(551, '2025-11-17 20:50:21.838929+00', 12, 5, 'WINTER'),
	(552, '2025-11-17 20:50:21.838929+00', 12, 9, 'WINTER'),
	(553, '2025-11-17 20:50:21.838929+00', 12, 10, 'WINTER'),
	(554, '2025-11-17 20:50:21.838929+00', 12, 11, 'WINTER'),
	(555, '2025-11-17 20:50:21.838929+00', 12, 26, 'WINTER'),
	(556, '2025-11-17 20:50:21.838929+00', 12, 44, 'WINTER'),
	(557, '2025-11-17 20:50:21.838929+00', 12, 46, 'WINTER'),
	(558, '2025-11-17 20:50:21.838929+00', 12, 47, 'WINTER'),
	(559, '2025-11-17 20:50:21.838929+00', 12, 48, 'WINTER'),
	(560, '2025-11-17 20:50:21.838929+00', 12, 49, 'WINTER'),
	(561, '2025-11-17 20:50:21.838929+00', 12, 50, 'WINTER'),
	(562, '2025-11-17 20:50:21.838929+00', 12, 55, 'WINTER'),
	(563, '2025-11-17 20:50:21.838929+00', 12, 57, 'WINTER'),
	(564, '2025-11-17 20:50:21.838929+00', 12, 59, 'WINTER'),
	(565, '2025-11-17 20:50:21.838929+00', 12, 65, 'WINTER'),
	(566, '2025-11-17 20:50:21.838929+00', 12, 66, 'WINTER'),
	(567, '2025-11-17 20:50:21.838929+00', 12, 73, 'WINTER'),
	(568, '2025-11-17 20:50:21.838929+00', 12, 74, 'WINTER'),
	(569, '2025-11-17 20:50:21.838929+00', 12, 75, 'WINTER'),
	(570, '2025-11-17 20:50:21.838929+00', 12, 76, 'WINTER'),
	(571, '2025-11-17 20:50:21.838929+00', 12, 77, 'WINTER'),
	(572, '2025-11-17 20:50:21.838929+00', 12, 78, 'WINTER'),
	(573, '2025-11-17 20:50:21.838929+00', 12, 79, 'WINTER'),
	(574, '2025-11-17 20:50:21.838929+00', 12, 80, 'WINTER'),
	(575, '2025-11-17 20:50:21.838929+00', 12, 81, 'WINTER'),
	(576, '2025-11-17 20:50:21.838929+00', 12, 84, 'WINTER'),
	(577, '2025-11-17 20:50:21.838929+00', 12, 85, 'WINTER'),
	(578, '2025-11-17 20:50:21.838929+00', 12, 86, 'WINTER'),
	(579, '2025-11-17 20:50:21.838929+00', 12, 88, 'WINTER'),
	(580, '2025-11-17 20:50:21.838929+00', 12, 89, 'WINTER'),
	(581, '2025-11-17 20:50:21.838929+00', 12, 90, 'WINTER'),
	(582, '2025-11-17 20:50:21.838929+00', 12, 91, 'WINTER'),
	(583, '2025-11-17 20:50:21.838929+00', 12, 92, 'WINTER'),
	(584, '2025-11-17 20:50:21.838929+00', 12, 93, 'WINTER'),
	(585, '2025-11-17 20:50:21.838929+00', 12, 99, 'WINTER'),
	(586, '2025-11-17 20:50:21.838929+00', 12, 97, 'WINTER'),
	(587, '2025-11-17 20:50:21.838929+00', 12, 100, 'WINTER'),
	(588, '2025-11-17 20:50:21.838929+00', 12, 101, 'WINTER'),
	(589, '2025-11-17 20:50:21.838929+00', 12, 102, 'WINTER'),
	(590, '2025-11-17 20:50:21.838929+00', 12, 104, 'WINTER'),
	(591, '2025-11-17 20:50:21.838929+00', 12, 103, 'WINTER'),
	(592, '2025-11-17 20:50:21.838929+00', 12, 105, 'WINTER'),
	(593, '2025-11-17 20:50:21.838929+00', 12, 106, 'WINTER'),
	(594, '2025-11-17 20:50:21.838929+00', 12, 107, 'WINTER'),
	(595, '2025-11-17 20:50:21.838929+00', 12, 108, 'WINTER'),
	(596, '2025-11-17 20:50:21.838929+00', 12, 109, 'WINTER'),
	(597, '2025-11-17 20:50:21.838929+00', 12, 110, 'WINTER'),
	(598, '2025-11-17 20:50:21.838929+00', 12, 112, 'WINTER'),
	(599, '2025-11-17 20:50:21.838929+00', 12, 111, 'WINTER'),
	(600, '2025-11-17 20:50:21.838929+00', 12, 113, 'WINTER'),
	(601, '2025-11-17 20:50:35.202837+00', 21, 13, 'WINTER'),
	(602, '2025-11-17 20:50:35.202837+00', 21, 14, 'WINTER'),
	(603, '2025-11-17 20:50:35.202837+00', 21, 20, 'WINTER'),
	(604, '2025-11-17 20:50:35.202837+00', 21, 25, 'WINTER'),
	(605, '2025-11-17 20:50:35.202837+00', 21, 28, 'WINTER'),
	(606, '2025-11-17 20:50:35.202837+00', 21, 31, 'WINTER'),
	(607, '2025-11-17 20:50:35.202837+00', 21, 36, 'WINTER'),
	(608, '2025-11-17 20:50:35.202837+00', 21, 37, 'WINTER'),
	(609, '2025-11-17 20:50:35.202837+00', 21, 38, 'WINTER'),
	(610, '2025-11-17 20:50:35.202837+00', 21, 39, 'WINTER'),
	(611, '2025-11-17 20:50:35.202837+00', 21, 41, 'WINTER'),
	(612, '2025-11-17 20:50:35.202837+00', 21, 51, 'WINTER'),
	(613, '2025-11-17 20:50:35.202837+00', 21, 45, 'WINTER'),
	(614, '2025-11-17 20:50:35.202837+00', 21, 54, 'WINTER'),
	(615, '2025-11-17 20:50:35.202837+00', 21, 58, 'WINTER'),
	(616, '2025-11-17 20:50:35.202837+00', 21, 60, 'WINTER'),
	(617, '2025-11-17 20:50:35.202837+00', 21, 62, 'WINTER'),
	(618, '2025-11-17 20:50:35.202837+00', 21, 67, 'WINTER'),
	(619, '2025-11-17 20:50:35.202837+00', 21, 68, 'WINTER'),
	(620, '2025-11-17 20:50:35.202837+00', 21, 69, 'WINTER'),
	(621, '2025-11-17 20:50:35.202837+00', 21, 70, 'WINTER'),
	(622, '2025-11-17 20:50:35.202837+00', 21, 71, 'WINTER');


--
-- Data for Name: Blocks; Type: TABLE DATA; Schema: public; Owner: postgres
--

INSERT INTO "public"."Blocks" ("block_id", "created_at", "bleacher_id", "text", "date") VALUES
	(1, '2025-06-19 17:36:41.316066+00', 8, '', '2025-06-16'),
	(177, '2025-08-04 12:46:17.83284+00', 26, 'Storage in Hall D, CNE', '2025-08-04'),
	(2, '2025-06-19 17:36:41.319719+00', 8, ' ', '2025-06-16'),
	(4, '2025-06-19 20:12:43.490338+00', 5, 'Mitch', '2025-06-26'),
	(6, '2025-06-19 20:13:30.564073+00', 26, 'Mitch Delivery on Thursday', '2025-06-26'),
	(5, '2025-06-19 20:12:59.484621+00', 2, 'Mitch Deliver', '2025-06-26'),
	(180, '2025-08-04 12:47:40.079096+00', 46, 'Justin to Farm', '2025-08-05'),
	(181, '2025-08-04 12:48:00.295124+00', 47, 'KDR HOME', '2025-08-06'),
	(9, '2025-06-19 20:16:40.180019+00', 10, 'CHRISTINE TEST', '2025-06-14'),
	(11, '2025-06-19 22:28:24.079608+00', 1, 'hey
', '2025-06-02'),
	(183, '2025-08-04 15:13:56.274237+00', 57, 'on site in Hall D', '2025-08-04'),
	(184, '2025-08-04 15:14:03.500952+00', 57, 'on site in Hall D', '2025-08-05'),
	(12, '2025-06-23 13:21:10.203816+00', 26, 'ON SITE, SET UP THURSDAY', '2025-06-23'),
	(13, '2025-06-23 13:21:24.732359+00', 26, 'ON SITE, SET UP THURSDAY', '2025-06-24'),
	(185, '2025-08-04 15:14:06.687015+00', 57, 'on site in Hall D', '2025-08-06'),
	(186, '2025-08-04 15:14:09.959358+00', 57, 'on site in Hall D', '2025-08-07'),
	(17, '2025-06-24 17:43:58.570982+00', 5, 'on site', '2025-06-24'),
	(18, '2025-06-24 17:44:18.09994+00', 5, 'on site ', '2025-06-25'),
	(187, '2025-08-04 15:14:13.088902+00', 57, 'on site in Hall D', '2025-08-08'),
	(16, '2025-06-24 17:43:53.454652+00', 5, 'Mitch dropped early. ON TRACKER', '2025-06-23'),
	(188, '2025-08-04 15:14:16.102479+00', 57, 'on site in Hall D', '2025-08-09'),
	(20, '2025-06-24 17:54:09.581831+00', 56, 'Listo dropped', '2025-06-24'),
	(189, '2025-08-04 15:14:19.828137+00', 57, 'on site in Hall D', '2025-08-10'),
	(190, '2025-08-04 15:14:28.182919+00', 57, 'SET UP DAY', '2025-08-11'),
	(191, '2025-08-04 15:19:02.248087+00', 68, 'Jake to aylmer', '2025-08-05'),
	(192, '2025-08-04 15:19:09.389429+00', 69, 'Jake to aylmer', '2025-08-05'),
	(25, '2025-06-24 18:36:17.153358+00', 26, 'ON SITE, SET UP THURSDAY', '2025-06-25'),
	(400, '2025-08-20 12:02:08.33444+00', 90, 'OUT OF SERVICE', '2025-08-24'),
	(200, '2025-08-04 15:20:50.320008+00', 74, 'Stu to CNE', '2025-08-07'),
	(201, '2025-08-04 15:20:57.838511+00', 75, 'Claire to CNE', '2025-08-07'),
	(202, '2025-08-04 15:21:13.005521+00', 78, 'Storage @ Teen Ranch', '2025-08-05'),
	(203, '2025-08-04 15:21:24.812719+00', 79, 'Storage @ farm', '2025-08-05'),
	(204, '2025-08-04 15:21:54.773659+00', 81, 'Storage @ farm', '2025-08-05'),
	(205, '2025-08-04 15:21:58.694228+00', 77, 'Storage @ farm', '2025-08-05'),
	(206, '2025-08-04 15:22:26.863841+00', 84, 'on site @ CNE', '2025-08-05'),
	(207, '2025-08-04 15:22:33.491375+00', 84, 'on site @ CNE', '2025-08-06'),
	(208, '2025-08-04 15:22:36.171853+00', 84, 'on site @ CNE', '2025-08-07'),
	(209, '2025-08-04 15:22:38.751838+00', 84, 'on site @ CNE', '2025-08-08'),
	(210, '2025-08-04 15:22:41.346277+00', 84, 'on site @ CNE', '2025-08-09'),
	(211, '2025-08-04 15:22:45.39008+00', 84, 'on site @ CNE', '2025-08-10'),
	(212, '2025-08-04 15:23:12.090565+00', 86, 'Storage@KDR', '2025-08-05'),
	(118, '2025-07-02 16:19:26.041876+00', 75, 'Storage @ KDR', '2025-07-02'),
	(213, '2025-08-04 15:23:23.370615+00', 90, 'OUT OF SERVICE', '2025-08-06'),
	(120, '2025-07-02 16:19:41.701875+00', 77, 'Storage @ Farm', '2025-07-02'),
	(121, '2025-07-02 16:19:45.413974+00', 78, 'Storage @ Farm', '2025-07-02'),
	(122, '2025-07-02 16:19:52.290648+00', 79, 'Storage @ Farm', '2025-07-02'),
	(123, '2025-07-02 16:20:02.468074+00', 80, 'Storage @ Farm', '2025-07-02'),
	(124, '2025-07-02 16:20:38.249078+00', 81, 'Storage @ Farm', '2025-07-02'),
	(214, '2025-08-04 15:23:30.242306+00', 90, 'OUT OF SERVICE', '2025-08-07'),
	(215, '2025-08-04 15:23:33.080216+00', 90, 'OUT OF SERVICE', '2025-08-08'),
	(196, '2025-08-04 15:20:10.31471+00', 76, '', '2025-08-04'),
	(176, '2025-08-04 12:45:52.612177+00', 11, 'Stay on site until 18', '2025-08-06'),
	(427, '2025-08-21 16:33:50.526605+00', 66, 'Mitch Deliver', '2025-08-27'),
	(452, '2025-08-26 10:57:02.359277+00', 66, 'storage @ farm', '2025-08-26'),
	(134, '2025-07-02 17:26:56.676136+00', 75, 'Justin to Lockport for Storage', '2025-07-10'),
	(135, '2025-07-02 17:27:10.090667+00', 76, 'Mitch to Lockport for Storage ', '2025-07-10'),
	(136, '2025-07-02 17:29:35.106397+00', 95, 'Justin to Salmanca, early drop', '2025-07-11'),
	(63, '2025-06-27 17:35:23.632388+00', 73, '"@ Niagara Storage, 
Lockport US"', '2025-06-27'),
	(137, '2025-07-02 17:29:45.917073+00', 96, 'Mitch to Salmanca early drop', '2025-07-11'),
	(138, '2025-07-04 12:28:52.748247+00', 1, 'Storage @ Farm', '2025-07-04'),
	(15, '2025-06-24 17:42:33.915673+00', 3, 'This bleacher early set up', '2025-06-25'),
	(457, '2025-08-26 10:57:42.74439+00', 90, 'OUT OF SERVICE', '2025-08-31'),
	(69, '2025-06-30 14:47:02.411798+00', 11, 'Storage @ KDR', '2025-06-30'),
	(462, '2025-08-26 10:58:11.252115+00', 101, 'Just deliver early', '2025-08-26'),
	(479, '2025-08-27 14:06:17.502733+00', 26, 'Mitch drop in Petrolia', '2025-09-03'),
	(484, '2025-08-29 14:11:50.026168+00', 90, 'OUT OF SERVICE', '2025-09-13'),
	(494, '2025-09-03 11:24:49.084706+00', 43, 'storage @ timberfell', '2025-09-03'),
	(499, '2025-09-03 12:41:10.977029+00', 58, 'Storage @ Milton', '2025-09-05'),
	(503, '2025-09-03 12:41:18.279229+00', 55, 'Storage @ Milton', '2025-09-05'),
	(507, '2025-09-03 12:41:26.437337+00', 55, 'Storage @ Milton', '2025-09-09'),
	(80, '2025-06-30 14:48:26.391452+00', 59, 'Storage @ KDR', '2025-06-30'),
	(139, '2025-07-04 12:29:00.400466+00', 9, '"Storage in 
Fenelon Falls"', '2025-07-04'),
	(140, '2025-07-04 12:29:08.678959+00', 8, '"Storage in 
Fenelon Falls"', '2025-07-04'),
	(141, '2025-07-04 12:29:14.221479+00', 10, 'Storage @ Farm', '2025-07-04'),
	(142, '2025-07-04 12:29:20.746446+00', 43, 'Storage in 
Fenelon Falls"', '2025-07-04'),
	(143, '2025-07-04 12:29:30.710116+00', 45, 'Storage @ KDR', '2025-07-04'),
	(144, '2025-07-04 12:29:40.127877+00', 46, 'Storage @ Farm', '2025-07-04'),
	(145, '2025-07-04 12:29:45.692323+00', 47, 'Storage @ KDR', '2025-07-04'),
	(146, '2025-07-04 12:29:51.386242+00', 48, 'Storage @ Lombardy ', '2025-07-04'),
	(147, '2025-07-04 12:29:57.264569+00', 49, 'Storage @ KDR', '2025-07-04'),
	(148, '2025-07-04 12:30:03.402114+00', 50, 'Storage @ Devins', '2025-07-04'),
	(149, '2025-07-04 12:30:10.453473+00', 53, 'Storage @ Lombardy ', '2025-07-04'),
	(150, '2025-07-04 12:30:18.643167+00', 57, 'Storage @ KDR', '2025-07-04'),
	(151, '2025-07-04 12:30:27.62128+00', 65, 'storage @ Devins', '2025-07-04'),
	(152, '2025-07-04 12:30:33.198384+00', 66, 'Storage @ Farm', '2025-07-04'),
	(153, '2025-07-04 12:30:43.045248+00', 73, 'Storage in Lockport', '2025-07-04'),
	(154, '2025-07-04 12:30:48.228728+00', 74, 'Storage in Lockport', '2025-07-04'),
	(155, '2025-07-04 12:30:56.185188+00', 76, 'Storage @ Farm', '2025-07-04'),
	(156, '2025-07-04 12:30:58.703026+00', 77, 'Storage @ Farm', '2025-07-04'),
	(157, '2025-07-04 12:31:01.072794+00', 78, 'Storage @ Farm', '2025-07-04'),
	(158, '2025-07-04 12:31:03.45577+00', 79, 'Storage @ Farm', '2025-07-04'),
	(159, '2025-07-04 12:31:08.509616+00', 80, 'Storage @ Farm', '2025-07-04'),
	(160, '2025-07-04 12:31:13.025996+00', 81, 'Storage @ Farm', '2025-07-04'),
	(161, '2025-07-04 12:31:18.916183+00', 84, 'Storage @ Farm', '2025-07-04'),
	(162, '2025-07-04 12:31:25.612288+00', 85, 'Storage @ KDR', '2025-07-04'),
	(163, '2025-07-04 12:31:27.842924+00', 86, 'Storage @ KDR', '2025-07-04'),
	(164, '2025-07-04 12:31:30.336236+00', 88, 'Storage @ KDR', '2025-07-04'),
	(165, '2025-07-04 12:31:38.8093+00', 90, 'Storage @ KDR', '2025-07-04'),
	(166, '2025-07-04 12:31:44.802612+00', 89, 'Storage @ Farm', '2025-07-04'),
	(167, '2025-07-04 12:32:01.869133+00', 92, 'storge at Devins', '2025-07-04'),
	(168, '2025-07-04 12:32:06.917237+00', 93, 'Storage @ Farm', '2025-07-04'),
	(173, '2025-08-04 12:44:28.088978+00', 5, 'on site in Aylmer', '2025-08-04'),
	(174, '2025-08-04 12:44:36.6153+00', 5, 'on site in Aylmer', '2025-08-05'),
	(175, '2025-08-04 12:44:38.943818+00', 5, 'on site in Aylmer', '2025-08-06'),
	(216, '2025-08-04 15:23:35.760814+00', 90, 'OUT OF SERVICE', '2025-08-09'),
	(220, '2025-08-04 15:24:04.402767+00', 91, 'on site @ CNE', '2025-08-05'),
	(224, '2025-08-04 15:24:14.175116+00', 91, 'on site @ CNE', '2025-08-09'),
	(227, '2025-08-04 15:24:54.33173+00', 93, 'on site @ CNE', '2025-08-05'),
	(231, '2025-08-04 15:25:03.895641+00', 93, 'on site @ CNE', '2025-08-09'),
	(631, '2025-09-26 12:44:43.039525+00', 93, 'on site', '2025-10-02'),
	(396, '2025-08-20 12:01:59.370273+00', 90, 'OUT OF SERVICE', '2025-08-21'),
	(375, '2025-08-19 15:07:35.723608+00', 10, 'on site ', '2025-08-25'),
	(428, '2025-08-21 16:38:52.378764+00', 5, 'right to Mitchell', '2025-08-26'),
	(401, '2025-08-20 18:53:43.869751+00', 78, 'Devin to Mitchell', '2025-08-26'),
	(657, '2025-09-29 16:02:13.898179+00', 90, 'Royal Load in Week ', '2025-10-28'),
	(453, '2025-08-26 10:57:11.971488+00', 68, 'storage @ farm', '2025-08-25'),
	(458, '2025-08-26 10:57:45.280446+00', 90, 'OUT OF SERVICE', '2025-09-01'),
	(463, '2025-08-26 14:32:53.721169+00', 50, 'Straight to North York event', '2025-09-09'),
	(665, '2025-09-30 12:35:26.696356+00', 44, 'on site', '2025-10-01'),
	(480, '2025-08-28 11:15:56.242308+00', 77, 'Jake to farm', '2025-09-02'),
	(485, '2025-08-29 14:11:52.473937+00', 90, 'OUT OF SERVICE', '2025-09-14'),
	(490, '2025-09-02 12:18:21.927235+00', 9, 'storage @ timberfell', '2025-09-02'),
	(495, '2025-09-03 11:24:55.842035+00', 46, 'storage @ farm', '2025-09-03'),
	(500, '2025-09-03 12:41:12.807702+00', 58, 'Storage @ Milton', '2025-09-06'),
	(504, '2025-09-03 12:41:19.862981+00', 55, 'Storage @ Milton', '2025-09-06'),
	(508, '2025-09-03 12:41:28.512954+00', 58, 'Storage @ Milton', '2025-09-09'),
	(511, '2025-09-03 13:54:47.173685+00', 65, 'jake to merritville', '2025-09-10'),
	(512, '2025-09-03 13:55:07.218839+00', 93, 'Stu to Merritville', '2025-09-10'),
	(516, '2025-09-03 16:54:31.290341+00', 84, 'Thronhill Renassiance ', '2025-09-28'),
	(669, '2025-09-30 12:35:43.166102+00', 44, 'on site', '2025-10-05'),
	(528, '2025-09-10 16:16:19.94767+00', 26, 'Mitch', '2025-09-17'),
	(677, '2025-09-30 12:37:35.419383+00', 57, 'Storage @ KDR', '2025-09-30'),
	(544, '2025-09-12 18:50:10.370273+00', 8, 'Timberfell Delivery', '2025-09-17'),
	(548, '2025-09-12 18:53:31.255261+00', 48, 'ON SITE', '2025-09-16'),
	(549, '2025-09-12 18:53:34.708127+00', 48, 'ON SITE', '2025-09-17'),
	(550, '2025-09-12 18:53:38.994423+00', 48, 'ON SITE', '2025-09-15'),
	(523, '2025-09-10 14:55:54.426641+00', 93, 'Stu tuesday to ancaster', '2025-09-16'),
	(560, '2025-09-15 14:25:59.208985+00', 91, 'FRIDAY NIGHT LIGHTS', '2025-10-09'),
	(681, '2025-09-30 12:38:14.480872+00', 70, 'Storage @ KDR', '2025-09-30'),
	(687, '2025-09-30 12:38:36.924235+00', 78, 'storage @ farm', '2025-09-30'),
	(577, '2025-09-16 16:59:52.021617+00', 50, 'stay on site', '2025-09-23'),
	(581, '2025-09-17 17:10:10.377917+00', 90, 'OUT OF SERVICE', '2025-09-25'),
	(582, '2025-09-17 17:10:12.672241+00', 90, 'OUT OF SERVICE', '2025-09-26'),
	(583, '2025-09-17 17:10:15.287907+00', 90, 'OUT OF SERVICE', '2025-09-27'),
	(584, '2025-09-17 17:10:17.982339+00', 90, 'OUT OF SERVICE', '2025-09-28'),
	(585, '2025-09-17 17:10:20.728294+00', 90, 'OUT OF SERVICE', '2025-09-29'),
	(586, '2025-09-17 17:10:24.264234+00', 90, 'OUT OF SERVICE', '2025-09-21'),
	(608, '2025-09-25 12:31:19.911624+00', 79, 'Justin farm', '2025-09-30'),
	(688, '2025-09-30 12:39:16.740697+00', 81, 'storage @ farm', '2025-09-30'),
	(595, '2025-09-18 14:55:58.906078+00', 55, 'Mitch 10:30 am', '2025-09-24'),
	(692, '2025-09-30 12:40:07.528318+00', 90, 'OUT OF SERVICE', '2025-09-30'),
	(696, '2025-09-30 12:42:17.426466+00', 93, 'set up', '2025-10-07'),
	(700, '2025-09-30 13:03:17.501716+00', 79, 'GOING TO LAURIER', '2025-10-10'),
	(707, '2025-09-30 13:55:48.40555+00', 79, 'jake delivery', '2025-10-07'),
	(711, '2025-09-30 13:59:21.231706+00', 47, 'Justin/ Jake set up', '2025-10-08'),
	(715, '2025-09-30 14:01:58.353536+00', 45, 'on site', '2025-10-03'),
	(719, '2025-09-30 14:02:12.462541+00', 85, 'on site', '2025-10-03'),
	(722, '2025-09-30 14:02:19.120571+00', 85, 'on site', '2025-10-06'),
	(567, '2025-09-15 14:30:19.982727+00', 91, 'Justin ', '2025-10-08'),
	(730, '2025-10-01 12:56:00.114207+00', 48, 'storage @ Lombardy', '2025-10-03'),
	(733, '2025-10-01 12:56:36.058037+00', 55, 'storage @ farm', '2025-10-03'),
	(736, '2025-10-01 12:57:04.164504+00', 65, 'storage @ farm', '2025-10-03'),
	(739, '2025-10-01 13:01:21.724763+00', 73, 'storage @ farm', '2025-10-03'),
	(742, '2025-10-01 13:01:28.791759+00', 76, 'storage @ farm', '2025-10-03'),
	(745, '2025-10-01 13:01:35.916125+00', 79, 'storage @ farm', '2025-10-03'),
	(748, '2025-10-01 13:01:50.360662+00', 88, 'storage @ farm', '2025-10-03'),
	(754, '2025-10-06 12:43:23.943288+00', 47, 'storage @ farm', '2025-10-06'),
	(757, '2025-10-06 12:43:43.809329+00', 53, 'storage @ Lombardy', '2025-10-06'),
	(760, '2025-10-06 12:43:59.919961+00', 58, 'storage @ farm', '2025-10-06'),
	(763, '2025-10-06 12:44:17.89424+00', 68, 'Back in the USA', '2025-10-06'),
	(766, '2025-10-06 12:44:30.628715+00', 74, 'storage @ farm', '2025-10-06'),
	(769, '2025-10-06 12:44:36.958969+00', 77, 'storage @ farm', '2025-10-06'),
	(770, '2025-10-06 12:44:40.54077+00', 78, 'storage @ farm', '2025-10-06'),
	(773, '2025-10-06 12:44:50.100457+00', 84, 'storage @ farm', '2025-10-06'),
	(781, '2025-10-08 12:19:47.74354+00', 1, 'Timberfell', '2025-10-10'),
	(787, '2025-10-08 12:27:26.670953+00', 92, 'Jake to farm', '2025-10-13'),
	(790, '2025-10-08 13:33:19.171692+00', 90, 'Royal Load in Week ', '2025-10-30'),
	(793, '2025-10-08 17:52:46.714111+00', 50, 'FRIDAY NIGHT LIGHTS', '2025-10-11'),
	(563, '2025-09-15 14:26:13.442332+00', 92, '@ Laurier', '2025-10-09'),
	(796, '2025-10-10 17:32:14.489272+00', 26, 'storage @ Devins', '2025-10-10'),
	(799, '2025-10-10 17:33:53.286125+00', 9, 'Timberfell', '2025-10-11'),
	(815, '2025-10-15 12:27:49.059751+00', 5, 'storage @ farm', '2025-10-15'),
	(821, '2025-10-15 12:51:54.279216+00', 91, 'storage @ farm', '2025-10-15'),
	(824, '2025-10-15 12:52:29.326102+00', 74, 'on site', '2025-10-15'),
	(833, '2025-10-15 12:55:47.496533+00', 55, 'storage @ farm', '2025-10-15'),
	(837, '2025-10-16 12:23:01.065815+00', 8, 'timberfell', '2025-10-16'),
	(840, '2025-10-16 12:56:33.816233+00', 44, 'Jake to farm', '2025-10-21'),
	(843, '2025-10-16 12:57:14.29178+00', 75, 'stay on site', '2025-10-21'),
	(846, '2025-10-16 13:30:42.067541+00', 88, 'Justin Sunday delivery', '2025-10-24'),
	(849, '2025-10-16 13:33:47.397159+00', 46, 'Justin', '2025-10-22'),
	(852, '2025-10-16 13:41:26.415021+00', 86, 'Devin', '2025-10-24'),
	(855, '2025-10-16 15:03:09.501861+00', 56, 'OUT OF SERVICEOUT OF SERVICE', '2025-10-28'),
	(870, '2025-10-20 12:44:09.986412+00', 53, 'storage @ Lombardy', '2025-10-20'),
	(874, '2025-10-20 12:44:37.01576+00', 56, 'OUT OF SERVICE', '2025-10-23'),
	(888, '2025-10-21 12:28:57.900682+00', 89, 'Storage @ KDR', '2025-10-25'),
	(889, '2025-10-21 12:29:03.196646+00', 89, 'Storage @ KDR', '2025-10-26'),
	(890, '2025-10-21 12:29:04.774023+00', 89, 'Storage @ KDR', '2025-10-27'),
	(891, '2025-10-21 12:29:06.326885+00', 89, 'Storage @ KDR', '2025-10-28'),
	(895, '2025-10-21 12:47:29.483798+00', 78, 'on site, set up', '2025-11-01'),
	(896, '2025-10-21 12:47:34.536418+00', 78, 'on site, set up', '2025-11-02'),
	(897, '2025-10-21 12:47:36.073292+00', 78, 'on site, set up', '2025-11-03'),
	(898, '2025-10-21 12:47:37.554533+00', 78, 'on site, set up', '2025-11-04'),
	(217, '2025-08-04 15:23:38.54536+00', 90, 'OUT OF SERVICE', '2025-08-10'),
	(221, '2025-08-04 15:24:06.869306+00', 91, 'on site @ CNE', '2025-08-06'),
	(225, '2025-08-04 15:24:16.643592+00', 91, 'on site @ CNE', '2025-08-10'),
	(228, '2025-08-04 15:24:56.858391+00', 93, 'on site @ CNE', '2025-08-06'),
	(232, '2025-08-04 15:25:06.272622+00', 93, 'on site @ CNE', '2025-08-10'),
	(632, '2025-09-26 12:44:46.489515+00', 93, 'on site', '2025-10-03'),
	(397, '2025-08-20 12:02:01.017953+00', 90, 'OUT OF SERVICE', '2025-08-20'),
	(376, '2025-08-19 15:07:42.26815+00', 11, 'Mitch drop early', '2025-08-25'),
	(402, '2025-08-21 13:49:33.770168+00', 10, 'on site ', '2025-08-21'),
	(403, '2025-08-21 13:49:38.262324+00', 10, 'on site', '2025-08-21'),
	(404, '2025-08-21 13:49:42.324186+00', 10, 'on site ', '2025-08-22'),
	(405, '2025-08-21 13:49:44.3042+00', 10, 'on site ', '2025-08-23'),
	(406, '2025-08-21 13:49:46.820203+00', 10, 'on site ', '2025-08-24'),
	(429, '2025-08-21 18:12:42.357533+00', 90, 'OUT OF SERVICE', '2025-08-25'),
	(430, '2025-08-21 18:12:44.686554+00', 90, 'OUT OF SERVICE', '2025-08-26'),
	(431, '2025-08-21 18:12:46.801436+00', 90, 'OUT OF SERVICE', '2025-08-27'),
	(432, '2025-08-21 18:12:49.150345+00', 90, 'OUT OF SERVICE', '2025-08-28'),
	(433, '2025-08-21 18:12:51.350457+00', 90, 'OUT OF SERVICE', '2025-08-29'),
	(434, '2025-08-21 18:12:54.349292+00', 90, 'OUT OF SERVICE', '2025-08-30'),
	(643, '2025-09-29 12:44:36.046107+00', 68, 'Back in the USA', '2025-09-29'),
	(646, '2025-09-29 12:44:47.520025+00', 68, 'Back in the USA', '2025-10-02'),
	(449, '2025-08-26 10:56:41.547516+00', 48, 'on site  @ Black Creek', '2025-08-26'),
	(454, '2025-08-26 10:57:24.195657+00', 77, 'storage @ farm', '2025-08-26'),
	(464, '2025-08-26 15:08:14.967987+00', 90, 'OUT OF SERVICE', '2025-09-03'),
	(465, '2025-08-26 15:08:16.800879+00', 90, 'OUT OF SERVICE', '2025-09-04'),
	(466, '2025-08-26 15:08:18.435498+00', 90, 'OUT OF SERVICE', '2025-09-05'),
	(467, '2025-08-26 15:08:20.144002+00', 90, 'OUT OF SERVICE', '2025-09-06'),
	(468, '2025-08-26 15:08:22.381725+00', 90, 'OUT OF SERVICE', '2025-09-07'),
	(459, '2025-08-26 10:58:01.375861+00', 97, 'Just deliver early', '2025-08-26'),
	(473, '2025-08-27 13:35:10.500243+00', 102, 'Just deliver early', '2025-08-26'),
	(476, '2025-08-27 13:35:16.262639+00', 105, 'Just deliver early', '2025-08-26'),
	(486, '2025-08-29 14:11:55.658004+00', 90, 'OUT OF SERVICE', '2025-09-15'),
	(481, '2025-08-28 11:16:06.067826+00', 81, 'Justin to farm', '2025-09-02'),
	(496, '2025-09-03 11:28:40.523779+00', 55, 'Storage @ Milton', '2025-09-04'),
	(501, '2025-09-03 12:41:14.524519+00', 58, 'Storage @ Milton', '2025-09-07'),
	(505, '2025-09-03 12:41:21.674177+00', 55, 'Storage @ Milton', '2025-09-07'),
	(513, '2025-09-03 16:06:13.138273+00', 57, 'Devin drop early', '2025-09-10'),
	(520, '2025-09-04 17:30:44.502541+00', 92, 'Vanessa hill farms early drop', '2025-09-10'),
	(524, '2025-09-10 15:45:18.027549+00', 50, 'Vanessa Hill Farms', '2025-09-16'),
	(529, '2025-09-10 16:27:00.933314+00', 78, 'Vanessa Hill', '2025-09-17'),
	(530, '2025-09-10 16:27:05.04798+00', 97, 'jake 4 rows', '2025-09-17'),
	(658, '2025-09-29 16:02:16.680405+00', 90, 'Royal Load in Week ', '2025-10-29'),
	(545, '2025-09-12 18:50:58.164224+00', 9, 'Devin Wednseday/ Timberfell Deliver', '2025-09-17'),
	(551, '2025-09-12 18:54:20.105175+00', 53, 'ON SITE', '2025-09-16'),
	(552, '2025-09-12 18:54:23.516713+00', 53, 'ON SITE', '2025-09-17'),
	(561, '2025-09-15 14:26:08.438679+00', 91, 'FRIDAY NIGHT LIGHTS', '2025-10-10'),
	(666, '2025-09-30 12:35:30.588144+00', 44, 'on site', '2025-10-02'),
	(574, '2025-09-16 15:19:47.558913+00', 88, 'Justin Wednesday', '2025-09-24'),
	(578, '2025-09-16 19:40:19.101242+00', 91, 'Stu home', '2025-09-16'),
	(587, '2025-09-18 10:57:51.787609+00', 46, 'Justin to farm', '2025-09-23'),
	(573, '2025-09-16 15:19:41.437+00', 80, 'Jake Wednesday', '2025-09-24'),
	(670, '2025-09-30 12:35:47.100735+00', 44, 'on site', '2025-10-06'),
	(596, '2025-09-18 14:56:19.818597+00', 55, 'stay on site', '2025-09-23'),
	(682, '2025-09-30 12:38:21.207534+00', 73, 'storage @ farm', '2025-09-30'),
	(689, '2025-09-30 12:39:27.512453+00', 84, 'storage @ farm', '2025-09-30'),
	(603, '2025-09-24 16:28:02.136557+00', 85, 'Mitch to Brigden', '2025-09-30'),
	(693, '2025-09-30 12:42:03.338704+00', 91, 'storage @ farm', '2025-09-30'),
	(701, '2025-09-30 13:03:19.787636+00', 79, 'GOING TO LAURIER', '2025-10-11'),
	(716, '2025-09-30 14:02:04.768698+00', 45, 'on site', '2025-10-04'),
	(720, '2025-09-30 14:02:14.837637+00', 85, 'on site', '2025-10-04'),
	(728, '2025-10-01 12:55:46.489351+00', 46, 'storage @ farm', '2025-10-03'),
	(734, '2025-10-01 12:56:41.208695+00', 56, 'storage @ farm', '2025-10-03'),
	(737, '2025-10-01 12:57:08.539571+00', 66, 'storage @ Dk', '2025-10-03'),
	(740, '2025-10-01 13:01:24.090092+00', 74, 'storage @ farm', '2025-10-03'),
	(743, '2025-10-01 13:01:31.179873+00', 77, 'storage @ farm', '2025-10-03'),
	(746, '2025-10-01 13:01:40.607658+00', 81, 'storage @ farm', '2025-10-03'),
	(755, '2025-10-06 12:43:28.18304+00', 48, 'storage @ farm', '2025-10-06'),
	(758, '2025-10-06 12:43:52.655911+00', 55, 'storage @ farm', '2025-10-06'),
	(761, '2025-10-06 12:44:07.229549+00', 65, 'storage @ farm', '2025-10-06'),
	(764, '2025-10-06 12:44:22.343988+00', 70, 'Storage @ KDR', '2025-10-06'),
	(767, '2025-10-06 12:44:32.702732+00', 75, 'storage @ farm', '2025-10-06'),
	(771, '2025-10-06 12:44:43.014803+00', 79, 'storage @ farm', '2025-10-06'),
	(774, '2025-10-06 12:44:59.14839+00', 88, 'storage @ farm', '2025-10-06'),
	(788, '2025-10-08 13:08:03.474718+00', 73, 'Justin early drop', '2025-10-14'),
	(791, '2025-10-08 13:33:26.613652+00', 90, 'Royal Load in Week ', '2025-10-31'),
	(794, '2025-10-08 17:52:48.973664+00', 50, 'FRIDAY NIGHT LIGHTS', '2025-10-12'),
	(564, '2025-09-15 14:26:16.192834+00', 92, '@ Laurier', '2025-10-10'),
	(797, '2025-10-10 17:32:31.807582+00', 5, 'Storage @ farm', '2025-10-11'),
	(800, '2025-10-14 13:10:50.28211+00', 58, 'IN USA', '2025-10-15'),
	(816, '2025-10-15 12:28:00.581939+00', 9, 'timberfell', '2025-10-15'),
	(822, '2025-10-15 12:51:56.365067+00', 92, 'storage @ farm', '2025-10-15'),
	(828, '2025-10-15 12:54:41.084868+00', 45, 'Mitch', '2025-10-15'),
	(853, '2025-10-16 15:02:47.896305+00', 56, 'OUT OF SERVICE', '2025-10-30'),
	(835, '2025-10-15 12:56:15.312999+00', 79, '@ laurier', '2025-10-15'),
	(834, '2025-10-15 12:55:53.134103+00', 65, 'storage @ KDR', '2025-10-15'),
	(838, '2025-10-16 12:23:04.898121+00', 9, 'timberfell', '2025-10-16'),
	(819, '2025-10-15 12:33:14.770988+00', 84, 'Stu delivery Sunday', '2025-10-24'),
	(841, '2025-10-16 12:56:55.78485+00', 74, 'Justin to farm', '2025-10-21'),
	(844, '2025-10-16 13:24:16.247458+00', 66, 'Storage @ Devins', '2025-10-15'),
	(847, '2025-10-16 13:33:16.493136+00', 91, 'Jake Delivery', '2025-10-22'),
	(850, '2025-10-16 13:33:51.73335+00', 65, 'Kyle', '2025-10-22'),
	(856, '2025-10-16 15:03:14.050889+00', 56, 'OUT OF SERVICE', '2025-10-27'),
	(872, '2025-10-20 12:44:33.038315+00', 56, 'OUT OF SERVICE', '2025-10-20'),
	(875, '2025-10-20 12:44:38.640988+00', 56, 'OUT OF SERVICE', '2025-10-22'),
	(876, '2025-10-20 12:44:40.244289+00', 56, 'OUT OF SERVICE', '2025-10-24'),
	(893, '2025-10-21 12:47:09.558591+00', 78, 'Devin tear down, home', '2025-10-28'),
	(894, '2025-10-21 12:47:16.954385+00', 78, 'Devin to the Royal', '2025-10-30'),
	(218, '2025-08-04 15:23:41.308497+00', 90, 'OUT OF SERVICE', '2025-08-11'),
	(222, '2025-08-04 15:24:09.405562+00', 91, 'on site @ CNE', '2025-08-07'),
	(229, '2025-08-04 15:24:59.130545+00', 93, 'on site @ CNE', '2025-08-07'),
	(629, '2025-09-26 12:42:22.851422+00', 93, 'Farm', '2025-09-26'),
	(633, '2025-09-26 12:44:49.637927+00', 93, 'on site', '2025-10-04'),
	(398, '2025-08-20 12:02:03.589898+00', 90, 'OUT OF SERVICE', '2025-08-22'),
	(644, '2025-09-29 12:44:42.806001+00', 68, 'Back in the USA', '2025-10-01'),
	(409, '2025-08-21 16:12:51.300449+00', 43, 'storage @ Timberfell', '2025-08-21'),
	(410, '2025-08-21 16:12:58.939072+00', 44, 'storage @ KDR', '2025-08-21'),
	(411, '2025-08-21 16:13:07.0304+00', 45, 'Mitch home', '2025-08-21'),
	(413, '2025-08-21 16:13:33.353015+00', 56, 'Storage @ KDR', '2025-08-21'),
	(414, '2025-08-21 16:13:53.04196+00', 59, 'Justin dropped @ Laurier early', '2025-08-21'),
	(415, '2025-08-21 16:14:11.440226+00', 59, 'on site ', '2025-08-22'),
	(416, '2025-08-21 16:14:17.364748+00', 59, 'on site ', '2025-08-23'),
	(417, '2025-08-21 16:14:20.460631+00', 59, 'on site ', '2025-08-24'),
	(418, '2025-08-21 16:14:23.474135+00', 59, 'on site ', '2025-08-25'),
	(422, '2025-08-21 16:15:07.867179+00', 68, 'storage @ farm', '2025-08-21'),
	(423, '2025-08-21 16:15:28.301204+00', 69, 'storage @ farm', '2025-08-21'),
	(424, '2025-08-21 16:15:45.782324+00', 77, 'storage @ farm', '2025-08-21'),
	(425, '2025-08-21 16:15:50.929782+00', 78, 'storage @ teen ranch', '2025-08-21'),
	(667, '2025-09-30 12:35:34.469199+00', 44, 'on site', '2025-10-03'),
	(440, '2025-08-22 13:32:03.321451+00', 67, 'storage @ farm', '2025-08-22'),
	(445, '2025-08-25 12:02:10.531792+00', 67, 'storage @ farm', '2025-08-25'),
	(450, '2025-08-26 10:56:47.122761+00', 53, 'on site  @ Black Creek', '2025-08-26'),
	(455, '2025-08-26 10:57:30.929493+00', 81, 'storage @ farm', '2025-08-26'),
	(469, '2025-08-27 11:35:37.680444+00', 90, 'OUT OF SERVICE', '2025-09-08'),
	(460, '2025-08-26 10:58:07.259934+00', 99, 'Just deliver early', '2025-08-26'),
	(474, '2025-08-27 13:35:12.508837+00', 103, 'Just deliver early', '2025-08-26'),
	(477, '2025-08-27 13:35:18.091641+00', 106, 'Just deliver early', '2025-08-26'),
	(482, '2025-08-28 12:56:28.198844+00', 66, 'Mitch farm', '2025-09-02'),
	(671, '2025-09-30 12:35:54.357092+00', 44, 'set up day', '2025-10-07'),
	(497, '2025-09-03 12:35:25.543023+00', 26, 'Mitch to Fergus, Drop', '2025-09-10'),
	(509, '2025-09-03 13:31:10.359155+00', 90, 'OUT OF SERVICE', '2025-09-10'),
	(514, '2025-09-03 16:54:22.723378+00', 84, 'Thronhill Renassiance ', '2025-09-26'),
	(679, '2025-09-30 12:37:57.167867+00', 65, 'storage @ farm', '2025-09-30'),
	(521, '2025-09-09 18:01:35.590983+00', 66, 'on site ', '2025-09-09'),
	(683, '2025-09-30 12:38:25.164249+00', 74, 'storage @ farm', '2025-09-30'),
	(684, '2025-09-30 12:38:27.961008+00', 75, 'storage @ farm', '2025-09-30'),
	(690, '2025-09-30 12:39:45.114683+00', 86, 'storage @ farm', '2025-09-30'),
	(694, '2025-09-30 12:42:05.594288+00', 92, 'storage @ farm', '2025-09-30'),
	(698, '2025-09-30 13:03:10.309714+00', 79, 'GOING TO LAURIER', '2025-10-08'),
	(526, '2025-09-10 15:47:24.967075+00', 1, 'Mitch  Tuesday', '2025-09-16'),
	(546, '2025-09-12 18:51:57.526973+00', 44, 'KDR Tuesday to Ancaster', '2025-09-16'),
	(553, '2025-09-12 18:58:10.894942+00', 58, 'Matt pick up', '2025-09-25'),
	(562, '2025-09-15 14:26:10.775689+00', 91, 'FRIDAY NIGHT LIGHTS', '2025-10-11'),
	(569, '2025-09-16 12:22:04.557413+00', 26, 'Devin', '2025-10-01'),
	(588, '2025-09-18 11:23:24.663416+00', 50, 'Jake home', '2025-09-24'),
	(592, '2025-09-18 11:57:11.980057+00', 93, 'Mitch', '2025-09-24'),
	(579, '2025-09-17 15:32:12.414883+00', 1, 'KDR to Timberfell', '2025-09-23'),
	(705, '2025-09-30 13:03:30.904104+00', 79, 'GOING TO LAURIER', '2025-10-12'),
	(709, '2025-09-30 13:59:08.679103+00', 47, 'Justin', '2025-10-07'),
	(605, '2025-09-24 16:30:10.407934+00', 88, 'jake to farm', '2025-09-30'),
	(612, '2025-09-25 16:54:53.856892+00', 45, 'Mitch to Brigden , Early drop.', '2025-10-02'),
	(713, '2025-09-30 13:59:25.694503+00', 93, 'Justin/ Jake set up', '2025-10-08'),
	(717, '2025-09-30 14:02:07.078511+00', 45, 'on site', '2025-10-05'),
	(723, '2025-09-30 14:02:36.547203+00', 88, 'Mitch', '2025-10-07'),
	(729, '2025-10-01 12:55:52.716923+00', 47, 'storage @ farm', '2025-10-03'),
	(735, '2025-10-01 12:56:51.116401+00', 58, 'IN USA', '2025-10-03'),
	(738, '2025-10-01 12:57:13.518376+00', 70, 'Storage @ KDR', '2025-10-03'),
	(741, '2025-10-01 13:01:26.57229+00', 75, 'storage @ farm', '2025-10-03'),
	(744, '2025-10-01 13:01:33.559125+00', 78, 'storage @ farm', '2025-10-03'),
	(747, '2025-10-01 13:01:45.579319+00', 84, 'storage @ farm', '2025-10-03'),
	(753, '2025-10-06 12:43:19.620703+00', 46, 'storage @ farm', '2025-10-06'),
	(756, '2025-10-06 12:43:35.070009+00', 50, 'storage @ farm', '2025-10-06'),
	(759, '2025-10-06 12:43:54.861409+00', 56, 'storage @ farm', '2025-10-06'),
	(762, '2025-10-06 12:44:11.57842+00', 66, 'storage @ Dk', '2025-10-06'),
	(765, '2025-10-06 12:44:28.065454+00', 73, 'storage @ farm', '2025-10-06'),
	(768, '2025-10-06 12:44:34.757409+00', 76, 'storage @ farm', '2025-10-06'),
	(772, '2025-10-06 12:44:47.607624+00', 81, 'storage @ farm', '2025-10-06'),
	(775, '2025-10-06 12:45:04.837001+00', 90, 'OUT OF SERVICE', '2025-10-06'),
	(780, '2025-10-07 18:26:29.345001+00', 56, '1 pm set up', '2025-10-15'),
	(786, '2025-10-08 12:27:21.258709+00', 91, 'Justin to Farm', '2025-10-13'),
	(789, '2025-10-08 13:08:08.928979+00', 74, 'jake early drop', '2025-10-14'),
	(792, '2025-10-08 13:33:28.677318+00', 90, 'Royal Load in Week ', '2025-11-01'),
	(702, '2025-09-30 13:03:22.242112+00', 50, 'FRIDAY NIGHT LIGHTS', '2025-10-09'),
	(565, '2025-09-15 14:26:19.10332+00', 92, '@ Laurier', '2025-10-11'),
	(798, '2025-10-10 17:33:43.688483+00', 8, 'Timberfell', '2025-10-11'),
	(801, '2025-10-14 13:43:16.712317+00', 57, 'Hyrox Chicago', '2025-11-10'),
	(814, '2025-10-15 12:23:27.992621+00', 8, 'timberfell', '2025-10-15'),
	(823, '2025-10-15 12:52:27.010456+00', 73, 'on site', '2025-10-15'),
	(826, '2025-10-15 12:52:59.99078+00', 43, 'timberfell', '2025-10-15'),
	(829, '2025-10-15 12:54:57.041043+00', 47, 'storage @ farm', '2025-10-16'),
	(832, '2025-10-15 12:55:34.860555+00', 53, 'storage @ Lombardy', '2025-10-15'),
	(836, '2025-10-16 12:22:52.551882+00', 5, 'storage @ farm', '2025-10-16'),
	(839, '2025-10-16 12:39:13.080622+00', 45, 'Mitch to farm', '2025-10-21'),
	(842, '2025-10-16 12:57:05.340831+00', 73, 'stay on site', '2025-10-22'),
	(845, '2025-10-16 13:24:22.835492+00', 78, 'Storage @ Farm', '2025-10-15'),
	(848, '2025-10-16 13:33:43.163262+00', 78, 'Justin', '2025-10-22'),
	(851, '2025-10-16 13:33:55.571555+00', 66, 'Devin', '2025-10-22'),
	(854, '2025-10-16 15:03:07.102768+00', 56, 'OUT OF SERVICE', '2025-10-29'),
	(857, '2025-10-16 15:03:19.966719+00', 56, 'OUT OF SERVICE', '2025-10-26'),
	(873, '2025-10-20 12:44:35.199503+00', 56, 'OUT OF SERVICE', '2025-10-21'),
	(877, '2025-10-20 12:44:41.869191+00', 56, 'OUT OF SERVICE', '2025-10-25'),
	(883, '2025-10-21 12:06:13.951898+00', 73, 'stay on site', '2025-10-23'),
	(884, '2025-10-21 12:06:15.895941+00', 73, 'stay on site', '2025-10-24'),
	(885, '2025-10-21 12:06:17.522242+00', 73, 'stay on site', '2025-10-25'),
	(886, '2025-10-21 12:06:19.070675+00', 73, 'stay on site', '2025-10-26'),
	(887, '2025-10-21 12:06:21.097611+00', 73, 'Mitch home', '2025-10-27'),
	(219, '2025-08-04 15:23:45.746835+00', 90, 'OUT OF SERVICE', '2025-08-12'),
	(223, '2025-08-04 15:24:11.756689+00', 91, 'on site @ CNE', '2025-08-08'),
	(226, '2025-08-04 15:24:44.144831+00', 92, 'Storage @ farm', '2025-08-05'),
	(230, '2025-08-04 15:25:01.418441+00', 93, 'on site @ CNE', '2025-08-08'),
	(630, '2025-09-26 12:44:36.223845+00', 93, 'KDR to rockton', '2025-09-30'),
	(634, '2025-09-26 12:44:55.098613+00', 93, 'on site', '2025-10-05'),
	(236, '2025-08-05 12:38:51.330188+00', 70, 'storage @ farm', '2025-08-05'),
	(237, '2025-08-05 12:39:08.982827+00', 26, 'Storage in Hall D, CNE', '2025-08-09'),
	(238, '2025-08-05 12:39:10.489749+00', 26, 'Storage in Hall D, CNE', '2025-08-10'),
	(239, '2025-08-05 12:39:12.105926+00', 26, 'Storage in Hall D, CNE', '2025-08-08'),
	(240, '2025-08-05 12:39:13.622381+00', 26, 'Storage in Hall D, CNE', '2025-08-07'),
	(241, '2025-08-05 12:39:15.340695+00', 26, 'Storage in Hall D, CNE', '2025-08-06'),
	(242, '2025-08-05 12:39:16.996458+00', 26, 'Storage in Hall D, CNE', '2025-08-05'),
	(243, '2025-08-05 12:39:27.587629+00', 44, 'storage @ Teen Ranch', '2025-08-05'),
	(244, '2025-08-05 12:39:30.912111+00', 45, 'storage @ Teen Ranch', '2025-08-05'),
	(245, '2025-08-05 12:39:47.60175+00', 49, 'Storage @ farm', '2025-08-05'),
	(246, '2025-08-05 12:40:24.595043+00', 58, 'storage @ farm', '2025-08-05'),
	(247, '2025-08-05 12:44:31.11316+00', 66, 'Mitch Home', '2025-08-07'),
	(248, '2025-08-05 12:44:50.156683+00', 73, 'Storage @ farm', '2025-08-05'),
	(249, '2025-08-05 12:44:58.020694+00', 74, 'Storage in Niagara', '2025-08-05'),
	(250, '2025-08-05 12:45:12.716439+00', 75, 'Storage in Niagara', '2025-08-05'),
	(251, '2025-08-05 12:45:20.306971+00', 76, 'Storage @ farm
', '2025-08-05'),
	(253, '2025-08-05 15:28:02.28293+00', 5, 'Mitch to Tilsonburg', '2025-08-13'),
	(399, '2025-08-20 12:02:05.673191+00', 90, 'OUT OF SERVICE', '2025-08-23'),
	(426, '2025-08-21 16:16:03.301594+00', 81, 'storage @ farm', '2025-08-21'),
	(256, '2025-08-05 15:30:09.743292+00', 49, 'Justin Deliver', '2025-08-13'),
	(257, '2025-08-05 15:45:02.763436+00', 73, 'Mitch Drop @ Devins', '2025-08-07'),
	(258, '2025-08-05 15:56:24.167461+00', 74, 'on site set up', '2025-08-08'),
	(259, '2025-08-05 15:56:35.71772+00', 74, 'on site set up', '2025-08-09'),
	(260, '2025-08-05 15:56:39.745981+00', 74, 'on site set up', '2025-08-10'),
	(261, '2025-08-05 15:56:43.944367+00', 75, 'on site set up', '2025-08-08'),
	(262, '2025-08-05 15:56:47.912767+00', 75, 'on site set up', '2025-08-09'),
	(263, '2025-08-05 15:56:51.764794+00', 75, 'on site set up', '2025-08-10'),
	(264, '2025-08-05 17:45:38.754633+00', 85, 'Justin to Barrie early drop', '2025-08-15'),
	(436, '2025-08-22 12:03:32.66999+00', 11, 'storage @ farm', '2025-08-22'),
	(645, '2025-09-29 12:44:45.277008+00', 68, 'Back in the USA', '2025-09-30'),
	(268, '2025-08-06 14:38:36.751824+00', 109, 'KDR 10', '2025-08-13'),
	(269, '2025-08-06 14:38:43.953997+00', 99, 'Justin 10', '2025-08-13'),
	(270, '2025-08-06 14:38:51.896804+00', 118, 'Devin 2', '2025-08-13'),
	(451, '2025-08-26 10:56:56.491103+00', 65, 'storage @ DK', '2025-08-26'),
	(456, '2025-08-26 10:57:40.594902+00', 90, 'OUT OF SERVICE', '2025-09-02'),
	(273, '2025-08-06 16:19:09.730961+00', 8, 'Storage @ Tims', '2025-08-07'),
	(274, '2025-08-06 16:19:14.876942+00', 9, 'Storage @ Tims', '2025-08-07'),
	(276, '2025-08-07 15:33:53.678693+00', 58, 'BACK TO THE USA!!!', '2025-09-23'),
	(470, '2025-08-27 11:35:42.147689+00', 90, 'OUT OF SERVICE', '2025-09-09'),
	(279, '2025-08-08 12:04:55.51994+00', 49, 'storage @ farm', '2025-08-08'),
	(280, '2025-08-08 12:05:03.807492+00', 49, 'storage @ farm', '2025-08-09'),
	(281, '2025-08-08 12:05:06.446825+00', 49, 'storage @ farm', '2025-08-10'),
	(282, '2025-08-08 12:05:12.438973+00', 49, 'storage @ farm', '2025-08-11'),
	(283, '2025-08-08 12:05:15.820853+00', 49, 'storage @ farm', '2025-08-12'),
	(284, '2025-08-08 12:12:25.96509+00', 85, 'Mitch to farm Tuesday', '2025-08-12'),
	(461, '2025-08-26 10:58:09.168187+00', 100, 'Just deliver early', '2025-08-26'),
	(475, '2025-08-27 13:35:14.442886+00', 104, 'Just deliver early', '2025-08-26'),
	(478, '2025-08-27 13:35:20.057148+00', 107, 'Just deliver early', '2025-08-26'),
	(483, '2025-08-29 14:11:48.208379+00', 90, 'OUT OF SERVICE', '2025-09-12'),
	(493, '2025-09-03 11:24:41.115889+00', 8, 'storage @ timberfell', '2025-09-03'),
	(498, '2025-09-03 12:41:04.909373+00', 58, 'Storage @ Milton', '2025-09-04'),
	(502, '2025-09-03 12:41:16.396048+00', 58, 'Storage @ Milton', '2025-09-08'),
	(506, '2025-09-03 12:41:24.149821+00', 55, 'Storage @ Milton', '2025-09-08'),
	(510, '2025-09-03 13:31:11.835392+00', 90, 'OUT OF SERVICE', '2025-09-11'),
	(515, '2025-09-03 16:54:29.36694+00', 84, 'Thronhill Renassiance ', '2025-09-27'),
	(656, '2025-09-29 16:02:11.457613+00', 90, 'Royal Load in Week ', '2025-10-27'),
	(527, '2025-09-10 16:15:27.41723+00', 65, 'Justin', '2025-09-17'),
	(664, '2025-09-30 12:35:08.632001+00', 26, 'Storage @ DK Ferrier', '2025-09-30'),
	(547, '2025-09-12 18:52:39.385283+00', 45, 'Mitch drop Tuesday in Ancaster', '2025-09-16'),
	(277, '2025-08-07 15:34:00.637325+00', 58, 'To Maine, Eastbound Storage', '2025-09-24'),
	(543, '2025-09-10 18:48:18.913331+00', 66, 'Devin home', '2025-09-17'),
	(554, '2025-09-12 19:00:26.872698+00', 90, 'OUT OF SERVICE', '2025-09-16'),
	(555, '2025-09-12 19:00:28.702253+00', 90, 'OUT OF SERVICE', '2025-09-17'),
	(556, '2025-09-12 19:00:30.710785+00', 90, 'OUT OF SERVICE', '2025-09-18'),
	(308, '2025-08-12 11:41:33.311538+00', 81, 'storage @ farm', '2025-08-12'),
	(557, '2025-09-12 19:00:32.512582+00', 90, 'OUT OF SERVICE', '2025-09-19'),
	(607, '2025-09-24 17:21:47.30039+00', 44, 'KDR to Rockton', '2025-09-30'),
	(558, '2025-09-12 19:00:34.528515+00', 90, 'OUT OF SERVICE', '2025-09-20'),
	(559, '2025-09-12 19:00:57.614905+00', 92, 'Devin to ancaster', '2025-09-16'),
	(522, '2025-09-10 13:04:32.078039+00', 76, 'set up day, bleacher on site as of sunday night', '2025-09-15'),
	(566, '2025-09-15 14:30:05.861449+00', 92, 'thursday', '2025-10-08'),
	(668, '2025-09-30 12:35:38.412405+00', 44, 'on site', '2025-10-04'),
	(580, '2025-09-17 15:32:22.462285+00', 1, 'Timberfell Bleacher', '2025-09-24'),
	(598, '2025-09-24 12:52:56.411723+00', 4, '', '2025-09-24'),
	(703, '2025-09-30 13:03:24.65133+00', 50, 'FRIDAY NIGHT LIGHTS', '2025-10-10'),
	(680, '2025-09-30 12:38:03.9159+00', 66, 'storage @ Dk', '2025-09-30'),
	(685, '2025-09-30 12:38:30.229096+00', 76, 'storage @ farm', '2025-09-30'),
	(617, '2025-09-26 12:40:27.165837+00', 50, 'Storage @ Farm', '2025-09-26'),
	(686, '2025-09-30 12:38:33.813343+00', 77, 'storage @ farm', '2025-09-30'),
	(691, '2025-09-30 12:39:57.740474+00', 89, 'storage @ farm', '2025-09-30'),
	(695, '2025-09-30 12:42:12.708413+00', 93, 'on site', '2025-10-06'),
	(699, '2025-09-30 13:03:15.188003+00', 79, 'GOING TO LAURIER', '2025-10-09'),
	(338, '2025-08-15 12:00:46.85248+00', 68, 'Justin to farm', '2025-08-15'),
	(339, '2025-08-15 12:00:51.368485+00', 69, 'Mitch to Farm', '2025-08-15'),
	(340, '2025-08-15 12:01:02.059661+00', 70, 'Justin to farm', '2025-08-15'),
	(710, '2025-09-30 13:59:18.742841+00', 44, 'Justin/ Jake set up', '2025-10-08'),
	(714, '2025-09-30 14:01:54.49575+00', 85, 'Mitch to Brigden , Early drop.', '2025-10-02'),
	(344, '2025-08-15 13:36:41.485094+00', 57, 'From Canada,', '2025-10-15'),
	(345, '2025-08-15 15:58:09.363043+00', 44, '', '2025-09-18'),
	(718, '2025-09-30 14:02:09.439371+00', 45, 'on site', '2025-10-06'),
	(721, '2025-09-30 14:02:16.986253+00', 85, 'on site', '2025-10-05'),
	(356, '2025-08-18 12:24:28.421845+00', 47, 'storage @ KDR', '2025-08-18'),
	(357, '2025-08-18 12:24:54.42074+00', 56, 'KDR home', '2025-08-18'),
	(899, '2025-10-21 12:48:23.353327+00', 78, 'on site, set up', '2025-11-05'),
	(900, '2025-10-21 12:48:24.807347+00', 78, 'on site, set up', '2025-11-06'),
	(906, '2025-10-21 14:39:17.092215+00', 46, 'farm', '2025-10-21'),
	(912, '2025-10-21 14:39:52.034424+00', 65, 'storage @ KDR', '2025-10-21'),
	(913, '2025-10-21 14:39:56.888018+00', 66, 'Storage @ Devins', '2025-10-21'),
	(914, '2025-10-21 15:39:40.164284+00', 91, 'Kyle to Laurier', '2025-10-27'),
	(915, '2025-10-21 15:42:34.067918+00', 89, 'KDR Delivery', '2025-10-30'),
	(916, '2025-10-21 15:42:38.638443+00', 89, 'Storage @ KDR', '2025-10-29'),
	(917, '2025-10-21 15:50:36.312811+00', 47, 'Justin to Royal', '2025-10-30'),
	(918, '2025-10-21 15:51:51.251222+00', 48, 'Mitch to Royal', '2025-10-30'),
	(919, '2025-10-21 15:53:25.238421+00', 50, 'Stu to Royal', '2025-10-30'),
	(920, '2025-10-21 15:53:31.386406+00', 53, 'Claire to Royal', '2025-10-30'),
	(921, '2025-10-21 16:10:32.616736+00', 26, 'Devin delivery', '2025-11-01'),
	(922, '2025-10-21 16:11:35.072395+00', 44, 'Justin delivery', '2025-11-01'),
	(923, '2025-10-21 16:11:50.3927+00', 45, 'Mitch delivery', '2025-11-01'),
	(930, '2025-10-22 12:36:12.132454+00', 76, 'Mitch home', '2025-10-27'),
	(931, '2025-10-22 12:36:46.44378+00', 85, 'KDR', '2025-10-24'),
	(932, '2025-10-22 12:37:56.37909+00', 84, 'Justin home ', '2025-11-01'),
	(933, '2025-10-22 12:38:01.036939+00', 85, 'KDR farm', '2025-11-01'),
	(934, '2025-10-22 12:38:06.006599+00', 88, 'Devin Farm', '2025-11-01'),
	(935, '2025-10-22 12:38:09.680644+00', 86, 'Stu Farm', '2025-11-01'),
	(936, '2025-10-22 12:40:55.54969+00', 55, 'Stu Delivery', '2025-11-01'),
	(937, '2025-10-22 12:41:05.511361+00', 50, 'on site, set up', '2025-10-31'),
	(938, '2025-10-22 12:41:09.192647+00', 50, 'on site, set up', '2025-11-01'),
	(939, '2025-10-22 12:41:10.701665+00', 50, 'on site, set up', '2025-11-02'),
	(940, '2025-10-22 12:41:12.203014+00', 50, 'on site, set up', '2025-11-03'),
	(941, '2025-10-22 12:41:13.661696+00', 50, 'on site, set up', '2025-11-04'),
	(942, '2025-10-22 12:41:15.157055+00', 50, 'on site, set up', '2025-11-05'),
	(943, '2025-10-22 12:41:16.743478+00', 50, 'on site, set up', '2025-11-06'),
	(944, '2025-10-22 12:41:18.596096+00', 53, 'on site, set up', '2025-10-31'),
	(945, '2025-10-22 12:41:20.458378+00', 53, 'on site, set up', '2025-11-01'),
	(946, '2025-10-22 12:41:22.429659+00', 53, 'on site, set up', '2025-11-02'),
	(947, '2025-10-22 12:41:24.304667+00', 53, 'on site, set up', '2025-11-03'),
	(948, '2025-10-22 12:41:25.929263+00', 53, 'on site, set up', '2025-11-04'),
	(949, '2025-10-22 12:41:27.435018+00', 53, 'on site, set up', '2025-11-05'),
	(950, '2025-10-22 12:41:28.892294+00', 53, 'on site, set up', '2025-11-06'),
	(951, '2025-10-22 12:41:32.54368+00', 47, 'on site, set up', '2025-10-31'),
	(952, '2025-10-22 12:41:34.199032+00', 47, 'on site, set up', '2025-11-01'),
	(953, '2025-10-22 12:41:35.631084+00', 47, 'on site, set up', '2025-11-02'),
	(954, '2025-10-22 12:41:37.520198+00', 47, 'on site, set up', '2025-11-03'),
	(955, '2025-10-22 12:41:39.190916+00', 47, 'on site, set up', '2025-11-04'),
	(956, '2025-10-22 12:41:40.659328+00', 47, 'on site, set up', '2025-11-05'),
	(957, '2025-10-22 12:41:42.322397+00', 47, 'on site, set up', '2025-11-06'),
	(958, '2025-10-22 12:41:44.208351+00', 48, 'on site, set up', '2025-10-31'),
	(959, '2025-10-22 12:41:47.058708+00', 48, 'on site, set up', '2025-11-01'),
	(960, '2025-10-22 12:41:48.52677+00', 48, 'on site, set up', '2025-11-02'),
	(961, '2025-10-22 12:41:50.142464+00', 48, 'on site, set up', '2025-11-03'),
	(962, '2025-10-22 12:41:51.651083+00', 48, 'on site, set up', '2025-11-04'),
	(963, '2025-10-22 12:41:53.367828+00', 48, 'on site, set up', '2025-11-05'),
	(964, '2025-10-22 12:41:54.916298+00', 48, 'on site, set up', '2025-11-06'),
	(965, '2025-10-22 12:42:30.71398+00', 57, 'KDR', '2025-11-01'),
	(928, '2025-10-22 12:32:36.458329+00', 46, 'storage @ farm', '2025-10-28'),
	(974, '2025-10-28 13:01:07.413323+00', 47, 'storage @ farm', '2025-10-28'),
	(975, '2025-10-28 13:01:09.051893+00', 48, 'storage @ farm', '2025-10-28'),
	(978, '2025-10-28 13:25:11.925317+00', 53, 'storage @ farm', '2025-10-28'),
	(979, '2025-10-28 13:25:21.4612+00', 50, 'storage @ farm', '2025-10-28'),
	(981, '2025-10-28 13:26:06.139183+00', 73, 'Farm', '2025-10-28'),
	(982, '2025-10-28 13:26:10.104658+00', 74, 'farm', '2025-10-28'),
	(983, '2025-10-28 13:26:13.711089+00', 75, 'farm', '2025-10-28'),
	(984, '2025-10-28 13:26:17.606095+00', 76, 'farm', '2025-10-28'),
	(985, '2025-10-28 13:26:21.272465+00', 77, 'farm', '2025-10-28'),
	(990, '2025-10-30 13:33:52.566843+00', 13, 'mitch', '2025-10-02'),
	(993, '2025-10-31 12:05:40.87771+00', 26, 'Devins', '2025-10-31'),
	(994, '2025-10-31 12:05:50.568869+00', 44, 'storage @ farm', '2025-10-31'),
	(995, '2025-10-31 12:05:52.698296+00', 45, 'storage @ farm', '2025-10-31'),
	(996, '2025-10-31 12:05:58.042582+00', 43, 'timberfell', '2025-10-31'),
	(997, '2025-10-31 12:06:08.432125+00', 46, 'storage @ farm', '2025-10-31'),
	(998, '2025-10-31 12:06:21.43425+00', 57, 'storage @ Farm', '2025-10-31'),
	(999, '2025-10-31 12:06:23.259884+00', 55, 'storage @ Farm', '2025-10-31'),
	(1000, '2025-10-31 12:06:30.60536+00', 58, 'IN USA', '2025-10-31'),
	(1001, '2025-10-31 12:06:40.592841+00', 65, 'storage @ Farm', '2025-10-31'),
	(1002, '2025-10-31 12:06:42.419198+00', 66, 'storage @ Farm', '2025-10-31'),
	(1003, '2025-10-31 12:06:48.54365+00', 68, 'in the USA', '2025-10-31'),
	(1004, '2025-10-31 12:06:57.932772+00', 73, 'storage @ Farm', '2025-10-31'),
	(1005, '2025-10-31 12:07:00.254739+00', 74, 'storage @ Farm', '2025-10-31'),
	(1006, '2025-10-31 12:07:02.44156+00', 75, 'storage @ Farm', '2025-10-31'),
	(1007, '2025-10-31 12:07:05.353368+00', 76, 'storage @ Farm', '2025-10-31'),
	(1008, '2025-10-31 12:07:08.107997+00', 77, 'storage @ Farm', '2025-10-31'),
	(1009, '2025-10-31 12:07:15.963886+00', 78, 'on site, set up', '2025-10-31'),
	(1010, '2025-10-31 12:07:28.779329+00', 79, '@ laurier', '2025-10-31'),
	(1011, '2025-10-31 12:07:42.128181+00', 91, '@ laurier', '2025-10-31'),
	(1012, '2025-10-31 12:07:48.189551+00', 93, '@ farm', '2025-10-31'),
	(1013, '2025-11-03 17:28:02.11286+00', 85, 'Devin', '2025-11-05'),
	(1014, '2025-11-03 17:28:05.688939+00', 86, 'Justin', '2025-11-05'),
	(1015, '2025-11-03 17:28:40.108841+00', 84, 'Justin', '2025-11-06'),
	(1017, '2025-11-04 00:10:40.468235+00', 88, 'storage @ farm', '2025-10-15'),
	(1016, '2025-11-04 00:10:35.4129+00', 88, 'Mitch back to farm', '2025-10-14'),
	(1018, '2025-11-04 16:30:11.682593+00', 70, '@ KDRS', '2025-11-04'),
	(1025, '2025-11-13 23:44:11.228221+00', 50, 'Mitch', '2025-11-17'),
	(1026, '2025-11-13 23:44:19.455877+00', 47, 'Justin', '2025-11-17'),
	(1027, '2025-11-13 23:45:31.83405+00', 26, 'Devin', '2025-11-17'),
	(1028, '2025-11-13 23:47:14.081709+00', 48, 'Kyle', '2025-11-17'),
	(1029, '2025-11-13 23:47:19.276223+00', 78, 'Dan', '2025-11-17'),
	(1030, '2025-11-13 23:47:23.483931+00', 53, 'Dan', '2025-11-17'),
	(1031, '2025-11-13 23:49:19.43643+00', 44, 'Claire', '2025-11-17'),
	(1032, '2025-11-13 23:51:34.020709+00', 45, 'Vanessa Hill', '2025-11-17'),
	(1033, '2025-11-13 23:53:43.190472+00', 49, 'Justin', '2025-11-18'),
	(1034, '2025-11-13 23:53:46.990304+00', 55, 'Devin', '2025-11-18'),
	(1035, '2025-11-13 23:53:50.587938+00', 57, 'Dan', '2025-11-18'),
	(1036, '2025-11-13 23:53:54.742339+00', 85, 'Kyle', '2025-11-18'),
	(1037, '2025-11-14 13:34:32.044013+00', 3, '', '2025-11-10'),
	(1040, '2025-11-19 14:54:16.842254+00', 26, 'Self pick up', '2026-06-29'),
	(1041, '2025-11-19 14:54:28.328555+00', 26, 'From Lucknow', '2026-06-30'),
	(1042, '2025-11-19 14:54:34.443274+00', 44, 'Self pick up', '2026-06-29'),
	(1043, '2025-11-19 14:54:36.347875+00', 45, 'Self pick up', '2026-06-29'),
	(1044, '2025-11-19 14:54:42.156406+00', 44, 'From Lucknow', '2026-06-30'),
	(1045, '2025-11-19 14:54:44.641953+00', 45, 'From Lucknow', '2026-06-30'),
	(1046, '2025-11-19 14:54:51.793533+00', 55, 'Units early ', '2026-06-29'),
	(1051, '2025-11-19 14:55:28.452754+00', 59, 'from lucknow', '2026-06-30'),
	(1047, '2025-11-19 14:55:06.634269+00', 55, 'from lucknow', '2026-06-30'),
	(1048, '2025-11-19 14:55:12.351654+00', 57, 'Units early ', '2026-06-29'),
	(1049, '2025-11-19 14:55:14.608046+00', 59, 'Units early ', '2026-06-29'),
	(1050, '2025-11-19 14:55:26.707092+00', 57, 'from lucknow', '2026-06-30'),
	(1053, '2025-11-19 18:52:40.874836+00', 45, 'going 2 sign', '2026-06-04'),
	(1055, '2025-11-19 18:53:01.034059+00', 44, 'Delivery right from', '2026-06-02'),
	(1056, '2025-11-19 18:53:09.833378+00', 44, 'Lansdowne Rodeo', '2026-06-03'),
	(1057, '2025-11-19 18:53:14.965201+00', 45, 'Delivery right from', '2026-06-02'),
	(1058, '2025-11-19 18:53:19.695811+00', 45, 'Lansdowne Rodeo', '2026-06-03'),
	(1065, '2025-11-20 17:58:44.805864+00', 69, 'To Florida After', '2026-01-09'),
	(1066, '2025-11-20 17:58:49.410809+00', 70, 'To Florida After', '2026-01-09'),
	(1078, '2025-11-24 20:26:17.682612+00', 86, 'set up', '2025-10-08'),
	(1079, '2025-11-24 20:33:30.809726+00', 89, 'right to Rockton', '2025-10-07'),
	(1080, '2025-11-25 15:57:44.478443+00', 60, 'To Florida After', '2025-12-29'),
	(1021, '2025-11-07 16:59:04.105991+00', 44, '@ Matts ', '2025-12-01'),
	(1081, '2025-12-01 13:26:15.397583+00', 1, '@ Timberfell', '2025-12-01'),
	(1082, '2025-12-01 13:26:34.170166+00', 8, '@ Timberfell', '2025-12-01'),
	(1083, '2025-12-01 13:26:40.034722+00', 9, '@Timberfell', '2025-12-01'),
	(1084, '2025-12-02 18:01:17.558997+00', 84, 'delivery day', '2025-12-10'),
	(1054, '2025-11-19 18:52:43.234307+00', 57, '', '2026-06-04'),
	(1085, '2025-12-02 18:01:21.926719+00', 85, '', '2025-12-10'),
	(1086, '2025-12-18 18:49:49.517679+00', 68, 'Can deliver on the 6th', '2026-04-08'),
	(1087, '2025-12-18 18:49:57.129081+00', 69, 'Can deliver on the 6th', '2026-04-08'),
	(1052, '2025-11-19 18:52:36.119944+00', 44, '', '2026-06-04'),
	(1088, '2025-12-30 15:17:00.707874+00', 59, 'Delivery right from', '2026-06-02'),
	(1089, '2025-12-30 15:17:05.96207+00', 59, 'Lansdowne Rodeo', '2026-06-03'),
	(1090, '2025-12-30 15:18:02.537701+00', 69, 'delivery right', '2026-06-03'),
	(1091, '2025-12-30 15:18:13.558356+00', 69, ' from lansdowne', '2026-06-04'),
	(1092, '2026-01-02 15:44:38.955903+00', 44, 'Justin', '2026-01-08');


--
-- Data for Name: Drivers; Type: TABLE DATA; Schema: public; Owner: postgres
--

INSERT INTO "public"."Drivers" ("driver_id", "created_at", "user_id", "tax", "pay_rate_cents", "pay_currency", "pay_per_unit", "is_active", "account_manager_uuid") VALUES
	(9, '2025-11-14 21:26:46.751199+00', 37, 13, 4500, 'CAD', 'HR', true, NULL),
	(1, '2025-08-05 22:04:43.271758+00', 20, 25, 455, 'CAD', 'HR', true, NULL),
	(11, '2025-12-06 01:43:18.342114+00', 46, 0, 300, 'CAD', 'KM', true, NULL),
	(8, '2025-10-10 16:47:08.981771+00', 30, 13, 300, 'CAD', 'KM', true, 'b9c64484-356b-40aa-8d31-82de8df9700e'),
	(7, '2025-10-10 16:46:45.803082+00', 29, 13, 400, 'CAD', 'KM', true, 'b9c64484-356b-40aa-8d31-82de8df9700e'),
	(4, '2025-10-10 13:18:26.345782+00', 26, 13, 400, 'CAD', 'KM', true, 'b9c64484-356b-40aa-8d31-82de8df9700e'),
	(5, '2025-10-10 16:45:08.963723+00', 27, 0, 3300, 'CAD', 'KM', true, 'b9c64484-356b-40aa-8d31-82de8df9700e'),
	(3, '2025-10-10 13:16:32.851556+00', 25, 0, 0, 'CAD', 'KM', true, 'b9c64484-356b-40aa-8d31-82de8df9700e'),
	(2, '2025-10-10 12:45:26.9873+00', 24, 0, 0, 'CAD', 'KM', true, 'b9c64484-356b-40aa-8d31-82de8df9700e'),
	(10, '2025-12-06 01:42:13.835927+00', 45, 0, 0, 'CAD', 'KM', true, '0f5a4794-d521-47ec-8e50-9b7f6bebcda6'),
	(12, '2025-12-18 17:30:46.962791+00', 47, 0, 300, 'CAD', 'KM', true, '08d9105d-c455-419d-92f4-49907f19c324'),
	(13, '2025-12-18 17:31:57.229371+00', 48, 0, 325, 'CAD', 'KM', true, '08d9105d-c455-419d-92f4-49907f19c324'),
	(14, '2025-12-18 17:33:01.936083+00', 49, 0, 300, 'CAD', 'KM', true, '08d9105d-c455-419d-92f4-49907f19c324'),
	(15, '2025-12-18 17:33:53.395811+00', 50, 0, 300, 'CAD', 'KM', true, '08d9105d-c455-419d-92f4-49907f19c324'),
	(16, '2025-12-18 17:40:29.401632+00', 51, 0, 300, 'CAD', 'KM', true, '08d9105d-c455-419d-92f4-49907f19c324'),
	(17, '2025-12-18 17:43:42.070995+00', 52, 0, 300, 'CAD', 'KM', true, '08d9105d-c455-419d-92f4-49907f19c324'),
	(6, '2025-10-10 16:45:43.001958+00', 28, 13, 400, 'CAD', 'KM', true, 'b9c64484-356b-40aa-8d31-82de8df9700e');


--
-- Data for Name: TaskStatuses; Type: TABLE DATA; Schema: public; Owner: postgres
--

INSERT INTO "public"."TaskStatuses" ("task_status_id", "created_at", "label", "hex") VALUES
	(1, '2025-06-25 19:58:53.605355+00', 'Backlog', '#e6e6e6'),
	(2, '2025-06-26 00:03:01.919047+00', 'Approved', '#e6e6e6'),
	(3, '2025-06-26 00:03:29.553141+00', 'In Progress', '#7b9ee8'),
	(4, '2025-06-26 00:03:53.563918+00', 'Paused', '#e87be3'),
	(5, '2025-06-26 00:04:08.352358+00', 'In Staging', '#7be8c0'),
	(6, '2025-06-26 00:04:31.949746+00', 'Complete', '#86e87b');


--
-- Data for Name: TaskTypes; Type: TABLE DATA; Schema: public; Owner: postgres
--

INSERT INTO "public"."TaskTypes" ("task_type_id", "created_at", "label") VALUES
	(1, '2025-06-25 19:54:07.998867+00', 'Feature'),
	(2, '2025-06-25 19:54:18.31956+00', 'Bug');


--
-- Data for Name: Tasks; Type: TABLE DATA; Schema: public; Owner: postgres
--

INSERT INTO "public"."Tasks" ("task_id", "created_at", "name", "description", "created_by_user_id", "task_type_id", "task_status_id") VALUES
	(1, '2025-06-26 00:43:36.324324+00', 'Roadmap', 'Add Features Log. Add a button to the top right by the bell called “Request Feature” This could be a google form or document if its possible but it could also be a fully coded page. It should allow users to create a new feature request, label them as a feature or a bug, track who submitted the request. Then if they get approved we can see the actual roadmap and update the roadmap whenever.', 8, 1, 6),
	(7, '2025-06-26 00:46:48.216314+00', 'SetupTeardown Alert Fix', 'Get rid of alert when teardown and setup are overlapping by just one day.', 8, 1, 2),
	(9, '2025-06-26 00:48:01.885869+00', 'User Permissions Bug', 'When a user first creates an account it turns them into an account manager if they were an admin. Do capitals in the email do weird things?', 8, 2, 1),
	(6, '2025-06-26 00:46:24.468119+00', 'Bleacher Location', 'Beside the bleacher number, put the city(first) and province/state(second). Also add an address field to the teardown and white space block so the bleacher location can use it. The bleacher location logic should be to find today and look left to find the last address. This is where the bleacher should be. If it''s currently in an event, then use this address.', 8, 1, 6),
	(3, '2025-06-26 00:45:33.918833+00', 'Bleacher Colours', 'Bring back the coloured labels for bleacher dashboard', 8, 1, 6),
	(2, '2025-06-26 00:44:44.196943+00', 'Remove Home Base Rule', 'Remove Rule stating events must be within a home base.

NOTE FROM JOSH:
If you''re an admin, you can create any event, anywhere. If you''re an Account Manager you can only create/edit/delete events within your home base. I know this will need to be changed in the future but since we''re all admins it seems like the most logical way to go.', 8, 1, 6),
	(4, '2025-06-26 00:45:55.472515+00', 'Event Link Field', 'Add link field to event details. If there is a link in the url field, display a good shuffle logo beside the Event Name and make it clickable. When you click the link it opens the good shuffle page in a new tab.', 8, 1, 6),
	(5, '2025-06-26 00:46:11.341863+00', 'Scroll to top', 'When you select an event, scroll to the top of the dashboard so you can see the selected bleachers.', 8, 1, 6),
	(16, '2025-06-27 18:49:06.661234+00', 'sorting by event location', 'events under Y axis should be able to sort by province and state,    Make this a multi select.

Here is a demo: https://www.loom.com/share/36399ffc1c4a4f5da9299bf511843708?sid=e1e62544-a2bd-4910-b3ba-8dcda8f89143', 14, 1, 6),
	(14, '2025-06-26 19:31:46.114245+00', 'Description for Asset', 'JOSH: Add new column to the bleacher table called description

When adding a bleacher, it would be handy to have a drop down for hitch type: Bumper, or Gooseneck. This is helpful when scheduling drivers for delivery as not all drivers have both hitches on their trucks. 

Also for the 4 rows it would be nice to label if they are hinging or not. 

Add ', 13, 1, 2),
	(17, '2025-06-27 18:53:16.543143+00', 'add driver', 'add user type,  driver,    add or invite possible. Don''t send invite email just add to database', 14, 1, 6),
	(13, '2025-06-26 18:53:58.541255+00', 'Update Cell Click Outside the modal', 'When I edit a cell in the dashboard I try to copy all the text by highlighting the text with the mouse but a lot of the time I release the mouse button outside the popup and this closes it. Can you change this functionality to maybe only close the pop up with the mouse button was pressed and released outside the modal to ensure that it was closed intentionally?', 8, 1, 6),
	(10, '2025-06-26 00:48:22.355155+00', 'Add Contact Info To Event', 'This contact info would be defining who should be contacted when the driver arrives with the bleachers. This will mainly come in handy when the driver app comes out.', 8, 1, 3),
	(15, '2025-06-27 18:45:31.324919+00', 'sameday setup teardown', 'sameday setup teardown looks weird. This is actually an issue with an event that is only one day long, and has same day setup and teardown. I gotta find a way to make this not look so bad.', 8, 2, 4),
	(21, '2025-08-01 14:17:05.483578+00', 'Tax to work tracker', 'under driver assign tax percent (optional)', 8, 1, 6),
	(19, '2025-07-02 17:38:49.421378+00', 'Laggy when typing', 'Sometimes it''s laggy when typing on a block. Look into it', 8, 2, 6),
	(24, '2025-08-01 14:41:46.986027+00', 'Default Template', 'A template would be preselected with home bases on the bleacher view and preselected with states/provinces on the event view. A user should be able to build their own template by selecting this data and then by default they would only see this data everytime they log in.', 8, 1, 2),
	(22, '2025-08-01 14:29:37.969041+00', 'POC On Event & Autopoulate Work Tracker', 'Put a POC field on the event config. then when linking a worktracker pickup event you can auto populate the POC to the WT', 8, 1, 3),
	(18, '2025-06-27 20:09:50.380504+00', 'Work Trackers', 'Setup Block should have
Select a driver from a drop down list
Should have a toggle for selecting a primary driver. If there is already another primary driver then it should display a popup saying are you sure you want to change primary driver from [Name] to [New Name]?
Cannot change drop off address and you don’t even need to see it.
Pickup address can be the bleachers last event, the bleachers home base, or an arbitrary address.
Both P/O & D/O POC should be just a text field for now.
DATE: Should this be selectable within the setup range?-doesn’t look like it. Default to the first date in the setup range?
TIME: a lot of the time you put morning, any, or you’ll put a specific time. How would you want to handle this? JUST A TEXT FIELD.
EXTERNAL NOTES ( VISIBLE TO THE DRIVER ON WORK TRACKER)
Should still be able to just type in text while this feature is in its infancy. Maybe we could put an icon on it if it has a work tracker configured?
The block on the dashboard should always be populated with the driver name first and then any additional INTERNAL/DASHBOARD notes that the AM wrote. These notes should not be visible to the driver on the work tracker just on the dashboard.


If an address is specified in a teardown or a regular block this should be considered when calculating todays location for this bleacher.


Event Details POC fields should be
Just Name and Phone fields.

Work trackers page
Allow for fully manual input.
Export to xlsx
Should be able to click on a row and edit it like you clicked on a setup/teardown block. These edits should change on the dashboard too.

Just make sure everything is editable and then download as PDF.
', 8, 1, 6),
	(25, '2025-08-06 17:14:34.410444+00', 'Laggy only in yellow boxes', 'when typing in yellow boxes sometimes the text can take like 8 seconds to update.', 8, 1, 1),
	(20, '2025-07-28 15:00:40.312656+00', 'Prompt For Creating An Event With No Bleachers', 'When someone first creates an event they tend to forget to add a bleacher to it so I think if someone clicks save event with no bleachers selected, you should see a prompt saying "Forgetting something? 🥴"  Then maybe some text saying that this event has no bleachers selected. Do you want to select a bleacher for this event before saving? - Yes/ No', 8, 1, 2),
	(26, '2025-08-06 17:17:24.925995+00', 'Bleacher info on work tracker', 'In the bleacher number column, include the hitch type and the number of rows. This means I''ll need to add a new field to the bleacher in the assets page called "Hitch type" and then someone is going to need to input all the hitch types in the existing bleachers.', 8, 1, 1),
	(27, '2025-08-06 17:24:07.048882+00', 'Work Tracker Location should affect bleache location', 'Now that we have work trackers the drop off location of the work tracker should affect the bleacher location on the sticky left column.', 8, 1, 1),
	(28, '2025-08-15 15:50:21.583591+00', 'Bug when scrolling down on events axis', 'When you scroll down on the events axis it throws a client side exception.', 9, 2, 2),
	(29, '2025-08-15 15:58:59.910257+00', 'override colors', 'add a setting in event tab so that we can over ride the color of the event', 14, 1, 1),
	(30, '2025-08-15 16:00:16.791895+00', 'Allow users to choose color on event', 'Incase a color is too close to other events', 8, 1, 2),
	(31, '2025-08-15 16:01:45.783573+00', 'Displaying bleacher id instead of bleacher number in work tracker', 'It''s showing the bleacher id not the bleacher number in the work trascker in work trackers page. So in production bleacher 43 is displaying as bleacher 44', 8, 2, 2),
	(32, '2025-08-19 15:26:56.581781+00', 'Pre selected Dashboard', 'Assign bleachers by number to users,   thesew numbers should be the ones they see on there home screen,    Each user will only be allowed to adit the numbers they are assigned to.  

Maybe a toggle button to show all or show just the bleachers they get to see would be usfull

Admin or full access should be granted for managers

Temp access should be available with date ranges,  for example,  denver uses a florida bleachers for 3 months in the summer,  he can have temp access to that bleachers between set dates,  IE.  June 15 to Sept 21,   at that point,  it will show up for denver,  

Maybe this can be greyed out for the owner of the use during these dates and opened up for the new user,   

The idea is that only one user should have access to a bleachers (the responsible person) at one time,   other then the manager. 

', 14, 1, 1),
	(33, '2025-10-29 12:28:53.363974+00', 'search bar', 'Add a search bar for event look up', 14, 1, 1),
	(34, '2025-10-30 13:46:02.110987+00', 'edit the work tracker page', 'would like this to show each week,  then under the week show the list of drivers,   rather then the drivers then the week.  


Then we have a check box that states when the drivers are ready to be paid,  and another to check after they were paid.  

Seperate list for canadian drivers and us drivers', 14, 1, 1),
	(35, '2025-10-30 13:53:20.863908+00', 'default to summer homebase', 'move the bleacher sorting to a toggle switch on th etop,    default list shows summer homebase,   toggle  to switch to winter or all bleachers.  ', 14, 1, 1),
	(36, '2025-11-13 14:09:10.685741+00', 'Dashboard and KPI''s', 'I''d like to create a dashboard with metrics that are public for all to see.   

But i''m woundering if we need a private list that shows only the login users events in a list sorted by date,  so they can easily switch the event to confirmed,  rather then going in the dashboard list.  
 

Anyways,   forward looking metrics are. 

# of Quotes sent, 
Value of quotes sent
# of signed quotes, 
Value of signed quotes,  


Evergreen metrics.  (past looking) 
Main metric = ROI on assets under managerment.  (total asset value under manager / Gross profit)

Sub KPI''s to get this number,  
Total value of events (using event starting date for entire event value)

Total costs of delivery,   =. all work trackers totals.  

Gross margin percentage = total event value divided by total costs of delvery(work trackers)

Gross profit = Total event value - total cost of delvery

Total bleacher value,   = total value of bleachers under management,  (winter is dec 1 to juine 1,  summer is june 1 to dec 1,).   we will require to put value of each asset in the suystem for this.  
  ', 14, 1, 1),
	(37, '2025-11-14 18:10:41.998799+00', 'Wrapped Text', 'Could we wrap the text in the box? Just to make it look neater especially when we have event to event quotes. ', 21, 1, 1),
	(38, '2025-11-14 18:48:31.406189+00', 'Home Base when entering events', 'If I am entering an event in SC or NC and selecting bleachers, it won''t create event because it says " can''t find home base".', 21, 2, 1),
	(39, '2025-11-17 20:50:47.343293+00', 'Account manager access', 'Account managers will need to have access to the work trackers on the left side. When I switched from Admin to Account manager, Assets, team and work trackers all became hidden for me. - Denver ', 12, 1, 1),
	(40, '2025-11-18 20:40:48.524247+00', 'Drivers App', 'Pre/Post Trip Inspections- Google form already created.  Drivers accepting/approving delivery/pick up (delivery confirmation check box- then it asks did you do your post trip inspection- allow to add set up photos etc) Documents- upload documents drivers need ie- blue books.  Instructional videos- on our website already www.bleacherrentals.com/driver Password:BRdriver. Ability to send documents for signatures ie: rate cards, policies etc. Driver profile- phone number, email, address, do they have storage space for bleachers,  upload drivers license, medical card etc to profile.  Messaging feature- send/receive messages like text with drivers right through the app. ', 13, 1, 1),
	(41, '2025-11-18 20:43:12.263236+00', 'Maintenance ', 'Be able to book a bleacher out for maintenance so the team knows when a bleacher is out of service for repairs.(highlight in red) Allow to add address of shop if being taken to a shop for repairs. ', 13, 1, 1),
	(42, '2025-12-06 01:43:57.837075+00', 'drivers rate', 'When changing drivers rate it wont let me choose usd or mile/hourly. ', 14, 2, 1),
	(43, '2025-12-10 13:20:57.746328+00', 'Work tracker- no bleachers', 'Josh, just doing the work trackers this week.. anyway there can be an option of not selecting a bleacher? 99% of the time this is for when we have to do site visits.. that could be an option maybe there is a bleacher called " Site Visit" or just an option to select no bleacher.  But I need to be able to put this line item on the work trackers.  Call/ msg me if this is confusing. thanks!', 12, 1, 1),
	(23, '2025-08-01 14:36:52.789356+00', 'Pay Auto Populate', 'Use Google Maps API to get the distrance to drive for the driver. Use non-toll roads. 

Add driver rate field to driver config based on milage. $ per Km maybe do the mile drop down if easy and not a rabit hole.

Adjust rate (+/-) dollars to the driver pay on the work tracker.', 8, 1, 6);


--
-- Data for Name: UserHomeBases; Type: TABLE DATA; Schema: public; Owner: postgres
--

INSERT INTO "public"."UserHomeBases" ("user_home_base_id", "created_at", "user_id", "home_base_id") VALUES
	(109, '2025-11-17 20:50:21.670767+00', 12, 5),
	(110, '2025-11-17 20:50:21.670767+00', 12, 9),
	(111, '2025-11-17 20:50:21.670767+00', 12, 11),
	(112, '2025-11-17 20:50:35.060172+00', 21, 1),
	(113, '2025-11-17 20:50:35.060172+00', 21, 2),
	(114, '2025-11-17 20:50:35.060172+00', 21, 3),
	(10, '2025-05-27 18:23:29.146043+00', 13, 1),
	(11, '2025-05-27 21:32:03.360621+00', 9, 2),
	(12, '2025-05-27 21:32:03.360621+00', 9, 5),
	(115, '2025-11-17 20:50:35.060172+00', 21, 4),
	(116, '2025-11-17 20:50:35.060172+00', 21, 5),
	(117, '2025-11-17 20:50:35.060172+00', 21, 6),
	(118, '2025-11-17 20:50:35.060172+00', 21, 7),
	(119, '2025-11-17 20:50:35.060172+00', 21, 8),
	(120, '2025-11-17 20:50:35.060172+00', 21, 9),
	(121, '2025-11-17 20:50:35.060172+00', 21, 10),
	(122, '2025-11-17 20:50:35.060172+00', 21, 11),
	(123, '2025-11-17 20:50:35.060172+00', 21, 12),
	(124, '2025-11-17 20:50:35.060172+00', 21, 13),
	(125, '2025-11-17 20:50:35.060172+00', 21, 14),
	(126, '2025-11-17 20:50:35.060172+00', 21, 15),
	(127, '2025-11-21 15:08:19.948988+00', 11, 1),
	(128, '2025-11-21 15:08:19.948988+00', 11, 2),
	(129, '2025-11-21 15:08:19.948988+00', 11, 3),
	(130, '2025-11-21 15:08:19.948988+00', 11, 4),
	(131, '2025-11-21 15:08:19.948988+00', 11, 5),
	(132, '2025-11-21 15:08:19.948988+00', 11, 6),
	(133, '2025-11-21 15:08:19.948988+00', 11, 7),
	(134, '2025-11-21 15:08:19.948988+00', 11, 8),
	(135, '2025-11-21 15:08:19.948988+00', 11, 9),
	(136, '2025-11-21 15:08:19.948988+00', 11, 10),
	(137, '2025-11-21 15:08:19.948988+00', 11, 11),
	(138, '2025-11-21 15:08:19.948988+00', 11, 12),
	(139, '2025-11-21 15:08:19.948988+00', 11, 13),
	(140, '2025-11-21 15:08:19.948988+00', 11, 14),
	(141, '2025-11-21 15:08:19.948988+00', 11, 15),
	(59, '2025-10-29 15:15:42.818569+00', 31, 1),
	(70, '2025-11-03 18:01:09.623353+00', 34, 7);


--
-- Data for Name: UserRoles; Type: TABLE DATA; Schema: public; Owner: postgres
--

INSERT INTO "public"."UserRoles" ("id", "created_at", "role") VALUES
	(1, '2025-05-21 16:30:21.98697+00', 'Account Manager'),
	(2, '2025-05-21 16:30:27.435782+00', 'Administrator'),
	(3, '2025-08-04 20:01:37.440338+00', 'Driver');


--
-- Data for Name: UserStatuses; Type: TABLE DATA; Schema: public; Owner: postgres
--

INSERT INTO "public"."UserStatuses" ("id", "created_at", "status") VALUES
	(1, '2025-05-21 16:29:54.749727+00', 'Invited'),
	(2, '2025-05-21 16:30:01.377311+00', 'Active'),
	(3, '2025-05-21 16:30:07.124225+00', 'Inactive');


--
-- Data for Name: WorkTrackers; Type: TABLE DATA; Schema: public; Owner: postgres
--

INSERT INTO "public"."WorkTrackers" ("work_tracker_id", "created_at", "user_id", "date", "pickup_time", "pickup_poc", "dropoff_time", "dropoff_poc", "pay_cents", "notes", "bleacher_id", "internal_notes", "driver_id", "pickup_address_uuid", "dropoff_address_uuid") VALUES
	(4, '2025-08-15 15:11:14.908803+00', 20, '2025-08-22', NULL, NULL, NULL, NULL, NULL, NULL, 69, NULL, NULL, NULL, NULL),
	(5, '2025-08-15 15:58:35.136305+00', 20, '2025-09-18', NULL, NULL, NULL, NULL, NULL, NULL, 44, NULL, NULL, NULL, NULL),
	(6, '2025-08-15 16:15:21.076252+00', 20, '2025-08-21', NULL, NULL, NULL, NULL, NULL, NULL, 99, NULL, NULL, NULL, NULL),
	(7, '2025-08-15 16:15:36.977314+00', 20, '2025-08-21', NULL, NULL, NULL, NULL, NULL, 'fdf', 99, NULL, NULL, NULL, NULL),
	(8, '2025-08-15 16:23:57.365415+00', 20, '2025-08-21', NULL, NULL, NULL, NULL, NULL, NULL, 92, NULL, NULL, NULL, NULL),
	(9, '2025-08-19 19:19:22.822638+00', 20, '2025-08-20', NULL, NULL, NULL, NULL, NULL, NULL, 80, NULL, NULL, NULL, NULL),
	(10, '2025-08-19 20:35:44.609046+00', 20, '2025-09-12', NULL, NULL, NULL, NULL, NULL, NULL, 9, NULL, NULL, NULL, NULL),
	(14, '2025-08-27 17:08:02.831395+00', 20, '2025-09-03', NULL, NULL, NULL, NULL, NULL, NULL, 26, NULL, NULL, NULL, NULL),
	(15, '2025-10-05 14:22:48.663963+00', 20, '2025-09-02', '8am', NULL, '4pm', NULL, NULL, NULL, 88, NULL, NULL, NULL, NULL),
	(20, '2025-10-16 13:01:20.547468+00', 24, '2025-10-20', '8am', '(416) 587-0003- Ross', '-', '-', NULL, 'Tear down Only** Please fold this unit up, it will be staying on site, as the triple crown may end up using.', 75, NULL, NULL, NULL, NULL),
	(21, '2025-10-16 13:02:05.161476+00', 24, '2025-10-20', '8am', '(416) 587-0003- Ross', '-', '-', NULL, 'Tear down only** Please fold this unit up, and move it out of the way. Triple Crown may use it next week.', 73, NULL, NULL, NULL, NULL),
	(13, '2025-08-20 17:20:56.58331+00', 20, '2025-08-25', NULL, NULL, NULL, NULL, NULL, NULL, 8, NULL, NULL, '8b9dea1c-596d-40a8-8799-2f7d8964a450', 'f2a0281f-79fc-4b37-b061-36847210437e'),
	(2, '2025-08-04 20:34:58.387942+00', 20, '2025-08-05', 'pick up time', 'pick up poc', 'drop off time', 'drop off poc', 12312, 'notes', 4, NULL, NULL, 'f53e5543-2eb5-4100-8257-8ab8021a9c90', 'fcb9f73d-71d0-4dac-be01-7e1953a3751a'),
	(3, '2025-08-06 16:00:41.641447+00', 20, '2025-08-13', '8am', 'julie', '9pm', 'julue- 727 828 3823 ', 45500, 'please call julie when arriving', 85, NULL, NULL, '917fd1d3-723a-4276-8249-67dd98ee4487', '094d9900-d44f-4279-b934-2afe8ed7b731'),
	(11, '2025-08-20 12:18:22.406224+00', 20, '2025-08-25', NULL, NULL, NULL, NULL, NULL, NULL, 10, NULL, NULL, 'c84d4201-bf1f-45f7-91ab-ac6bde15a10a', '5a0ac116-f6de-4cbc-a5db-872bfa22ce37'),
	(12, '2025-08-20 12:20:58.429683+00', 20, '2025-08-25', NULL, NULL, NULL, NULL, NULL, NULL, 11, NULL, NULL, '10807457-c749-4de3-a20b-38bbdbb6b362', '0c369990-9efa-4e0b-9c6f-0c413e13e810'),
	(35, '2025-11-04 19:12:25.346313+00', 24, '2025-11-10', '7:30 am', 'Fern- 519 242-0819', '/', '/', NULL, 'Tearing down 10 row from Laurier, bringing back to the farm ', 79, NULL, NULL, '205f28ba-5d6b-45ff-ad87-0bb750e70c3f', '2a4497a1-2322-4829-8ccb-3f5ed8ee293a'),
	(36, '2025-11-04 19:30:18.859362+00', 24, '2025-11-11', '/', 'Jennifer  (519) 770-6858', '8 am set up', '/', NULL, 'Taking 7 row with Devin, to Brantford for set up', 77, NULL, NULL, '7903bfdd-8bb5-4137-8700-091209f32e5d', '27936e19-f91d-4e54-9273-6b2cbf6afa03'),
	(17, '2025-10-15 15:26:53.407705+00', 24, '2025-10-20', '8am', '(416) 587-0003- Ross', '- ', '-', NULL, 'tearing down Ram Rodeo event with Jake, bringing #90 15 row back to the farm.', 93, NULL, NULL, 'ccb7e0c5-126e-432a-9377-db8f2ec9876c', '65f3f25b-79e4-4983-b916-8fbfae73c031'),
	(19, '2025-10-16 12:38:23.90041+00', 25, '2025-10-20', '11 am ', 'Mike- 615-478-0051', '-', '-', NULL, 'tearing down 15 row form La Plata Monster Truck event- taking back to the farm ', 44, NULL, NULL, '25015345-c5d1-48e5-b9ed-adcf1c3bbd77', '1c001142-d81f-484d-9169-e07b04687c6a'),
	(22, '2025-10-16 13:05:00.965617+00', NULL, '2025-10-26', '-', '', '10 am', 'Mike- (716) 278-2104', NULL, 'taking a 10 row for set up at Kickboxing event, inside the Niagara Convention Center US Side. I emailed you a map for entry, can call Mike when arriving. Stu Devin and Kyle also going.. Kyle will have the carnets for you to use so please coordinate with him.', 86, NULL, NULL, 'e3b0e39b-e26b-4473-8882-537b737f4064', '146ac848-d285-454d-b0fc-4d2a3c396732'),
	(18, '2025-10-15 15:28:42.488007+00', 24, '2025-10-20', '8am', '(416) 587-0003- Ross', '-', '-', NULL, 'heading back after, to grab the 7 row and bringing to the farm', 74, NULL, NULL, 'b494bc3b-c7ac-47b9-aef2-d5012c418484', '8a91d68b-76a7-43f2-ac8e-5a3788692040'),
	(37, '2025-11-04 19:31:57.036037+00', 24, '2025-11-11', '12:30 pm', 'Jennifer   (519) 770-6858', '/', '/', NULL, 'tearing down 7 row, taking back to the farm.', 77, NULL, NULL, '1f0464d4-f980-4ecb-8bae-bb76703a332d', '0930ca1d-b1a5-4b27-83d8-9bbcf4659c01'),
	(39, '2025-11-07 20:10:19.137894+00', NULL, '2025-10-05', NULL, NULL, NULL, NULL, NULL, NULL, 89, NULL, NULL, '5ce7efa1-809b-48a8-8f89-55ffc889bcb6', 'ae7b0156-6b8e-4ab5-bfc6-30c452776c40'),
	(23, '2025-10-17 19:28:08.690066+00', NULL, '2025-10-17', NULL, NULL, NULL, NULL, NULL, NULL, 8, NULL, NULL, 'fe034674-23c1-4a75-8607-c2a9e527bc16', '8ffebfa2-20c9-4ded-b2a2-2e37b3977f1f'),
	(16, '2025-10-10 12:40:17.888484+00', 24, '2025-10-12', 'pickup time', 'pickup poc', 'dropoff time', 'drop off poc', 2000000, 'Driver notes', 2, NULL, NULL, 'e4f50159-6d7a-4ee5-b3e9-a3b616f24ed0', 'a7183c75-e5ce-42af-8d6d-f4d117914725'),
	(24, '2025-10-22 15:35:15.031342+00', 24, '2025-10-27', '8am', 'Don- (519) 323-7982', '-', '-', NULL, 'Tearing down Ancaster with Jake and Mitch- bringing the VIP back to the farm', 46, NULL, NULL, 'fe0cc914-7905-4cb0-885f-a6da7770cedb', '13f17bea-b447-4a36-afd2-0c99fbea988d'),
	(25, '2025-10-22 15:35:55.873273+00', 24, '2025-10-28', '8am', 'Don- (519) 323-7982', '-', '-', NULL, 'second run back to Ancaster, to Haul #63 home', 65, NULL, NULL, 'aadd7639-9e33-40ae-a3df-0c3ed399ec5f', '1c5d8227-dc73-4136-81dc-61decb34fc49'),
	(33, '2025-11-04 16:20:52.934491+00', 24, '2025-11-13', 'Second Run, After Laurier', 'Aaron-365-324-0150. ', '/', '/', NULL, 'Tearing down 10 row, taking back to the farm.', 84, NULL, NULL, '8f4ed9e1-b40c-415f-b9d0-008da9c19a98', '42e57167-ed0a-4110-8994-8e50ca2d95a9'),
	(27, '2025-10-27 13:10:45.65747+00', 25, '2025-11-01', '10 pm', 'Mike 2727 2727272 ', '-', NULL, NULL, 'test ', 88, NULL, NULL, '2597af32-922e-43ee-9cfa-c0fc98ad82c7', '87012e1e-7ad2-4afe-8e98-296b51355a4a'),
	(42, '2025-11-14 21:42:07.093717+00', 37, '2025-11-17', '7:00 AM', 'Andy Bernard', '11:00 AM', 'Michael Scott', 11343, 'Make sure you use the back entrance at CN Tower. Call Michael if you have any probelms - 519 872 7202', 63, NULL, NULL, '495e0a28-0749-4358-8c29-ba352d78bb8c', 'd4c69e9a-7f06-48b2-956b-d75c53942d14'),
	(26, '2025-10-27 12:58:30.12976+00', 24, '2025-10-31', '10:30 pm', 'Mike- 823-223-2322', '-', '-', 12000, 'Tearing down Kickboxing event, bringing 10 row back to the farm', 84, NULL, NULL, '27fbdbe2-38bb-48f2-8b05-2e66bcadfbef', '0d25af84-f2ee-4b4a-8a16-de26bee5e0ab'),
	(28, '2025-10-27 13:13:26.348451+00', 25, '2025-10-02', NULL, NULL, NULL, NULL, NULL, NULL, 13, NULL, NULL, '7fe03d37-bea0-48a5-bdce-9179d9ddbe28', 'de5033d0-4a9b-428f-8d9c-bf6921d42f54'),
	(32, '2025-11-04 16:18:43.981033+00', 28, '2025-11-10', '10 am', 'Justin- BR Driver', '/', '/', 46950, 'Tearing down 10 row with Justin, hauling it back to the farm.', 86, NULL, NULL, 'd574654d-64ed-4b7d-a072-c938b6e1ba31', '122d7306-45b7-4167-a084-eba8968708a7'),
	(45, '2025-11-24 16:11:35.345109+00', 37, '2025-11-24', 'pikc up', NULL, NULL, NULL, 37462, 'use back door', 4, 'this driver is cool', NULL, 'd9b8fbc9-284e-427f-8cb4-098dc23b4d47', 'ea348344-5907-4cd2-b4c3-bb5a50f0d7e4'),
	(38, '2025-11-04 19:33:41.354547+00', 24, '2025-11-10', '7:30 am ', 'Fern-519 242-0819', '/', '/', NULL, 'tearing down 15 row with Kyle and Devin, bringing back to the farm.', 10, NULL, NULL, 'd7abffe3-1f9b-40e7-86b3-2aeac92707aa', '977945ef-c3de-48b9-aa61-80eb06b57e0c'),
	(40, '2025-11-12 15:45:59.268282+00', 24, '2025-11-21', '9am', 'steve 236232323', '10 am', '/', 237862, 'testing testing ', 80, 'Tear down 20$', NULL, '89332000-0a15-42ac-8988-566e91252dfa', 'f6c6d81d-f96a-4d67-814f-fba2d9920374'),
	(41, '2025-11-14 15:35:12.060622+00', 24, '2025-11-21', 'SET UP', NULL, 'SET UP', NULL, 9000, NULL, 80, NULL, NULL, 'b3eaf952-afc1-4220-85be-c0b44af5ea54', '4511a61c-47b3-4c9d-9c31-4cd3de9a95bc'),
	(47, '2025-12-03 14:06:15.181773+00', 24, '2025-12-09', '-', '', '8am', '657-975-2579- Shaun', NULL, 'Taking 10 row to film shoot for set up.  ***Indoors***  Please contact Shaun when on site. and he will guide you to the door..', 80, NULL, NULL, '536f088e-9555-43ec-92f8-f008fe6c960f', 'b84a1700-3f7b-4787-bd12-484cece4edc0'),
	(51, '2025-12-22 20:58:19.382027+00', 47, '2025-12-29', NULL, '', NULL, 'Kayla: 561-472-8496', 95800, 'Call Kayla and let her know when you plan to drop off.', 28, NULL, NULL, '6b995d54-dcb7-44dc-b0d2-96f0c4a1a494', '2c159ffb-e0ce-4f71-9aa6-0d4b66b433b9'),
	(52, '2025-12-22 21:00:14.304353+00', 47, '2025-12-30', NULL, NULL, NULL, 'Kayla: 561-472-8496', 95800, 'Call Kayla and let her know when you plan to drop', 41, NULL, NULL, '519e1572-2411-4bf4-97c7-a9c537a909de', '7e801ba6-27d0-48d9-b340-18df192ac301'),
	(53, '2026-01-02 13:20:55.201656+00', 25, '2026-01-04', '9am', '-', '5pm', 'steve- 901-232-3232', NULL, 'same delivery as last year for Robotics- they will have wood to help with the tricky entry and getting up the slope. Please call Steve 30 minutes out and his team will be ready for you', 55, NULL, NULL, 'b6223f90-5c70-455c-affa-a452f5195910', '96a2c53a-72ab-491f-b7eb-148bea5680b9'),
	(49, '2025-12-04 13:15:16.751844+00', 25, '2025-12-10', '-', 'Justin ( Br Driver)', '10:30 am ', NULL, NULL, 'taking a 10 row from the Farm to Ancaster Fairgrounds, for set up inside the AEC building. Please coordinate with Justin.', 84, NULL, NULL, 'e786ef5d-a02f-4a98-a58e-89df3ac9df96', 'e53f0eca-4095-438b-9272-0ca62831b872'),
	(48, '2025-12-04 13:07:55.359908+00', 24, '2025-12-10', '9:30 am', '', '10:30 am ', '647-534-6227- Katie ', NULL, 'Taking a 10 row, with Mitch- to Ancaster Fairgrounds for set up. These will be going in the AEC building. Please contact Katie when on site. ', 89, NULL, NULL, 'd56e081a-bbad-4eca-ae68-1453d679ff9a', '85f2ba7e-1ecf-46ba-a991-73d04b46f9c5'),
	(54, '2026-01-02 15:44:21.135593+00', 24, '2026-01-08', '-', NULL, '9am', '519-330-7270- Scott', NULL, 'Taking 15 row to International for set up. KDR x 2 and Stu and Claire also going.  Bleachers going in Hall 5- south door for entrance. Please call Scott when arriving.', 44, NULL, NULL, '28a1580d-649a-47f7-9828-0b2e43cb14fd', '6b101384-e6da-453a-8988-49450a4bb6e8'),
	(56, '2026-01-02 19:07:49.067177+00', 29, '2026-01-08', '-', '-', '9am', 'Justin (Br Driver)', 57242, 'taking 15 row to international center for set up. Justin will be the lead on this one. Hall 5, entrance is through the south door', 59, NULL, NULL, '101b68aa-2c48-424b-983b-b2fbb00f2abb', 'a30c36fc-883f-49f1-882f-ee95d825dd25'),
	(57, '2026-01-02 19:08:52.607009+00', 29, '2026-01-08', '-', '-', '9am', 'Justin (Br Driver)', 57242, 'Taking 15 row for set up at the Motorcross Event. Justin will be the lead. Please make sure bleacher is clean.', 93, NULL, NULL, '7bdfb7a8-79b3-4ef8-8ca1-43acf97aad9f', '894922c1-cb00-485e-8d38-dd6d9da6edd4'),
	(58, '2026-01-02 19:09:54.912986+00', 26, '2026-01-08', '-', '-', '9am', 'Justin ( Br Driver)', 57242, NULL, 69, '15 row set up @ International Center for Motorcross show. Justin will be the lead. Going into Hall 5, south door entrance.', NULL, '86e7fd62-7b67-4728-b754-64d8215c4a00', 'ab79bce2-e149-4adf-94bf-f31c3133097c'),
	(59, '2026-01-02 19:10:55.189988+00', 26, '2026-01-08', '-', '-', '9am', 'Justin (BR Driver)', 57242, '15 row set up @ international center for Motorcross show. Justin will be the lead. Going into Hall 5, via the south entrance', 70, NULL, NULL, 'e7283b7c-5045-4771-8a96-84049482e767', '8f78e73c-77a9-42ed-8fcc-f3952329dcd1');


--
-- Data for Name: buckets; Type: TABLE DATA; Schema: storage; Owner: supabase_storage_admin
--



--
-- Data for Name: buckets_analytics; Type: TABLE DATA; Schema: storage; Owner: supabase_storage_admin
--



--
-- Data for Name: buckets_vectors; Type: TABLE DATA; Schema: storage; Owner: supabase_storage_admin
--



--
-- Data for Name: iceberg_namespaces; Type: TABLE DATA; Schema: storage; Owner: supabase_storage_admin
--



--
-- Data for Name: iceberg_tables; Type: TABLE DATA; Schema: storage; Owner: supabase_storage_admin
--



--
-- Data for Name: objects; Type: TABLE DATA; Schema: storage; Owner: supabase_storage_admin
--



--
-- Data for Name: prefixes; Type: TABLE DATA; Schema: storage; Owner: supabase_storage_admin
--



--
-- Data for Name: s3_multipart_uploads; Type: TABLE DATA; Schema: storage; Owner: supabase_storage_admin
--



--
-- Data for Name: s3_multipart_uploads_parts; Type: TABLE DATA; Schema: storage; Owner: supabase_storage_admin
--



--
-- Data for Name: vector_indexes; Type: TABLE DATA; Schema: storage; Owner: supabase_storage_admin
--



--
-- Data for Name: hooks; Type: TABLE DATA; Schema: supabase_functions; Owner: supabase_functions_admin
--



--
-- Name: refresh_tokens_id_seq; Type: SEQUENCE SET; Schema: auth; Owner: supabase_auth_admin
--

SELECT pg_catalog.setval('"auth"."refresh_tokens_id_seq"', 1, false);


--
-- Name: BleacherUsers_bleacher_user_id_seq; Type: SEQUENCE SET; Schema: public; Owner: postgres
--

SELECT pg_catalog.setval('"public"."BleacherUsers_bleacher_user_id_seq"', 622, true);


--
-- Name: Bleachers_bleacher_id_seq; Type: SEQUENCE SET; Schema: public; Owner: postgres
--

SELECT pg_catalog.setval('"public"."Bleachers_bleacher_id_seq"', 185, true);


--
-- Name: Blocks_block_id_seq; Type: SEQUENCE SET; Schema: public; Owner: postgres
--

SELECT pg_catalog.setval('"public"."Blocks_block_id_seq"', 1092, true);


--
-- Name: Drivers_driver_id_seq; Type: SEQUENCE SET; Schema: public; Owner: postgres
--

SELECT pg_catalog.setval('"public"."Drivers_driver_id_seq"', 17, true);


--
-- Name: Events_id_seq; Type: SEQUENCE SET; Schema: public; Owner: postgres
--

SELECT pg_catalog.setval('"public"."Events_id_seq"', 274, true);


--
-- Name: HomeBases_home_base_id_seq; Type: SEQUENCE SET; Schema: public; Owner: postgres
--

SELECT pg_catalog.setval('"public"."HomeBases_home_base_id_seq"', 15, true);


--
-- Name: TaskStatuses_task_status_id_seq; Type: SEQUENCE SET; Schema: public; Owner: postgres
--

SELECT pg_catalog.setval('"public"."TaskStatuses_task_status_id_seq"', 1, false);


--
-- Name: TaskTypes_task_type_id_seq; Type: SEQUENCE SET; Schema: public; Owner: postgres
--

SELECT pg_catalog.setval('"public"."TaskTypes_task_type_id_seq"', 1, false);


--
-- Name: Tasks_task_id_seq; Type: SEQUENCE SET; Schema: public; Owner: postgres
--

SELECT pg_catalog.setval('"public"."Tasks_task_id_seq"', 43, true);


--
-- Name: UserHomeBases_user_home_base_id_seq; Type: SEQUENCE SET; Schema: public; Owner: postgres
--

SELECT pg_catalog.setval('"public"."UserHomeBases_user_home_base_id_seq"', 141, true);


--
-- Name: UserRoles_id_seq; Type: SEQUENCE SET; Schema: public; Owner: postgres
--

SELECT pg_catalog.setval('"public"."UserRoles_id_seq"', 3, true);


--
-- Name: UserStatuses_id_seq; Type: SEQUENCE SET; Schema: public; Owner: postgres
--

SELECT pg_catalog.setval('"public"."UserStatuses_id_seq"', 3, true);


--
-- Name: Users_user_id_seq; Type: SEQUENCE SET; Schema: public; Owner: postgres
--

SELECT pg_catalog.setval('"public"."Users_user_id_seq"', 52, true);


--
-- Name: WorkTrackers_work_tracker_id_seq; Type: SEQUENCE SET; Schema: public; Owner: postgres
--

SELECT pg_catalog.setval('"public"."WorkTrackers_work_tracker_id_seq"', 59, true);


--
-- Name: hooks_id_seq; Type: SEQUENCE SET; Schema: supabase_functions; Owner: supabase_functions_admin
--

SELECT pg_catalog.setval('"supabase_functions"."hooks_id_seq"', 1, false);


--
-- PostgreSQL database dump complete
--

-- \unrestrict JtsuLCWDzCCyeGH3FHSDGpHArs3CSGe6rouLzyYPuW1H66GEcYj3EjKYkb7NAOF

RESET ALL;
